id,name,lat,lng,area,rating,review_count,avg_price_aed
al-barsha-2,Bedashing Beauty Lounge Al Barsha,25.1124,55.2044,Al Barsha 2,4.7,396,
al-warqa,Bedashing Beauty Lounge Al Warqa City Mall,25.1900,55.3850,Al Warqa,4.7,280,
city-walk,Bedashing Beauty Lounge City Walk,25.2038,55.2593,City Walk,4.6,454,
jumeirah-park,Bedashing Beauty Lounge Jumeirah Park,25.0453,55.1531,Jumeirah Park,4.8,158,
mirdif-35,Bedashing Beauty Lounge Mirdif 35,25.2160,55.4200,Mirdif,4.6,568,
nad-al-sheba,Bedashing Beauty Lounge Nad Al Sheba,25.1750,55.3300,Nad Al Sheba,4.6,319,
al-safa-2,Bedashing Beauty Lounge Al Safa 2,25.1858,55.2410,Al Safa 2,4.6,98,
palm-jumeirah,Bedashing Beauty Lounge Palm Jumeirah,25.1130,55.1380,Palm Jumeirah,4.9,38,
sheikh-zayed-road,Bedashing Beauty Lounge Sheikh Zayed Road,25.1180,55.2015,Al Barsha 1 (Sheikh Zayed Road),,,
