id,name_en,lat,lng,population_total,population_female
jebel-ali-industrial-first,Jebel Ali Industrial First,24.986,55.117,198228,
muhaisnah-second,Muhaisnah Second,25.287,55.406,148832,
al-quoz-industrial-second,Al Quoz Industrial Second,25.13,55.23,128867,
warsan-first,Warsan First,25.165,55.41,108176,
hor-al-anz,Hor Al Anz,25.275,55.328,85080,
dubai-investment-park-second,Dubai Investment Park Second,24.995,55.16,80118,
jebel-ali-first,Jebel Ali First,25.035,55.115,77363,
al-karama,Al Karama,25.248,55.303,76591,
al-murqabat,Al Murqabat,25.268,55.323,73879,
mirdif,Mirdif,25.216,55.42,66736,
al-nahda-second,Al Nahda Second,25.298,55.368,64458,
dubai-investment-park-first,Dubai Investment Park First,24.99,55.168,63094,
dubai-marina,Dubai Marina,25.08,55.14,62570,
al-bada,Al Bada,25.23,55.275,58437,
naif,Naif,25.27,55.301,53403,
al-souk-al-kabir,Al Souk Al Kabir,25.263,55.298,52439,
al-quoz-third,Al Quoz Third,25.145,55.24,50190,
al-muteena,Al Muteena,25.268,55.321,49276,
al-rifa,Al Rifa,25.26,55.296,48546,
al-qusais,Al Qusais,25.275,55.38,48378,
al-barsha-first,Al Barsha First,25.108,55.205,41532,
al-mankhool,Al Mankhool,25.256,55.295,41244,
al-satwa,Al Satwa,25.226,55.271,40997,
al-thanyah-fifth,Al Thanyah Fifth,25.07,55.145,40957,
al-murar,Al Murar,25.276,55.309,40456,
al-rashidiya,Al Rashidiya,25.235,55.382,38408,
al-hamriya,Al Hamriya,25.265,55.306,38215,
muhaisnah-fourth,Muhaisnah Fourth,25.295,55.41,35861,
al-nahda-first,Al Nahda First,25.29,55.356,32757,
al-barsha-south-fourth,Al Barsha South Fourth,25.07,55.22,29087,
al-warqaa-first,Al Warqaa First,25.19,55.385,26405,
al-baraha,Al Baraha,25.28,55.316,26115,
palm-jumeirah,Palm Jumeirah,25.113,55.138,25050,
al-jafiliya,Al Jafiliya,25.24,55.296,25033,
business-bay,Business Bay,25.187,55.2631,23943,
hor-al-anz-east,Hor Al Anz East,25.282,55.333,22143,
downtown-dubai,Downtown Dubai,25.1972,55.2744,21862,
jumeirah-first,Jumeirah First,25.228,55.253,21496,
al-garhoud,Al Garhoud,25.24,55.345,20168,
al-mizhar-first,Al Mizhar First,25.22,55.43,17498,
al-barsha-second,Al Barsha Second,25.115,55.205,16417,
al-mamzar,Al Mamzar,25.295,55.335,16901,
al-twar-first,Al Twar First,25.29,55.37,14403,
jumeirah-third,Jumeirah Third,25.205,55.24,14188,
al-khawaneej-one,Al Khawaneej One,25.245,55.445,13634,
umm-suqeim-second,Umm Suqeim Second,25.145,55.21,13236,
umm-suqeim-first,Umm Suqeim First,25.155,55.215,12468,
al-wasl,Al Wasl,25.2,55.26,12185,
al-safa-first,Al Safa First,25.19,55.245,9043,
nad-al-sheba-first,Nad Al Sheba First,25.175,55.33,6589,
