id,name,category,lat,lng
osm-n10010543040,Sakura Beauty Spa,beauty,25.117396,55.391332
osm-n10013378717,Only you salon,beauty,25.06004,55.225947
osm-n10124204376,,hairdresser,25.002069,55.252562
osm-n10128891842,Pink Lady Beauty Salon and Spa,hairdresser,25.215992,55.374938
osm-n10206814973,Jacques La Coupe,hairdresser,25.081085,55.137876
osm-n10206814974,Jacques La Coupe,hairdresser,25.077087,55.140365
osm-n10255757629,Al Ray Gento Salon,hairdresser,25.148002,55.403393
osm-n10255757642,Beauty Care Ladies Salon,hairdresser,25.145807,55.401433
osm-n10266951352,Le Michel Salons Downtown Dubai,beauty,25.192369,55.280955
osm-n10267652084,Le Michel Salons Palm Jumeirah,beauty,25.108296,55.142678
osm-n10276022251,eforea spa,beauty,25.105151,55.146143
osm-n10283322333,Clairebelle Ladies Salon,beauty,24.98696,55.20314
osm-n10302244416,Maja Beauty Bar,beauty,25.155143,55.290987
osm-n10302244419,L'instant Beauty Salon,hairdresser,25.158302,55.295126
osm-n10314674081,Esthetics Connection Beauty Lounge,beauty,25.110428,55.384459
osm-n10315497032,Sheba Beauty Lounge,hairdresser,25.111842,55.384346
osm-n10315497035,Brown Sugar Hair Salon,hairdresser,25.112244,55.383697
osm-n10572500479,Ameera Beauty Salon,hairdresser,25.148979,55.389338
osm-n10572598775,Heya Beauty Salon,hairdresser,25.151004,55.389326
osm-n10574565407,Color Fusion Ladies Beauty Salon,hairdresser,25.151325,55.392429
osm-n10614197038,Fadwa Beauty Centre,beauty,25.220746,55.27449
osm-n10829926166,Oscar Style,hairdresser,25.06312,55.237998
osm-n10836773405,Cosmo Secrets,beauty,25.118847,55.377276
osm-n10970453814,Always On Show,hairdresser,25.059561,55.215392
osm-n11010435955,LIV27,hairdresser,25.089392,55.153083
osm-n11012436570,Sugar,beauty,25.084576,55.144855
osm-n11012436597,Shakirovna,hairdresser,25.072383,55.132967
osm-n11012454828,Sandhi,beauty,25.251726,55.306404
osm-n11057698513,Laurence Beauty Salon,beauty,25.100814,55.172863
osm-n11136999161,Kinky Afro,beauty,25.07691,55.146956
osm-n11136999169,Style Nation,beauty,25.077058,55.147892
osm-n11163348009,Luca Stoppony,beauty,25.079266,55.150336
osm-n11163348013,Mary,beauty,25.078934,55.150261
osm-n11210134324,ZORUMI,hairdresser,25.178639,55.246604
osm-n11340450487,صالون سمارت برايم للرجال,hairdresser,25.235117,55.309385
osm-n11398933864,One,hairdresser,25.251167,55.302538
osm-n11398936154,Spritz Lounge,hairdresser,25.251837,55.302955
osm-n11500426585,Hairsilk Ladies Salon,beauty,25.070509,55.132606
osm-n11558453766,Bellaliza,hairdresser,25.057348,55.212939
osm-n11558579627,Lush nails,beauty,25.059212,55.21212
osm-n11827111829,Anila's Beauty Center,hairdresser,25.287102,55.369912
osm-n11830019297,Fabiola Beauty Saloon,hairdresser,25.282672,55.353255
osm-n11830420894,Al Anhar Beauty Saloon,beauty,25.280887,55.349382
osm-n11876742011,Cezar Palace,hairdresser,25.070727,55.245227
osm-n11876792846,Beardo,hairdresser,25.064252,55.246776
osm-n11876811308,The Retreat,beauty,25.063661,55.248207
osm-n11897029049,Topline Salon,hairdresser,25.063188,55.243193
osm-n12101221001,Beauty Pulse,beauty,25.122324,55.375767
osm-n12110837502,91,beauty,25.108597,55.376559
osm-n12117421002,Al Marfa Star,beauty,25.113916,55.386988
osm-n12120233084,Ombre,beauty,25.11644,55.372372
osm-n12205444971,Tara Rose Salon,hairdresser,25.052565,55.231346
osm-n12205444976,La Maison De Amelie,beauty,25.05283,55.23172
osm-n12294191714,ابتسامة الموضة التجميل,beauty,25.308268,55.378354
osm-n12294191814,صالون منهاتن للسيدات,beauty,25.305404,55.381622
osm-n12294192115,صالون البدور للر جال,hairdresser,25.302977,55.376882
osm-n12294192304,Aladdin Kids Saloon,hairdresser,25.303764,55.375224
osm-n12294192403,صالون قص و اساوب للحلا قة,hairdresser,25.308297,55.378378
osm-n12330664834,Simply Beauty,beauty,25.302075,55.380224
osm-n12330664854,Susana Beauty Salon,beauty,25.300025,55.378155
osm-n12343763122,Zahrat Al Sajah Ladies Salon,beauty,25.301758,55.374486
osm-n12343763126,Hayyakom Saloon,hairdresser,25.301596,55.375135
osm-n12343763127,,beauty,25.301585,55.375175
osm-n12343763134,Helen Beauty Salon,beauty,25.301455,55.375676
osm-n12343763147,الجمال المدهس,beauty,25.29899,55.367698
osm-n12358180746,Nouveau Beauty Salon,beauty,25.192148,55.399786
osm-n12398587683,Her Styles,beauty,25.278422,55.384886
osm-n12398609817,King of Kashmeer,hairdresser,25.289372,55.39332
osm-n12398609855,Golden Queen,beauty,25.285951,55.351095
osm-n12408059346,White Saffron,beauty,25.289318,55.393284
osm-n12439005633,Caro Ladies Beauty Center & Spa,hairdresser,25.193443,55.245201
osm-n12471863553,Awtar Beauty Center,beauty,25.324109,55.382032
osm-n12498810680,Qasir Al Nouf Hairdressing Salon,hairdresser,25.302813,55.378328
osm-n12500325902,Purity lounge,hairdresser,25.074063,55.138967
osm-n12789460857,Cabello Lounge,hairdresser,25.043193,55.159558
osm-n12789460859,Sasha Salon,beauty,25.043053,55.159417
osm-n12789460865,The Great British Salon,beauty,25.04298,55.159893
osm-n12823680631,N.Bar Nail Spa & Salon,beauty,25.042676,55.160054
osm-n12985407090,Moonlash Ladies Beauty Salon,beauty,25.173332,55.307319
osm-n13042905116,Sandhya Beauty Salon,beauty,25.193487,55.405884
osm-n13185260732,Pour Elle - Body Hair Nails,hairdresser,25.068954,55.130148
osm-n13288312568,Afroglam Beauty Dubai,hairdresser,25.071503,55.128519
osm-n13293807454,Lullaby Beauty Lounge,beauty,25.07157,55.128239
osm-n1338572888,Muwailaiha Sharjah,hairdresser,25.300001,55.441618
osm-n13411228199,Smitha's Roses Dew Beauty Lounge,beauty,25.28243,55.397877
osm-n13412870601,Star Plus,beauty,25.112995,55.191977
osm-n13412881901,Magic Gardens,beauty,25.111774,55.190869
osm-n13412882001,Pout,beauty,25.111606,55.190909
osm-n13414899855,Be Relax Spa,beauty,25.249154,55.361013
osm-n13426907269,glitter girls,beauty,25.257096,55.285343
osm-n13426976601,Aura,hairdresser,25.254552,55.284264
osm-n13428102447,blush,beauty,25.2529,55.286211
osm-n13428244979,Juice Salon Meadows,beauty,25.054111,55.171029
osm-n1361203152,Al Safeerah Ladies Salon,hairdresser,25.300767,55.373327
osm-n13655235611,Beauty Land Ladies Salon,hairdresser,25.305428,55.379865
osm-n13723913942,Strands n Curls Ladies Salon,beauty,25.269229,55.317657
osm-n1373686871,Cleopatra Laundry,hairdresser,25.301057,55.374605
osm-n13742625913,Home Salon by SAbeauti,hairdresser,25.289074,55.350758
osm-n13896091656,,beauty,25.302561,55.384309
osm-n13896091657,,hairdresser,25.302545,55.384271
osm-n13896091658,,beauty,25.302518,55.384215
osm-n13909424729,Atelier 10,hairdresser,25.211604,55.27434
osm-n13934900691,Rerotti,hairdresser,25.184697,55.266622
osm-n13955613592,Eternity Beauty Salon,beauty,25.02805,55.274709
osm-n13979848801,,beauty,25.323131,55.375667
osm-n14077091380,Sfizio Hair Salon,hairdresser,25.15499,55.255306
osm-n14079342965,Excellent Star Saloon,hairdresser,25.150819,55.249447
osm-n1514975982,,hairdresser,25.280382,55.344748
osm-n1546961413,A Little Off the Top Beauty Salon,hairdresser,25.280687,55.345279
osm-n2021952167,Al Atlas Al Maghrabi Hair Dressing Salon,hairdresser,25.324301,55.375358
osm-n2065138121,Mist Spa,hairdresser,25.070349,55.133755
osm-n2065138133,Marina Tranquility,hairdresser,25.070273,55.133856
osm-n2631007428,Supertrim,hairdresser,25.11398,55.380729
osm-n3023618840,Manchester Saloon,hairdresser,25.274048,55.327006
osm-n3023618914,Timeless Saloon,hairdresser,25.274023,55.326765
osm-n3151583851,Al Samar Ladies Salon,beauty,25.323873,55.378346
osm-n3266597677,Lolla Beaty&Spa Center,beauty,25.080734,55.1456
osm-n3266605861,House of Handsome,hairdresser,25.081296,55.146119
osm-n3282682306,Beauty Talkz,beauty,25.292961,55.380591
osm-n3622963691,Mehendi Ladies Beauty Saloon,beauty,25.290643,55.366981
osm-n3684862302,Beauty Parlor,hairdresser,25.103818,55.38619
osm-n3872155388,Stylist Mens Saloon,beauty,25.2446,55.314694
osm-n4095612063,transformbody ladies center,hairdresser,25.04661,55.244011
osm-n4163643524,Cuts and Curls,beauty,25.301984,55.372082
osm-n4167031118,Bawabat Al Nahda,hairdresser,25.302333,55.372312
osm-n4173773638,Al Nahda Ladies Beauty Centre,beauty,25.296711,55.368947
osm-n4175864306,Ever Sparkle Ladies saloon,beauty,25.29213,55.370852
osm-n4175864308,Streaks Mens Saloon,hairdresser,25.291982,55.371095
osm-n4265652392,Barbero Gentlemens Lounge,hairdresser,25.203818,55.276502
osm-n4269471994,Viva saloon,beauty,25.158546,55.408061
osm-n4270329991,,beauty,25.004936,55.249498
osm-n4291461493,China trading cosmetics,beauty,25.320851,55.386213
osm-n4291461494,Trimmers,hairdresser,25.321084,55.386582
osm-n4302969389,السوق الصينيه,beauty,25.174539,55.412137
osm-n4405122997,Diva Ladies Salon,beauty,25.097879,55.173836
osm-n4411472613,Glamorous Ladies Salon,hairdresser,25.257259,55.288688
osm-n4421790391,شرکه نجفی,beauty,25.269872,55.299746
osm-n4432356590,City Corner Saloon,hairdresser,25.261751,55.300213
osm-n4441311887,nailstation,beauty,25.194963,55.245034
osm-n4446867895,Sei Bella Beauty Center,beauty,25.221844,55.434439
osm-n4522282689,,hairdresser,25.273904,55.301522
osm-n4535442028,HairPlay Extensions,hairdresser,25.208337,55.276396
osm-n4568729466,Ladies,hairdresser,25.174077,55.25052
osm-n4568729467,,hairdresser,25.17401,55.250622
osm-n4571450089,,beauty,25.28787,55.429237
osm-n4595619308,Grand Flora,beauty,25.199989,55.441317
osm-n4603317029,Ifran Hairdressing Saloon,hairdresser,25.303294,55.371665
osm-n4603319175,Ifran Ladies Saloon,hairdresser,25.303278,55.371622
osm-n4604275240,Lintas Beauty Centre,beauty,25.303376,55.371584
osm-n4645230193,Galina's beauty salon,beauty,25.115362,55.195554
osm-n4784982342,So Spa,beauty,25.140199,55.13341
osm-n4788107744,Beauty Me Ladies Saloon,beauty,25.1138,55.20212
osm-n4840471425,naafaih hair salon,beauty,25.26041,55.296696
osm-n4890578200,The Makover House,beauty,25.190798,55.231887
osm-n4890614655,Dermatology & Laser Clinic,beauty,25.182562,55.225442
osm-n4890614679,Derma Zone,beauty,25.181216,55.224481
osm-n4890625496,Fix Salon,hairdresser,25.178041,55.222112
osm-n4890657390,Racho Salon,hairdresser,25.169252,55.215133
osm-n4890667888,Blow Out,beauty,25.158185,55.205883
osm-n4890711688,The Salon,beauty,25.083843,55.142498
osm-n4890772883,Nut Chariphon Beauty,beauty,25.26089,55.332918
osm-n4892436540,Qenta Salon,hairdresser,25.093781,55.207356
osm-n4892564051,Jawed Habib,beauty,25.254065,55.306416
osm-n4897564037,Braun,beauty,25.220062,55.254749
osm-n4897694086,Chloe's,beauty,25.162495,55.21036
osm-n4897815905,Salon Millennium,hairdresser,25.109542,55.204736
osm-n4897815920,Face 2 Face,beauty,25.110513,55.205497
osm-n4897839021,Moataz Arim Saloon,hairdresser,25.110799,55.205723
osm-n4898146276,Full Moon,hairdresser,25.110646,55.202551
osm-n4898154873,Magic Touch,beauty,25.046767,55.129993
osm-n4898199678,Soul Senses Spa,beauty,25.257128,55.299059
osm-n4898199716,Liwa Dates,beauty,25.231753,55.262966
osm-n4898243803,Bellissima Ladies Salon,hairdresser,25.048641,55.12875
osm-n4898274615,Konta,beauty,25.262325,55.32889
osm-n4898274619,Charme,beauty,25.262653,55.329084
osm-n4898274620,Ilustre,beauty,25.262709,55.329117
osm-n4898369339,East Elegance Beauty Salon,beauty,25.116757,55.204487
osm-n4898369343,Lemoni - Ladies Saloon,hairdresser,25.115585,55.205439
osm-n4898369357,Posh Beauty Centre,beauty,25.115915,55.204048
osm-n4898449943,The Stylists Salon,beauty,25.113337,55.194242
osm-n4898449945,Tetaj Hairdressing Saloon,hairdresser,25.113469,55.194148
osm-n4898449946,Kung Fu,beauty,25.113545,55.194083
osm-n4898449960,Ambiance Beauty,beauty,25.115774,55.19493
osm-n4898467508,Sona Ladies Saloon,hairdresser,25.114529,55.195082
osm-n4898467822,Saloon Namaste,hairdresser,25.114629,55.192889
osm-n4898467823,Highlife,hairdresser,25.114547,55.192964
osm-n4898467825,Kaizo Beauty Saloon,beauty,25.114099,55.193286
osm-n4899739886,Quality Hairdressing Saloon,hairdresser,25.134204,55.238162
osm-n4899843471,Rea Touch Beauty Centre,beauty,25.240579,55.307409
osm-n4899843735,Seier Shades Salon,beauty,25.112809,55.191655
osm-n4899843742,Alpardoos,hairdresser,25.113073,55.191442
osm-n4899868394,MUD Make-up Designory,beauty,25.26069,55.327306
osm-n4899883327,Beirut,hairdresser,25.263458,55.328955
osm-n4900095599,Al Salter Salon,hairdresser,25.113197,55.203375
osm-n4900095601,Cut & Trim,hairdresser,25.113096,55.203964
osm-n4900095609,Maria,beauty,25.11221,55.204962
osm-n4900095610,Curls Style Ladies Saloon,hairdresser,25.112167,55.204927
osm-n4900096723,Best Saloon,hairdresser,25.114617,55.20245
osm-n4900096733,Before & After,hairdresser,25.114837,55.203789
osm-n4900536490,Lavish,hairdresser,25.25812,55.286486
osm-n4900647139,Island Crystal Salon,beauty,25.265268,55.32195
osm-n4900647141,Nazih,hairdresser,25.264928,55.321629
osm-n4902136054,Glitx Beauty Centre,beauty,25.115036,55.194257
osm-n4902136063,Glitz,beauty,25.112652,55.193308
osm-n4902136074,Al Warood,hairdresser,25.112449,55.189961
osm-n4902237277,Clipers,hairdresser,25.112999,55.201851
osm-n4902836211,Show Yen Ladies Salon,beauty,25.249855,55.31206
osm-n4902836220,Kyra,beauty,25.245854,55.309896
osm-n4902841727,Super Cuts Style,hairdresser,25.249209,55.311586
osm-n4902841728,Artists Style Ladies Salon,beauty,25.249428,55.311372
osm-n4902841757,The Red Lounge,beauty,25.245375,55.310039
osm-n4902841765,Gold Harbour,beauty,25.24608,55.311061
osm-n4902841768,Little Star,beauty,25.245137,55.310637
osm-n4902841791,Cosmo,beauty,25.247836,55.308842
osm-n4902950496,Florida,beauty,25.11473,55.204772
osm-n4902962653,Al Deyafa Valley Hair Dressing Saloon,beauty,25.246523,55.306411
osm-n4902962674,Aahna Ladies Salon,beauty,25.244989,55.306707
osm-n4902962713,Beauty Fashion House,beauty,25.247041,55.303859
osm-n4902962714,Choice Saloon,hairdresser,25.247032,55.303828
osm-n4902962738,Haleema beauty Salon,beauty,25.246849,55.302106
osm-n4902962782,Sky Horizone Hair Fixing,hairdresser,25.245791,55.303501
osm-n4902962783,Facial Plus,beauty,25.24577,55.303499
osm-n4904094598,Simply Natural World,beauty,25.241524,55.306123
osm-n4904384848,Habyeb Mens Saloon,hairdresser,25.251879,55.305528
osm-n4904384851,United Saloon,beauty,25.251681,55.305403
osm-n4904384856,New Look Beauty Salon,beauty,25.246727,55.306703
osm-n4904384861,Saloon Ibrahim,beauty,25.246251,55.306568
osm-n4904384870,Limage Ladies Saloon,beauty,25.245833,55.306435
osm-n4904384876,Magic Eye,beauty,25.245051,55.30619
osm-n4904384892,Green Trends,hairdresser,25.246477,55.306979
osm-n4904384908,Beauty Buzz,beauty,25.248169,55.307202
osm-n4904390732,Facelook,beauty,25.247492,55.306933
osm-n4904390734,Hana Point Beauty Saloon,beauty,25.247419,55.306908
osm-n4904390737,Sweety Ladies Saloon,beauty,25.247226,55.306876
osm-n4904390739,Al Mazaya,hairdresser,25.247108,55.306387
osm-n4904390746,Anchor Beauty Saloon,beauty,25.246959,55.303497
osm-n4904390767,Al Madeena Gen Saloon,hairdresser,25.246663,55.302454
osm-n4904390770,Best Friend Saloon,hairdresser,25.246437,55.30231
osm-n4904390779,Extel,beauty,25.245805,55.302494
osm-n4904390785,Saba Salon,beauty,25.245716,55.302913
osm-n4904390803,Style And Smile Ladies Saloon,beauty,25.245937,55.303064
osm-n4904390805,Dreams Flower Beauty Salon,beauty,25.245981,55.302907
osm-n4904390807,Al Nida,beauty,25.246006,55.302832
osm-n4904444643,City Style,hairdresser,25.237224,55.276055
osm-n4904618468,Beautifu Butterfly Ladies Saloon,beauty,25.240889,55.302629
osm-n4904618477,Shaima Redah Beauty Salon,beauty,25.241341,55.301712
osm-n4904618478,Star Saloon,beauty,25.24136,55.301676
osm-n4904618482,Black Scissors,hairdresser,25.241784,55.300829
osm-n4904618484,Al Ameena Ladies Saloon,beauty,25.24183,55.300747
osm-n4904618498,21 Ladies Salon,beauty,25.240479,55.297397
osm-n4904707784,Avani,beauty,25.221968,55.258923
osm-n4904775559,Al Wasmi Saloon,hairdresser,25.009229,55.103399
osm-n4904808143,TIGI Concept Salon,beauty,25.218113,55.253257
osm-n4904836363,Derma Care,beauty,25.221036,55.262761
osm-n4904888450,Mona Beauty Centre,beauty,25.196193,55.245873
osm-n4904921489,Hi Beauty Salon,beauty,25.174955,55.231142
osm-n4904979460,Al Montazah Saloon,hairdresser,25.242288,55.300711
osm-n4904979464,Beauty Kshelra,beauty,25.243119,55.299864
osm-n4904979625,Al Insaf Furniture,hairdresser,25.237785,55.302142
osm-n4904979626,Kids Saloon,hairdresser,25.238107,55.302328
osm-n4904979640,Taj Mahal Beauty Salon,beauty,25.238833,55.302011
osm-n4904979665,Impression,beauty,25.241836,55.300293
osm-n4904979666,Shakeba Beauty Saloon,beauty,25.241877,55.300223
osm-n4904979670,Boutique Beauty Saloon,beauty,25.242018,55.299941
osm-n4904979681,Kids Saloon,hairdresser,25.24059,55.299259
osm-n4904979691,Clear Cuts,hairdresser,25.239664,55.298619
osm-n4904979692,Style Express,beauty,25.239681,55.298577
osm-n4904979851,Young Forever Cosmetics,beauty,25.238865,55.304417
osm-n4904979854,Health Step Spa & Relaxtion Centre,beauty,25.236519,55.303774
osm-n4904979866,Mayram Rashid Ladies Salon,beauty,25.236825,55.30282
osm-n4906050102,Hair Repair,hairdresser,25.21875,55.261989
osm-n4906050105,Essence,beauty,25.21749,55.261175
osm-n4906050108,Ahasees Spa Center,beauty,25.217177,55.26098
osm-n4906057392,Phi Brows,beauty,25.213317,55.25836
osm-n4906073770,Aveda,beauty,25.207959,55.25483
osm-n4906073773,Mademoiselle,beauty,25.207423,55.25443
osm-n4906173343,Snob,beauty,25.171062,55.229068
osm-n4906229121,Kids Salon,hairdresser,25.071159,55.143659
osm-n4906297001,Ever Sparkle,hairdresser,25.263489,55.325533
osm-n4906297002,Down Town,hairdresser,25.263616,55.325604
osm-n4906297003,New Waves,hairdresser,25.263328,55.326976
osm-n4906297006,Hair Care,hairdresser,25.263057,55.3271
osm-n4906297026,New Look,beauty,25.225228,55.383379
osm-n4906303214,Perfect Style,hairdresser,25.234047,55.276813
osm-n4906303217,Hassan Mubarak,hairdresser,25.234841,55.275789
osm-n4906350907,Ijaz,hairdresser,25.227513,55.380964
osm-n4906427463,Al Diwan,beauty,25.215506,55.385137
osm-n4910858515,Al Wefaq,hairdresser,25.241344,55.302554
osm-n4910974176,Haircut 86,hairdresser,25.087941,55.149205
osm-n4910974180,Moon Light,beauty,25.087903,55.14893
osm-n4910987244,Hairzotic,hairdresser,25.088374,55.14827
osm-n4910999052,Gladys,beauty,25.081371,55.146659
osm-n4910999054,Pink Massage & Spa,beauty,25.079743,55.14485
osm-n4910999055,Nail Candy,beauty,25.07935,55.144445
osm-n4911017507,Libery Spa,beauty,25.071674,55.135636
osm-n4911033485,Natural Healing Spa,beauty,25.129099,55.196353
osm-n4911075758,Nail Corner,beauty,25.105628,55.168633
osm-n4911171672,Desire Ladies Beauty Salon,beauty,25.070776,55.135286
osm-n4911210083,Al Nadiah Beauty Salon,beauty,25.173923,55.256209
osm-n4911210101,Saloon,beauty,25.172689,55.255239
osm-n4911248120,Zahrat,beauty,25.237342,55.277181
osm-n4911249226,Delux Salon,beauty,25.239039,55.276297
osm-n4911267720,Golden Fingers Saloon,beauty,25.229147,55.388157
osm-n4911299971,Version-Francaise,beauty,25.088167,55.145899
osm-n4911299976,Nail,beauty,25.088421,55.14644
osm-n4911299986,Version-Francaise,beauty,25.087376,55.148533
osm-n4911312291,Tarek Ajaj Hair Fixing,hairdresser,25.264716,55.32963
osm-n4911325407,Fly Away,beauty,25.230629,55.272915
osm-n4911325810,Beauty Salon,beauty,25.079038,55.142207
osm-n4911327341,Spa Eoccitane,beauty,25.075678,55.131425
osm-n4911547857,Mushrif Saloon,hairdresser,25.234218,55.27808
osm-n4911595107,Kaskapi Hair,hairdresser,25.263687,55.32985
osm-n4911617438,Touches,hairdresser,25.189968,55.28429
osm-n4911637818,Shmookh Al Madeena Saloon,hairdresser,25.232594,55.275974
osm-n4912953151,Your Style,beauty,25.18711,55.278571
osm-n4913404688,,beauty,25.199084,55.428079
osm-n4913533799,New Look One,beauty,25.205906,55.40696
osm-n4913625597,Beauty Star,hairdresser,25.246609,55.2939
osm-n4915115659,Beauty Saloon,beauty,25.066618,55.210481
osm-n4915199425,Control,beauty,25.191877,55.43824
osm-n4915587987,La Diva Ladies Beauty Saloon,beauty,25.164144,55.402856
osm-n4915587988,Pro Beauty Shop,beauty,25.163861,55.405291
osm-n4915680332,Samaa Alwarqaa,beauty,25.187939,55.423408
osm-n4915698018,Al Azdhar Meditation Centre,beauty,25.151986,55.244223
osm-n4915711723,Al Jabal Spa,beauty,25.164062,55.406561
osm-n4915747967,Madras Saloon,hairdresser,25.154471,55.247031
osm-n4915748046,Wafic Saab,hairdresser,25.151736,55.219754
osm-n4915748093,Purity,beauty,25.150937,55.213403
osm-n4915748109,Machka,beauty,25.149057,55.211904
osm-n4915748175,Swan Spa,beauty,25.144652,55.208554
osm-n4915748176,Art of Beauty Centre,beauty,25.14459,55.208503
osm-n4915748178,Healing Feeling,beauty,25.144493,55.208429
osm-n4915748185,Aroushi Beauty Salon & Spa,beauty,25.144197,55.208092
osm-n4915748205,Afrina Beauty & Henna,beauty,25.143726,55.207751
osm-n4915748257,Afrodita,beauty,25.140288,55.205119
osm-n4915748294,Al Nebras,hairdresser,25.15882,55.251864
osm-n4915748373,Madra Saloon,hairdresser,25.155673,55.245797
osm-n4915748374,Abdul Reza Ibrahim Abdulla,hairdresser,25.155642,55.245767
osm-n4915748405,Al Kashikha Hairdressing Saloon,hairdresser,25.153061,55.242865
osm-n4917207598,Cute Cut Saloon,hairdresser,25.155465,55.246052
osm-n4917296071,Marawan Shameen Salon,hairdresser,25.228852,55.274067
osm-n4917296074,Tawfiq Studio,beauty,25.228766,55.274009
osm-n4917296078,Almukhalat Perfume,beauty,25.228642,55.273912
osm-n4917296330,Al Siji Hairdressing Saloon,hairdresser,25.233117,55.442394
osm-n4917321662,Jarnas Saloon,hairdresser,25.167633,55.234108
osm-n4917337607,Dilshad Hairdresser,hairdresser,25.227614,55.274606
osm-n4917359690,Breeze Saloon,hairdresser,25.229065,55.275698
osm-n4917359692,Jernas Saloon,hairdresser,25.228815,55.275765
osm-n4917362489,Dilshad Hairdresser,hairdresser,25.226362,55.273674
osm-n4917413004,Al Hajis Perfumes,beauty,25.231915,55.27772
osm-n4917475456,Jarnas Salon,hairdresser,25.222058,55.271637
osm-n4917492142,Beauty Defined,beauty,25.230012,55.276131
osm-n4917577356,Beautica Personal Care,beauty,25.179335,55.233775
osm-n4917577357,Carnival Health Spa,beauty,25.179321,55.233837
osm-n4917741415,Araana Beauty Salon and Spa,beauty,25.135247,55.196851
osm-n4917741911,Sasha Beauty Salon,beauty,25.169765,55.226868
osm-n4917799405,Royal Beauty Salon,beauty,25.131213,55.204345
osm-n4919138437,Aleksa Ladies Salon,hairdresser,25.283685,55.356037
osm-n4919321737,Hatem Hair Centre,hairdresser,25.259544,55.326587
osm-n4919361182,Commodor Star,beauty,25.291564,55.352579
osm-n4919388566,JNK,beauty,25.270308,55.315921
osm-n4919404505,Hamza Hairdressing Saloon,hairdresser,25.268242,55.314631
osm-n4919404508,Nasir Saloon,hairdresser,25.268138,55.314636
osm-n4919595130,Seher Al Anaqa,hairdresser,25.268841,55.31347
osm-n4919661506,,beauty,25.260838,55.319823
osm-n4919682713,Elegance Corner Saloon,hairdresser,25.25776,55.324801
osm-n4919712318,Foot Spa,beauty,25.260242,55.320596
osm-n4919716721,Lubasha,hairdresser,25.261235,55.318682
osm-n4924455820,Almashreq,hairdresser,25.228993,55.275606
osm-n4924486583,Malika Beauty Salon,beauty,25.260472,55.321906
osm-n4924486585,Green Lilly Ladies Salon,beauty,25.26161,55.32006
osm-n4924527555,Zahr Al Laymoun,beauty,25.308809,55.375617
osm-n4924527557,Ladies Saloon,beauty,25.309617,55.376305
osm-n4924527568,Durrat Al Jamal Beauty Center,beauty,25.312524,55.37852
osm-n4924527570,Raghdad Beauty Centre,beauty,25.313878,55.379563
osm-n4924644824,Mayumy Beauty Lounge,beauty,25.247743,55.338496
osm-n4924644830,Sweet Cosmetic and Personal Care Centre,beauty,25.245531,55.339454
osm-n4924644831,Jam Beauty Lounge,beauty,25.245381,55.339511
osm-n4924672712,Lavender,beauty,25.314182,55.377468
osm-n4924675923,Al Lamsah AL Sehreya Ladies Saloon,beauty,25.313337,55.376695
osm-n4924699159,Ohio Ladies Salon & Spa,beauty,25.311793,55.375321
osm-n4924699195,Al Yasmeen Al Abyad,beauty,25.310696,55.374274
osm-n4924699197,Bronze Ladies Saloon,beauty,25.309843,55.373449
osm-n4924699201,Litchi Ladies Salon,beauty,25.310346,55.373011
osm-n4924741951,Lebanon Beauty Salon,beauty,25.318345,55.386253
osm-n4924777989,Qasion Salon,beauty,25.313797,55.377761
osm-n4924777991,Al Umseyat Ladies Salon,beauty,25.313216,55.377157
osm-n4924777995,Flamingo Hairdressing Salon,hairdresser,25.311091,55.375156
osm-n4924887661,Baison Centre Spa,beauty,25.252658,55.341646
osm-n4924888924,Ladies Beauty Salon & Spa,beauty,25.294749,55.365804
osm-n4924904973,Streaks,beauty,25.291897,55.369018
osm-n4924904977,Saigon Spa,beauty,25.29294,55.369112
osm-n4924904978,Voila Beauty Lounge,beauty,25.292882,55.369185
osm-n4924904980,Krysalis Ladies Salon & Spa,beauty,25.292756,55.369345
osm-n4924921889,Qahta Saloon,beauty,25.272082,55.40905
osm-n4924988752,Saby Saby Spa,beauty,25.289763,55.365428
osm-n4924988760,Bliss Beauty Salon,beauty,25.289816,55.366389
osm-n4924995458,Smile Land Spa Centre,beauty,25.290523,55.367317
osm-n4925078913,Beauty Talks,beauty,25.296823,55.385279
osm-n4925239177,Al Nejoum Al Thamaneya Ladies Salon,beauty,25.303171,55.384219
osm-n4925239183,Al Musht Al Rafiee,hairdresser,25.303082,55.383909
osm-n4925239206,Tareeq Al Nahda Hairdressing Salon,hairdresser,25.299961,55.377987
osm-n4925260431,Grace Hairdresser Salon,hairdresser,25.303325,55.377643
osm-n4925260442,Al Samawy Ladies Salon,beauty,25.30364,55.37867
osm-n4925260444,Al Naas Hairdressing Salon,hairdresser,25.303473,55.378717
osm-n4925260450,Mercy Ladies Salon,beauty,25.302473,55.377221
osm-n4925260456,Al Astorah Hairdressing Salon,hairdresser,25.302283,55.377179
osm-n4925260484,Aleyon Al Jathabah Ladies Salon,hairdresser,25.303042,55.382602
osm-n4925260492,Azerbijan Ladies Slon,beauty,25.303678,55.383868
osm-n4926789619,Trimmers,hairdresser,25.300729,55.380554
osm-n4926833311,Al Zaytoon Hair Dressing Salon,hairdresser,25.303581,55.383046
osm-n4926900970,Ala Kaifak Salon,hairdresser,25.304655,55.379909
osm-n4926900972,Masa Al Noor Ladies Salon,beauty,25.304793,55.380032
osm-n4926969219,Professional,hairdresser,25.289267,55.393246
osm-n4927144554,Chicago Ladies Salon,beauty,25.307609,55.378751
osm-n4927178841,Shakib Ladies Salon,beauty,25.300778,55.376208
osm-n4927178852,Al Naas Hairdressing Salon,hairdresser,25.300652,55.373064
osm-n4927178860,Bait Al Ameezat,hairdresser,25.299528,55.370625
osm-n4927178862,Al Rukn Al Hadi Salon,hairdresser,25.299482,55.370546
osm-n4927191229,Al Istikshaf Hairdresser Salon,hairdresser,25.299668,55.369651
osm-n4927191231,Madinat Addis Ababa Ladies Salon,hairdresser,25.299719,55.36974
osm-n4927219697,Dar Al Nahda Hairdressing,hairdresser,25.301813,55.371677
osm-n4927219699,Al Jazibiah Beauty Salon,beauty,25.302039,55.372275
osm-n4927248135,Beauty Crown Ladies Salon,hairdresser,25.303314,55.371386
osm-n4927248137,Naimat Al Madina Hairdressing Salon,hairdresser,25.302642,55.369827
osm-n4927251020,Qaser Alnawaem Ladies Salon,beauty,25.30111,55.367402
osm-n4927353849,Vlcc,beauty,25.286924,55.39066
osm-n4927353854,Spectrum Beauty Centre,beauty,25.287826,55.391473
osm-n4927385866,قمر الزمان مركز تجميل,beauty,25.305863,55.376043
osm-n4927390929,Next 1,beauty,25.26239,55.326503
osm-n4927390931,Excellent Star Saloon,beauty,25.263302,55.327066
osm-n4927407400,Al Faraena Hairdressing Salon,hairdresser,25.305531,55.376512
osm-n4927432683,Qasar Al Yasmeen Ladies Salon,beauty,25.300457,55.373197
osm-n4927446861,Al Amnamil Al Fanyah Ladies Salon,beauty,25.302415,55.372446
osm-n4927446868,Al Sherouq and Al Goroob Salon,hairdresser,25.301752,55.368471
osm-n4927446872,Shahinaz Ladies Salon,hairdresser,25.301493,55.36788
osm-n4927446875,Al Dhaw Al Akhdhar Hairdressing Salon,hairdresser,25.301441,55.367759
osm-n4929303669,Al Mawarid Ladies Salon,beauty,25.297674,55.367663
osm-n4929303670,Njmat Al Madeena Hairdressing Salon,hairdresser,25.297685,55.367589
osm-n4929303678,Tunfat Nahda Hairdressing Salon,hairdresser,25.301163,55.38143
osm-n4929303687,Honey Bee Ladies Salon,beauty,25.300545,55.380102
osm-n4929395262,,beauty,25.287158,55.400585
osm-n4929463995,Hair Fashion General Trading,hairdresser,25.272116,55.302403
osm-n4929464008,Virgin Hair Company,hairdresser,25.272395,55.302913
osm-n4929466536,Shahid Hairdressing Salon,hairdresser,25.317978,55.380306
osm-n4929466544,Salon Adensara Hairdressing,hairdresser,25.318347,55.380241
osm-n4929470620,Abu Al Sool Hairdressing Saloon,hairdresser,25.272613,55.303601
osm-n4929473431,Ahassan Salon,hairdresser,25.272658,55.303684
osm-n4929479223,Damas Beauty Center,beauty,25.328238,55.37547
osm-n4930918100,Sugar Candy Ladies Salon,beauty,25.329943,55.372641
osm-n4931105398,Maleeh,hairdresser,25.273677,55.42812
osm-n4931113712,Mahmood Ahmad Abdulla Saloon,hairdresser,25.274054,55.302341
osm-n4931121054,Arab Youth Hair Cutting,hairdresser,25.274839,55.30268
osm-n4931150919,Jafar Hassan,hairdresser,25.26637,55.427741
osm-n4931155082,Al Amal Haircutting Saloon,hairdresser,25.272459,55.302633
osm-n4931210851,Al Sufuh,beauty,25.264554,55.42738
osm-n4931340103,Diamond Hair Fashion,hairdresser,25.2703,55.302904
osm-n4931353760,Golden Hair,hairdresser,25.27065,55.30325
osm-n4931441761,Golden Scissor,hairdresser,25.232027,55.460246
osm-n4931542855,Rukn Al Fetoon Ladies Salon,beauty,25.324369,55.377355
osm-n4931542860,Aswad Wa Ahmar Ladies Salon,beauty,25.326267,55.376864
osm-n4931575828,International Beauty Supplies,beauty,25.271947,55.299953
osm-n4931576675,Bella Dona Ladies Salon,beauty,25.325797,55.376281
osm-n4931624982,Saray Beauty Centre,beauty,25.329663,55.37166
osm-n4931636678,Al Samer,hairdresser,25.322787,55.382996
osm-n4931636693,Luluat Albhr Beauty Salon,beauty,25.323403,55.38112
osm-n4932386489,Anisaty Ladies Salon,beauty,25.322654,55.38126
osm-n4932386497,Beauty Oasis Lebanese Center,beauty,25.32212,55.380765
osm-n4932386503,Wahat Al Ameerah,beauty,25.322411,55.379939
osm-n4932386508,Yasameen Al Sham Roastery,beauty,25.323162,55.379646
osm-n4932406789,Al Nawab Hairdressing Salon,hairdresser,25.321069,55.380947
osm-n4932406792,Petite Ladiess Salon,hairdresser,25.323475,55.381443
osm-n4932406793,Al Joud Hairdressing Salon,hairdresser,25.323451,55.381416
osm-n4932420808,Al Qasba Hairdressing Salon,hairdresser,25.322843,55.379491
osm-n4932420811,Simply Beauty,beauty,25.32308,55.379354
osm-n4932506217,Al Lamsa Al Aniqah Ladies Salon,beauty,25.323965,55.378296
osm-n4932506535,Beauty Salon & Centre,beauty,25.32835,55.376854
osm-n4932511029,Beauty Oasis,beauty,25.271739,55.299219
osm-n4932600196,Ali Thamer Hairdressing Salon,hairdresser,25.329534,55.375919
osm-n4932619918,Pafan Al Maasa Ladies Salon,beauty,25.328896,55.376241
osm-n4932620234,Omar Albakr Hairdressing Salon,hairdresser,25.326308,55.378273
osm-n4932634653,Lazord Beauty Center,beauty,25.325906,55.378201
osm-n4932634662,Al Samer,hairdresser,25.325322,55.379254
osm-n4932634663,Al Khaiet Al Damasi Ladies Salon,beauty,25.325357,55.379297
osm-n4932715690,,hairdresser,25.278158,55.314741
osm-n4932731212,Diva,hairdresser,25.277937,55.314856
osm-n4932731213,Saha Queen Beauty Salon,hairdresser,25.277887,55.314868
osm-n4932731850,Nazira Beauty Saloon,beauty,25.276626,55.313671
osm-n4933196866,Deena Star,hairdresser,25.276771,55.312945
osm-n4933196870,Black Diamond,hairdresser,25.276833,55.313206
osm-n4933205545,Al Niyas Saloon,hairdresser,25.277722,55.31327
osm-n4933237602,Asmara Ladies Salon,hairdresser,25.278431,55.312714
osm-n4933247661,Al Sahil Al Akhdar Hairdressing Saloon,hairdresser,25.277275,55.312701
osm-n4933294855,Hob Saloon,hairdresser,25.275853,55.307998
osm-n4933294863,Beautiful Face Ladies Salon,hairdresser,25.276075,55.307926
osm-n4933326486,Sara Saloon,hairdresser,25.276008,55.308219
osm-n4933335914,Fareej Al Marr Saloon,hairdresser,25.276286,55.309409
osm-n4933338378,Top in Town Saloon,hairdresser,25.276677,55.310617
osm-n4933342751,Al Elim Beauty Salon,beauty,25.27705,55.311875
osm-n4933347384,Apple Beauty Saloon,hairdresser,25.277179,55.312374
osm-n4933378362,Perfect Star Saloon,hairdresser,25.276288,55.311056
osm-n4937020449,Afnan Ladies Salon,beauty,25.323873,55.385417
osm-n4937020455,The Art of Beauty,beauty,25.323552,55.385884
osm-n4937020475,Al Ibtesama Al Basima Beauty Centre,beauty,25.323111,55.386468
osm-n4937020486,Opera Salon,hairdresser,25.322604,55.387127
osm-n4937043635,Beauty Oasis Ladies Salon,beauty,25.323206,55.385753
osm-n4937069063,Easy Cut Salon,hairdresser,25.321464,55.38468
osm-n4937087562,Sama Hals Hairdressing Salon,hairdresser,25.319577,55.380894
osm-n4937087574,Al Aqiq Al Almar Ladies Salon,beauty,25.318742,55.38076
osm-n4937087587,Al Lamsat Al Bahera Beauty Center,beauty,25.317174,55.381358
osm-n4937087590,Al Absar Ladies Salon,beauty,25.31703,55.381543
osm-n4937129405,Al Damam Hairdressin Salon,hairdresser,25.315483,55.382542
osm-n4937129407,Alzumurud Alabyadh Hairdressing Salon,hairdresser,25.315714,55.382746
osm-n4937129420,Jarnas Hairdressing Salon,hairdresser,25.316892,55.382737
osm-n4937129550,Picadilla Salon,hairdresser,25.318544,55.384567
osm-n4937129553,Zeenat Al Arous Ladies Salon,beauty,25.318466,55.384686
osm-n4937147420,Goson Al Yasmeen Salon,hairdresser,25.318601,55.384802
osm-n4937148726,Red Rose Hairdresser Salon,hairdresser,25.318805,55.384552
osm-n4937148733,Varna Hair Dresser Salon,hairdresser,25.319179,55.38467
osm-n4937164541,Al Basel Cosmetics Trading,beauty,25.320586,55.38599
osm-n4937164542,Siblin Cosmetics Trading,beauty,25.320645,55.386051
osm-n4937172820,Luluat Al Jamal Cosmetics Trading,beauty,25.321013,55.386515
osm-n4937174322,Nawaiem Cosmetics,beauty,25.321124,55.386615
osm-n4937191743,Top Shop Salon,beauty,25.322499,55.38781
osm-n4937191752,Golden Phoenix Beauty,beauty,25.32303,55.388254
osm-n4937191760,Salon Barada,hairdresser,25.323331,55.388508
osm-n4937207460,Ghazi Hairdressing Equiptment,beauty,25.325801,55.390895
osm-n4937207467,Al Ahasees Beauty Salon,beauty,25.327796,55.39273
osm-n4937207475,Solez Beauty Equiptment,beauty,25.328098,55.393013
osm-n4937217486,Piassa Beauty Center,beauty,25.329702,55.392831
osm-n4937217488,Shabab Al Yaoum Salon,beauty,25.329781,55.39278
osm-n4937253431,Purple Oyster,beauty,25.234049,55.353613
osm-n4937255803,Al Maqas Al Balatini Salon,beauty,25.320151,55.384323
osm-n4937256321,Al Zahra Al Seenih Ladies Salon,beauty,25.318774,55.382982
osm-n4937256326,Sabira,beauty,25.318375,55.382623
osm-n4937256328,Al Wefao Hairdressing Salon,hairdresser,25.318337,55.382571
osm-n4937256330,Al Maras Hairdressing Salon,hairdresser,25.318262,55.382503
osm-n4937256344,Malik Qesour Hairdressing Salon,hairdresser,25.317935,55.382208
osm-n4937266496,Andh Al Fenoon Hairdressing Salon,hairdresser,25.31796,55.381931
osm-n4937286259,Al Awarid Cosmetics,beauty,25.317788,55.382923
osm-n4937286308,Millia Cosmetics,beauty,25.319994,55.384894
osm-n4937551870,Natural Beauty,beauty,25.288784,55.39201
osm-n4937551885,Al Khatese Saloon,beauty,25.287556,55.392032
osm-n4937551888,La Petite,beauty,25.287082,55.391709
osm-n4937551889,Almooi Alazraq,beauty,25.286921,55.391588
osm-n4937742714,Top Image Beauty,beauty,25.289007,55.368456
osm-n4937742822,Al Kamal,beauty,25.29195,55.370978
osm-n4937742823,Ever Sparkle Ladies saloon,beauty,25.291975,55.370938
osm-n4937742835,Streaks Beauty Salon,beauty,25.294808,55.374116
osm-n4937742838,Al Hussna Ladies Beauty Salon,beauty,25.293822,55.375641
osm-n4938626955,Golden Crown Saloon,hairdresser,25.275987,55.310189
osm-n4938673801,Al Hadeer Hair Dresser,hairdresser,25.276099,55.308823
osm-n4938709245,Sarem Beauty Saloon,beauty,25.277221,55.312041
osm-n4938712720,Afro,hairdresser,25.276966,55.313016
osm-n4938861052,City Girl,beauty,25.287124,55.370013
osm-n4938861056,Mayan Beauty Center,beauty,25.290243,55.369684
osm-n4938884551,Genet Tesema Ladies Beauty Salon,beauty,25.278112,55.311475
osm-n4938884564,Shabab Um Drman Saloon,hairdresser,25.277741,55.310882
osm-n4938892676,Hayat Beauty Salon,beauty,25.277403,55.309804
osm-n4938899541,Dahlak Ladies Saloon,hairdresser,25.277813,55.309854
osm-n4938904912,Massawa Ladies Salon,hairdresser,25.277532,55.308692
osm-n4938941656,Salon Palace Al Garhood,hairdresser,25.242297,55.346376
osm-n4938951933,Real Jolly Ladies Saloon,hairdresser,25.277326,55.30922
osm-n4938961931,Netsanet Beauty Saloon,hairdresser,25.278244,55.309892
osm-n4938961934,Al Saria,hairdresser,25.278244,55.309764
osm-n4938983234,Al Hakimi Salon,hairdresser,25.278028,55.30894
osm-n4939006955,Athena Star,beauty,25.277778,55.311268
osm-n4939029381,Meseret Nesbane Ladies Saloon,hairdresser,25.27769,55.311116
osm-n4939029399,Obaid Abbar Hair Dressing,hairdresser,25.277231,55.309984
osm-n4939077863,Marhaba Beauty Saloon,hairdresser,25.277483,55.309309
osm-n4939077869,Jernas Saloon,hairdresser,25.278117,55.310098
osm-n4939134373,Rukan Al Rihan LAdies Salon,hairdresser,25.280749,55.345205
osm-n4939134374,Al Nawaem Al Ajmal Ladies Salon,hairdresser,25.280793,55.345161
osm-n4939186153,Al Andalos Hairdressing,hairdresser,25.271542,55.310635
osm-n4939222333,Al Shafaq Hairdresser,hairdresser,25.272469,55.307716
osm-n4939285072,Anjmat Al Jamal Joori Saloon,beauty,25.27759,55.350459
osm-n4939285081,Asala ladies Saloon,beauty,25.281357,55.352698
osm-n4939285112,,hairdresser,25.281321,55.351124
osm-n4939285114,Al Oudaya,beauty,25.281596,55.351425
osm-n4939288899,Reetaj Abaya & Sheila,beauty,25.279098,55.347181
osm-n4939288902,Sunny Shine Days,hairdresser,25.278734,55.347457
osm-n4939288903,Una Diva,hairdresser,25.278693,55.347423
osm-n4940509164,Kids Salon,hairdresser,25.288846,55.362344
osm-n4940536891,La Belh Beauty Centre,beauty,25.286688,55.3649
osm-n4940536892,Arsalan Hairdressing Saloon,hairdresser,25.286385,55.364806
osm-n4940536893,Glamour Zone,beauty,25.286361,55.364749
osm-n4940717729,Beauty Products,beauty,25.269708,55.314003
osm-n4940841036,Tiffany Beauty,beauty,25.278219,55.347349
osm-n4940841048,Almaz Beauty Saloon,beauty,25.277061,55.349598
osm-n4940841051,Salon Shams Baghdad,beauty,25.277327,55.349867
osm-n4940841053,Zain,beauty,25.277575,55.350135
osm-n4940841077,Technical Touch Saloon,hairdresser,25.280437,55.352918
osm-n4940841081,Super Cut Salon,beauty,25.281302,55.352235
osm-n4940841086,Al Mimzar,beauty,25.281529,55.352486
osm-n4940841106,Dalloati,beauty,25.280727,55.350141
osm-n4940841109,Khrimah Haircut,hairdresser,25.282875,55.35139
osm-n4940841533,Al Asakea Al Sihriyah,beauty,25.282069,55.3493
osm-n4940841534,Aroosat Al Neel Beauty Saloon,beauty,25.282018,55.349279
osm-n4940841539,Saloon 2002,beauty,25.28166,55.349282
osm-n4940945225,Suneeta's Ladies Saloon,hairdresser,25.275757,55.313319
osm-n4941080406,Raheeb,hairdresser,25.273605,55.310988
osm-n4941086942,Future Brides Ladies Saloon,hairdresser,25.275535,55.313663
osm-n4941222563,World Kids Salon,hairdresser,25.271304,55.376395
osm-n4941248723,Instant Hair Cutting,hairdresser,25.269794,55.375684
osm-n4941254808,Lotus Personal Care Centre,beauty,25.262701,55.332473
osm-n4941254809,Thai Orchid,beauty,25.262836,55.332315
osm-n4941271208,,hairdresser,25.262357,55.331459
osm-n4941329689,Queen Land Ladies Salon,beauty,25.280504,55.314314
osm-n4942426852,Madi International,beauty,25.259937,55.336787
osm-n4942475217,Al Baraha Star Saloon,hairdresser,25.279553,55.316212
osm-n4942486006,Bonbon Beauty Centre,beauty,25.254831,55.327956
osm-n4942576395,Al Banna,hairdresser,25.274326,55.336292
osm-n4942590438,Hor Al Anz Hairdresser,hairdresser,25.275059,55.332339
osm-n4942601001,Al Zahoor Saloon,hairdresser,25.275069,55.332712
osm-n4942635678,Al Bushara Hairdresser,hairdresser,25.275957,55.337229
osm-n4942635692,Al Asbaj Saloon,hairdresser,25.276119,55.337618
osm-n4942635706,Saif Salim,hairdresser,25.276379,55.337566
osm-n4942686509,Kanishk Beauty Saloon,hairdresser,25.277476,55.337882
osm-n4942686511,Al Falasi Hairdressing Saloon,hairdresser,25.277438,55.337764
osm-n4942686515,Burgundy Ladies Salon,hairdresser,25.277342,55.337502
osm-n4942714636,Al Sheda,beauty,25.270087,55.320531
osm-n4942714638,Solez,beauty,25.274582,55.329571
osm-n4942757860,Royal Ruby Salon,hairdresser,25.29539,55.334798
osm-n4942757861,Natalie,beauty,25.295356,55.334752
osm-n4942763804,Al Madina Hairdresser,hairdresser,25.275859,55.332024
osm-n4942785240,Naif Saloon,hairdresser,25.275086,55.331759
osm-n4942809523,Stylish Look,hairdresser,25.275029,55.333513
osm-n4943009983,Golden Phoenix Spa,beauty,25.27058,55.325935
osm-n4943080630,Al Manama Salon,hairdresser,25.281206,55.34042
osm-n4943186647,Red Phoenix Spa,beauty,25.273702,55.323696
osm-n4943186707,CJolly Salon,beauty,25.272946,55.316268
osm-n4943186713,Al Sindyan Ladies Beauty Saloon,beauty,25.278143,55.323057
osm-n4943186739,Rochna,beauty,25.278428,55.324794
osm-n4944097308,Al Bisha Hair Dressing,hairdresser,25.278552,55.331038
osm-n4944099236,Mustache Style,hairdresser,25.278063,55.330067
osm-n4944128010,Saritha,beauty,25.280548,55.321275
osm-n4953382675,Mahendi,beauty,25.284296,55.389824
osm-n4953382678,Sprout Ladies Saloon,hairdresser,25.28417,55.389711
osm-n4953382679,Cute Cut Saloon,hairdresser,25.284081,55.389648
osm-n4953738082,,hairdresser,25.292927,55.395827
osm-n4953738088,Rajad Saloon,hairdresser,25.295042,55.396398
osm-n4955137106,Saloon,hairdresser,25.311711,55.407804
osm-n4955346628,Hazaa Hairdressing Salon,hairdresser,25.320351,55.414917
osm-n4955454175,Zahbat Al Jardoo Ladies Salon,hairdresser,25.329572,55.421749
osm-n4964343285,Blush N Curls Ladies Salon & Spa,hairdresser,25.274676,55.382267
osm-n5080262922,Al Haramain,beauty,25.252061,55.331179
osm-n5259690206,In The Hair JLT,hairdresser,25.072172,55.142292
osm-n5530240934,Elata Beauty,beauty,25.184073,55.226523
osm-n5652435720,,hairdresser,25.222787,55.270988
osm-n5691368629,Jabal Hafeet Hair Dressing,hairdresser,25.311797,55.378323
osm-n5726471691,hala and mazhaba ladies salon,hairdresser,25.32476,55.376477
osm-n5726471694,Al Astorah hairdressing salon,hairdresser,25.324631,55.376286
osm-n5742156525,sehrr al sharq hairdressing saloon,hairdresser,25.324186,55.378833
osm-n5746633522,,beauty,25.292873,55.393967
osm-n5746634226,,hairdresser,25.280155,55.386823
osm-n5758312021,,hairdresser,25.281208,55.386838
osm-n5759944721,,beauty,25.325626,55.375986
osm-n5787755311,Tayyabat Al Madhar Ladies Saloon,beauty,25.323932,55.380784
osm-n5787755320,Al Kaslik Hairdressing Saloon,beauty,25.323396,55.38036
osm-n5831003836,XpressSpa,beauty,25.247766,55.363257
osm-n5839565689,,beauty,25.068111,55.131929
osm-n5839567186,Celui Beauty,beauty,25.091206,55.149047
osm-n5851361112,Aldo Accessory,beauty,25.118192,55.201172
osm-n5851405885,Debenhams,beauty,25.11863,55.200662
osm-n5856382357,Al Adham Hair Dressing Saloon,hairdresser,25.326237,55.377533
osm-n5856382358,Glamar Al Sahraa Ladies Saloon,hairdresser,25.326278,55.377496
osm-n5873227386,,beauty,25.110457,55.203101
osm-n5873227387,,hairdresser,25.110562,55.203738
osm-n5873230388,,hairdresser,25.112163,55.205723
osm-n5873230685,,beauty,25.111167,55.205198
osm-n5888698785,alia falasiladies,hairdresser,25.32142,55.379489
osm-n5890482560,Salon,hairdresser,25.319041,55.381122
osm-n5890482581,Saloon jebnan lebenan llsyedat,hairdresser,25.319982,55.380789
osm-n5919365240,pafan ladies saloon,hairdresser,25.32186,55.386278
osm-n5920024118,opera salon,hairdresser,25.322409,55.387199
osm-n5920024124,al ibtesama al basima beauty centre,hairdresser,25.32291,55.386376
osm-n5920024126,sibael sham ladies salon,hairdresser,25.323016,55.386462
osm-n5920515295,tayyabat al madhar ladies saloon,hairdresser,25.323652,55.384281
osm-n5934579515,Solaf Ladies Saloon,hairdresser,25.307342,55.37008
osm-n5934579516,Al Aadhamia Hairdressing Saloon,hairdresser,25.307382,55.370173
osm-n5934579541,Tareeq Al Wadi Hairdressing Saloon,hairdresser,25.307154,55.370465
osm-n5934579544,Bab Al Memzar hairdressing saloon,hairdresser,25.307274,55.370784
osm-n6000790864,Ladies First Beauty Salon,beauty,25.211487,55.276499
osm-n6012080344,Silk Spa,beauty,25.18422,55.255191
osm-n6102400785,صالون المروج للرجال,hairdresser,25.116288,55.205997
osm-n6290726225,,beauty,25.046072,55.231311
osm-n6373726129,Pebbles,beauty,25.212718,55.277344
osm-n6420360486,,hairdresser,24.998125,55.175656
osm-n6420360586,,beauty,24.998164,55.175719
osm-n6576994184,Caryusa Ladies Salon,beauty,25.216831,55.26073
osm-n6681610211,Avante Garde Beauty shop,beauty,25.068904,55.139885
osm-n7066479193,Rami Jabali Hair Salon,hairdresser,25.106852,55.111408
osm-n7098291154,Rami,beauty,25.079391,55.144499
osm-n7122193618,Karizma,hairdresser,25.052344,55.214745
osm-n7238148710,Beauty Trend,beauty,25.053151,55.213815
osm-n7244773085,Blue Beach,hairdresser,25.053806,55.213062
osm-n7262785471,Al Ajneha Al Masiya,beauty,25.198081,55.238264
osm-n7309477766,Radia Beauty,beauty,25.216641,55.260668
osm-n7309477768,La Piccola Casa,beauty,25.216567,55.260528
osm-n7362504291,Radia Beauty,beauty,25.216641,55.260668
osm-n7362504293,La Piccola Casa,beauty,25.216567,55.260528
osm-n7468794397,The art of shaving,hairdresser,25.028988,55.106816
osm-n7468794398,Super Trim Women's Salon,hairdresser,25.028282,55.107848
osm-n7719767618,Harley's,hairdresser,25.169352,55.241352
osm-n7756043213,Harley's,hairdresser,25.065984,55.191605
osm-n7760307037,Glam Flow,beauty,25.245948,55.305524
osm-n7843646154,Adara ladies saloon,hairdresser,25.240302,55.305211
osm-n7843646161,Ultra Beauty,beauty,25.23079,55.263207
osm-n7883043060,Konjo Ladies Salon,hairdresser,25.05984,55.241414
osm-n7887187737,Zulekha,beauty,25.249616,55.303206
osm-n7987381330,Companion Beauty Salon & SPA,beauty,25.189071,55.383166
osm-n7987381331,Companion Beauty Salon & SPA,beauty,25.119237,55.394385
osm-n7987381333,Companion Beauty Salon & SPA,beauty,25.282297,55.397809
osm-n7987384633,Professional Hair Fixing,hairdresser,25.236158,55.276414
osm-n8167206047,5 Degrees,hairdresser,25.192593,55.288755
osm-n8236965982,Revamp,beauty,25.063635,55.247456
osm-n8236965983,Revamp,hairdresser,25.054593,55.21184
osm-n8236966003,Siryano,beauty,25.191827,55.261851
osm-n8236966012,Beauty Solution Slim SPA,beauty,25.170077,55.242112
osm-n8300972395,Indulge Ladies Hair and Beauty Lounge,hairdresser,25.262526,55.300101
osm-n8563098717,Lolla Beauty Centre,hairdresser,25.097425,55.170588
osm-n8593596010,Style 360,hairdresser,25.115803,55.20301
osm-n8598654815,Plush Tan,beauty,25.096983,55.173304
osm-n8604559426,East Elegance Beauty Salon,hairdresser,25.095691,55.17368
osm-n8606493917,,hairdresser,25.308068,55.373038
osm-n8611190472,Dial a Nail,beauty,25.095557,55.175618
osm-n8628977660,SNIP For Her,hairdresser,25.095174,55.178466
osm-n8629119853,The Red Lounge,hairdresser,25.098324,55.1759
osm-n8629261862,Posh Nails,beauty,25.099603,55.177974
osm-n8658652992,Style Express Beauty Salon,beauty,25.240776,55.300098
osm-n8742379545,Elmax Salon & Spa,hairdresser,25.065799,55.137951
osm-n8828123817,,hairdresser,25.070058,55.127189
osm-n8828123917,,beauty,25.070085,55.127051
osm-n8872381761,Art Avenue,hairdresser,25.043049,55.188765
osm-n8872381767,Perfect Nail,beauty,25.250238,55.343537
osm-n8872381768,Perfect Nail,beauty,25.267638,55.382963
osm-n8894624310,Ranim & John's Beauty Salon,hairdresser,25.194866,55.28271
osm-n8944232392,Desert Island Club & SPA,beauty,25.05298,55.208176
osm-n9047304485,Golden Jewel Ladies Salon,beauty,25.233589,55.277524
osm-n9047304490,Mehr Mah Beauty,beauty,25.07748,55.135202
osm-n9047304491,Mehr Mah Beauty,beauty,25.190117,55.26579
osm-n9129677004,Beauty Lounge Ladies Salon,beauty,25.113537,55.194595
osm-n9379438438,Eman ladies beauty salon,beauty,25.152513,55.2139
osm-n9509847187,Figaro,hairdresser,25.107794,55.371811
osm-n9677284951,Broz & Family,hairdresser,25.05325,55.199344
osm-n9681956665,The Clippers,hairdresser,25.076115,55.146032
osm-n9682003637,The Clippers,hairdresser,25.062576,55.137539
osm-n9717543322,Pistache Beauty Saloon,beauty,25.142569,55.315317
osm-n9820596518,,hairdresser,25.252681,55.334218
osm-n9820596817,,hairdresser,25.253665,55.333372
osm-n9820597218,,beauty,25.254125,55.327801
osm-n9820597418,,hairdresser,25.254138,55.329525
osm-n9840493204,Antiochia,hairdresser,25.045825,55.23944
osm-n9856508282,Beauty Corner Ladies Salon,hairdresser,25.035089,55.146765
osm-n9856508283,Tito Brothers,hairdresser,25.03513,55.146705
osm-n9860938054,Cloud 4 Beauty Salon,hairdresser,25.033059,55.141084
osm-n9888550594,صالون ذا فينومينال للرجال,hairdresser,25.04811,55.207527
osm-n9956589807,Le Michel Salons Bur Dubai,beauty,25.253393,55.293529
osm-n9956947595,Le Michel Salons JLT(Jumeirah Lakes Towers),beauty,25.067366,55.141906
osm-w1105978432,The Nordic Inernational Beauty and Training Centre,beauty,25.14256,55.206932
osm-w1121707313,City Cut Saloon,hairdresser,25.315931,55.45568
osm-w377464342,Saigon Ladies Salon & Spa,beauty,25.292537,55.369112
osm-w443238595,Al Magara,hairdresser,25.083514,55.209288
osm-w497508812,Silkor,beauty,25.158347,55.20605
osm-w500545440,Honeymoon Salon,beauty,25.151492,55.213947
osm-w500545460,Carnival Health SPA 2,beauty,25.142276,55.206696
osm-w500798085,Beverly Hills Beauty,beauty,25.165323,55.223605
osm-w503657699,Sarona Beauty Center,beauty,25.284844,55.341433
