branch_id,title,emirate,locator_address,locator_lat,locator_lng,place_id,name,address,lat,lng,rating,review_count,status,primary_type,pin_offset_km,fetched_at
al-ain,Al Ain,Abu Dhabi,"Villa 14, Hamdan Bin Mohammad St. , Al Markaniyah, Al Ain - Abu Dhabi",24.2412888,55.7409794,ChIJaVP-IbGtij4REpj8CjkEfdo,Bedashing Beauty Lounge Al Ain,Villa 18 Hamdan Bin Mohammad St - Al Markaniyah - Muaifaa - Abu Dhabi - United Arab Emirates,24.2266835,55.6599794,4.7,1332,OPERATIONAL,beauty_salon,8.372,2026-10-08
al-barsha,Al Barsha,Dubai,"Shop 1,2 - 3 Umm Suqeim St - Al Barsha 2 - Dubai",25.1136617,55.2145715,ChIJ692_u5NrXz4RTD99fc17TzU,Bedashing Beauty Lounge Al Barsha,"Shop 1,2 - 3 Umm Suqeim St - Al Barsha Second - Al Barsha - Dubai - United Arab Emirates",25.1131451,55.2156092,4.6,753,OPERATIONAL,beauty_salon,0.119,2026-10-08
al-dhafra,Al Dhafra Branch,Abu Dhabi,"Al Dhafra Walk, Liwa - Tarif Rd - Zayed City - Abu Dhabi",23.628053,53.714108,ChIJNxX7ddBnZz4RvodXaYBSH6Q,Bedashing Beauty Lounge - Al Dhafra,Al Dhafra Walk - Liwa - Tarif Rd - Madinat Za'id - Commercial Area - Abu Dhabi - United Arab Emirates,23.628052399999998,53.7141144,4.5,359,OPERATIONAL,beauty_salon,0.001,2026-10-08
al-falah,Al Falah,Abu Dhabi,"Al Falah Village 4, 1D Branch, Abu Dhabi",24.4583082,54.73979970000001,ChIJhST-PqhLXj4R4Ns1HCNIcjA,Bedashing Beauty Lounge Al Falah,Abu Dhabi - Al Falah - 1D - Abu Dhabi - United Arab Emirates,24.442893899999998,54.7396974,4.6,951,OPERATIONAL,beauty_salon,1.714,2026-10-08
al-jada,Al Jada,Sharjah,"Shop No. M-18, Misk 2, Muwaileh Trading, Sharjah",25.3192517,55.4795822,ChIJYcoAMNNfXz4RhygkXYRIdZk,Bedashing Beauty Lounge Al Jada,Misk 2 Muwaileh Trading - Shop No. M-18 - Muwaileh Commercial - Sharjah - United Arab Emirates,25.319209599999997,55.4799114,4.5,620,OPERATIONAL,beauty_salon,0.033,2026-10-08
al-maqta,Al Maqta,Abu Dhabi,Opposite Fairmont Bab Al Bahr - Villa number: 31 - 2 Al Khor St - Al Maqta' - Abu Dhabi,24.4151334,54.4903463,ChIJIcgTO9ZDXj4RbWXJ_yrpjuM,Bedashing Beauty Lounge Al Maqta,Villa number: 31 - opposite Fairmont Bab Al Bahr - 2 شارع حمد محمد ثاني الرميثي - ربدان - ربدان 2 - أبو ظبي - United Arab Emirates,24.4130516,54.492955599999995,4.6,1295,OPERATIONAL,beauty_salon,0.351,2026-10-08
al-taif-mall,Al Taif Mall,Fujairah,"Shop: G/F 13, Al Taif Mall, Al Taif Mall, Fujairah.",25.1203258,56.32583349999999,ChIJ0ePl4Sz59D4RPDea70PHVSs,Bedashing Beauty Lounge Al Taif Mall,Bedashing Beauty Lounge – Taif Mall Fujairah Al Taif Mall Shop: G/F 13 - مركز مدينة الفجيرة - إمارة الفجيرة - United Arab Emirates,25.120260599999998,56.3253503,4.7,499,OPERATIONAL,beauty_salon,0.049,2026-10-08
baniyas,Baniyas,Abu Dhabi,"Villa D, Baniyas East 8, Opposite to Lulu Hypermarket, Abu Dhabi.",24.3063204,54.6109348,ChIJ5ch6Hag3Xj4RlU_4s1p7o8s,Bedashing Beauty Lounge Baniyas,Villa 4 Number 22 - Al Suqa Street - Bani Yas - Baniyas East - Abu Dhabi - United Arab Emirates,24.2973631,54.6332474,4.5,697,OPERATIONAL,beauty_salon,2.471,2026-10-08
city-walk,City Walk,Dubai,"18A-06 Al Raha Street, City Walk",25.201991012471893,55.26383744697417,ChIJgarf82RCXz4Rk5W7_Oh9ZCM,Bedashing Beauty Lounge City Walk,City Walk Dubai - Dubai - الوصل - دبي - United Arab Emirates,25.2019849,55.2638147,4.6,857,OPERATIONAL,beauty_salon,0.002,2026-10-08
delma,Delma,Abu Dhabi,"Shop 1 & 2 Kim Tower, Delma St (Al Nahayan Area), Abu Dhabi, UAE",24.4724285,54.3924925,ChIJ_Vu7UilmXj4R0AsGTzHwkaU,Bedashing Beauty Lounge Delma,"Shop 1 & 2, Kim Tower - Delma Street - behind Trans Ad Building - Al Nahyan Area - E25 - Abu Dhabi - United Arab Emirates",24.467954,54.384779599999995,4.6,676,OPERATIONAL,beauty_salon,0.926,2026-10-08
jumeirah-park,Jumeirah Park,Dubai,"Shop 17 & 18, Jumeirah Park Club House - Jumeirah Park - Dubai",25.0410563,55.1644674,ChIJ-0P7Jf1tXz4Rje7-0YFcM3Q,Bedashing Beauty Lounge Jumeirah Park,"Shop 17 & 18, Jumeirah Park Club House - الثنيه الخامسة - Jumeirah Park - دبي - United Arab Emirates",25.039154000000003,55.1659736,4.8,447,OPERATIONAL,beauty_salon,0.26,2026-10-08
khaleej-al-arabi,Khaleej Al Arabi,Abu Dhabi,"Opposite Al Bateen Gardens, Next to Mubarak Bin Muhamad School, Khaleej Al Arabi Street, Between Al Falah and Defence Road, Abu Dhabi, UAE.",24.4730534,54.3737489,ChIJ7Q7KjQNmXj4ROEhXBTwMTWk,Bedashing Beauty Lounge Khaleej Al Arabi,"Villa 487, Next to Mubarak Bin Muhamad School - الخالدية - غرب 17 2 - أبو ظبي - United Arab Emirates",24.458870200000003,54.3537762,4.6,1753,OPERATIONAL,beauty_salon,2.564,2026-10-08
khalifa-city-a,Khalifa City A,Abu Dhabi,"Villa 1, Casablanca Residence, Beside Mashreq Bank, Khalifa City A, Abu Dhabi, UAE",24.4400318,54.5989826,ChIJew69Lv1FXj4RjK59U-COz1k,Bedashing Beauty Lounge Khalifa City A,Al Mireef St - Khalifa City - SE42 - Abu Dhabi - United Arab Emirates,24.439980499999997,54.598905599999995,4.5,2465,OPERATIONAL,beauty_salon,0.01,2026-10-08
ministries-complex,Ministries Complex,Abu Dhabi,"Shop No - 3, ICT Building, Khalifa Park (Ministry Area), Beside Union National Bank, Abu Dhabi, UAE",24.4255478,54.4694026,ChIJRfTVvZVDXj4RZZRKmMGM9cs,Bedashing Beauty Lounge Ministries Complex,"Shop No. 3, ICT Building, Khalifa Park ,Ministry Area - المنتزه - شرق 48 - أبو ظبي - United Arab Emirates",24.432147,54.4647516,4.9,1217,OPERATIONAL,beauty_salon,0.872,2026-10-08
mirdif-35,Mirdif 35,Dubai,"Khansaheb Mirdif 35, Level 2, Unit L2 -10, Dubai, UAE",25.232337,55.433024,ChIJJym1WZlgXz4RDU-v4mRhckE,Bedashing Beauty Lounge - Mirdif 35,"Mirdif 35, Level 2, unit L2-10, dubai - مردف - دبي - United Arab Emirates",25.2322986,55.4329599,4.5,817,OPERATIONAL,beauty_salon,0.008,2026-10-08
mohammed-bin-zayed-city,Mohammed Bin Zayed City,Abu Dhabi,"Villa No: 5 69 Al Raqi St - Abu Dhabi, UAE",24.3663809,54.5403604,ChIJ1acVeH1HXj4RSli59C2hk2k,Bedashing Beauty Lounge Mohammad Bin Zayed City,69 شارع الرَاقِي - Mohamed Bin Zayed City - Z1 - Abu Dhabi - United Arab Emirates,24.3667831,54.5403404,4.4,834,OPERATIONAL,beauty_salon,0.045,2026-10-08
nad-al-sheba,Nad Al Sheba,Dubai,"Nad Al Sheba Mall, Nad Al Sheba 3 - Dubai, Shop No. L2-048 - Dubai",25.2004324,55.3862638,ChIJR6DuRulnXz4RsewBFpNYmzQ,Bedashing Beauty Lounge Nad Al Sheba,"5959+RVJ - Nad Al Sheba - Nad Al Sheba 3 - Dubai, Shop No. L2-048 - Mall - ند الشبا ٣ - ند الشبا - دبي - United Arab Emirates",25.1595625,55.3696875,4.6,631,OPERATIONAL,beauty_salon,4.841,2026-10-08
noya-plaza,Noya Plaza,Abu Dhabi,"Noya Plaza, East Yas - G 22 - Yas Island - YN7",24.4995864,54.625432,ChIJ8ZtA3AhPXj4R9bv4hORDLjI,Bedashing Beauty Lounge Noya Plaza,"FJXG+R5 Noya Plaza, East Yas - G 22 - Yas Island - Al Dar Labour Village - Abu Dhabi - United Arab Emirates",24.4995625,54.6254375,4.7,215,OPERATIONAL,beauty_salon,0.003,2026-10-08
ras-al-khaimah,Ras Al Khaimah,Ras Al Khaimah,"Villa 3, Sheikh Rashid Bin Saeed Al Maktoum Rd, Beside Al Neem City Center, Al Dhaith, Ras Al Khaimah.",25.7554573,55.9095698,ChIJSU1oGll19j4RCktPt_Pr5o0,Bedashing Beauty Lounge RAK,Villa 66 Sheikh Rashid Bin Saeed Al Maktoum Rd - Al Dhaith - Ras Al Khaimah - United Arab Emirates,25.751541,55.919871699999995,4.5,772,OPERATIONAL,beauty_salon,1.12,2026-10-08
shahama,Shahama,Abu Dhabi,"Abu Dhabi – Al Shahama Rd , Abu Dhabi",24.4317088,54.5521412,ChIJh9wAonFPXj4R6P2_rlevv90,Bedashing Beauty Lounge,"Abu Dhabi - Al Shahama Road Deerfields Mall, Shop No 419B - الباهية - الباهية القديمة - أبو ظبي - United Arab Emirates",24.5243742,54.671896499999995,4.6,757,OPERATIONAL,beauty_salon,15.908,2026-10-08
shakhbout-city,Shakhbout City,Abu Dhabi,"Bedashing Beauty Lounge, Shakhbout City 3, Abu Dhabi, UAE",24.3481854,54.6238561,ChIJDbcz2A9tXz4RnqvVPtIP15c,Bedashing Beauty Lounge Shakhbout City,shakhbout city 3 - مدينة شخبوط - مدينة شخبوط 3 - أبو ظبي - United Arab Emirates,24.3481854,54.6238561,4.5,1277,OPERATIONAL,beauty_salon,0.0,2026-10-08
westyas,Westyas Branch,Abu Dhabi,"Westyas Plaza, Yas Island, Abu Dhabi.",24.4934495,54.5870107,ChIJURfcOI9FXj4RQMm5phqBgY8,Bedashing Beauty Lounge West Yas,West Yas Plaza - جزيرة ياس - ياس جنوب 3 04 - أبو ظبي - United Arab Emirates,24.493492399999997,54.586836899999994,4.6,733,OPERATIONAL,beauty_salon,0.018,2026-10-08
zawaya-walk,Zawaya Walk,Sharjah,Shop 32 & 33 - Zawaya Walk - University City Rd - Al Shahba - Sharjah,25.3306234,55.4294728,ChIJNY29cDNZXz4RT5H-KSCWfCo,Bedashing Beauty Lounge Zawaya Walk,Zawaya Walk - Shop 32 & 33 - طريق المدينة الجامعية - الشهباء - ضاحية مغيدر - الشارقة - United Arab Emirates,25.3306234,55.4294728,4.6,602,OPERATIONAL,beauty_salon,0.0,2026-10-08
zayed-international-airport,Zayed International Airport,Abu Dhabi,"International Airport - Midfield Terminal, Abu Dhabi",24.4539811,54.627391,ChIJD4c_XalPXj4RdqRn4Ir54qU,Bedashing Beauty Lounge - Zayed International Airport (AUH),Midfield Terminal - International Airport - RU2-068 - المطار - مطار زايد الدولي - أبو ظبي - United Arab Emirates,24.452771799999997,54.641142099999996,4.9,535,OPERATIONAL,beauty_salon,1.398,2026-10-08
