cell_id,level,branch_id
r90c206,low,al-ain
r90c209,low,al-ain
r90c210,low,al-ain
r91c208,low,al-ain
r91c209,low,al-ain
r91c210,low,al-ain
r91c211,low,al-ain
r92c203,low,al-ain
r92c207,low,al-ain
r92c208,low,al-ain
r92c209,low,al-ain
r92c210,low,al-ain
r93c204,low,al-ain
r93c205,low,al-ain
r93c206,low,al-ain
r93c207,low,al-ain
r93c208,low,al-ain
r93c209,low,al-ain
r44c187,low,al-barsha
r45c185,low,al-barsha
r45c186,low,al-barsha
r45c187,low,al-barsha
r45c188,low,al-barsha
r46c184,low,al-barsha
r46c185,low,al-barsha
r46c186,low,al-barsha
r46c187,low,al-barsha
r46c188,low,al-barsha
r47c184,low,al-barsha
r47c185,low,al-barsha
r47c186,low,al-barsha
r47c187,low,al-barsha
r48c183,low,al-barsha
r48c184,low,al-barsha
r48c185,low,al-barsha
r48c186,low,al-barsha
r48c187,low,al-barsha
r49c184,low,al-barsha
r49c185,low,al-barsha
r49c186,low,al-barsha
r49c187,low,al-barsha
r50c185,low,al-barsha
r50c186,low,al-barsha
r50c187,low,al-barsha
r51c187,low,al-barsha
r120c109,low,al-dhafra
r120c110,low,al-dhafra
r120c111,low,al-dhafra
r121c109,low,al-dhafra
r121c110,low,al-dhafra
r121c111,low,al-dhafra
r122c109,low,al-dhafra
r122c110,low,al-dhafra
r122c111,low,al-dhafra
r124c111,low,al-dhafra
r80c160,low,al-falah
r80c161,low,al-falah
r80c162,low,al-falah
r81c160,low,al-falah
r81c161,low,al-falah
r81c162,low,al-falah
r82c161,low,al-falah
r82c162,low,al-falah
r82c163,low,al-falah
r83c162,low,al-falah
r36c198,low,al-jada
r37c197,low,al-jada
r37c198,low,al-jada
r37c199,low,al-jada
r37c200,low,al-jada
r38c198,low,al-jada
r38c199,low,al-jada
r38c200,low,al-jada
r39c198,low,al-jada
r81c150,low,al-maqta
r81c154,low,al-maqta
r82c147,low,al-maqta
r82c148,low,al-maqta
r82c149,low,al-maqta
r82c150,low,al-maqta
r82c151,low,al-maqta
r82c152,low,al-maqta
r83c149,low,al-maqta
r83c150,low,al-maqta
r83c151,low,al-maqta
r84c151,low,al-maqta
r84c152,low,al-maqta
r46c239,low,al-taif-mall
r46c241,low,al-taif-mall
r46c242,low,al-taif-mall
r47c239,low,al-taif-mall
r47c240,low,al-taif-mall
r47c241,low,al-taif-mall
r47c242,low,al-taif-mall
r48c238,low,al-taif-mall
r48c242,low,al-taif-mall
r85c157,low,baniyas
r86c154,low,baniyas
r87c154,low,baniyas
r87c155,low,baniyas
r87c156,low,baniyas
r87c157,low,baniyas
r88c153,low,baniyas
r88c154,low,baniyas
r88c155,low,baniyas
r88c156,low,baniyas
r88c157,low,baniyas
r88c158,low,baniyas
r89c156,low,baniyas
r89c157,low,baniyas
r89c158,low,baniyas
r90c157,low,baniyas
r90c158,low,baniyas
r90c159,low,baniyas
r41c188,low,city-walk
r41c190,low,city-walk
r42c188,low,city-walk
r42c189,low,city-walk
r42c190,low,city-walk
r42c191,low,city-walk
r43c187,low,city-walk
r43c188,low,city-walk
r43c189,low,city-walk
r43c190,low,city-walk
r44c186,low,city-walk
r44c187,low,city-walk
r44c188,low,city-walk
r44c190,low,city-walk
r45c186,low,city-walk
r45c187,low,city-walk
r45c188,low,city-walk
r46c185,low,city-walk
r78c143,low,delma
r78c144,low,delma
r78c145,low,delma
r79c142,low,delma
r79c143,low,delma
r79c144,low,delma
r79c145,low,delma
r80c142,low,delma
r80c143,low,delma
r80c144,low,delma
r80c145,low,delma
r81c143,low,delma
r81c144,low,delma
r81c145,low,delma
r81c146,low,delma
r81c147,low,delma
r49c182,low,jumeirah-park
r50c181,low,jumeirah-park
r50c182,low,jumeirah-park
r50c183,low,jumeirah-park
r50c184,low,jumeirah-park
r51c181,low,jumeirah-park
r51c182,low,jumeirah-park
r51c183,low,jumeirah-park
r51c184,low,jumeirah-park
r52c182,low,jumeirah-park
r53c182,low,jumeirah-park
r78c143,low,khaleej-al-arabi
r79c142,low,khaleej-al-arabi
r79c143,low,khaleej-al-arabi
r79c144,low,khaleej-al-arabi
r80c141,low,khaleej-al-arabi
r80c142,low,khaleej-al-arabi
r80c143,low,khaleej-al-arabi
r80c144,low,khaleej-al-arabi
r81c143,low,khaleej-al-arabi
r76c159,low,khalifa-city-a
r78c154,low,khalifa-city-a
r78c156,low,khalifa-city-a
r79c156,low,khalifa-city-a
r80c155,low,khalifa-city-a
r80c156,low,khalifa-city-a
r81c153,low,khalifa-city-a
r81c154,low,khalifa-city-a
r81c155,low,khalifa-city-a
r81c156,low,khalifa-city-a
r82c150,low,khalifa-city-a
r82c152,low,khalifa-city-a
r82c153,low,khalifa-city-a
r82c154,low,khalifa-city-a
r82c155,low,khalifa-city-a
r82c156,low,khalifa-city-a
r81c146,low,ministries-complex
r81c147,low,ministries-complex
r81c148,low,ministries-complex
r81c150,low,ministries-complex
r82c146,low,ministries-complex
r82c147,low,ministries-complex
r82c148,low,ministries-complex
r82c149,low,ministries-complex
r82c150,low,ministries-complex
r83c148,low,ministries-complex
r83c149,low,ministries-complex
r83c150,low,ministries-complex
r83c151,low,ministries-complex
r84c152,low,ministries-complex
r40c194,low,mirdif-35
r40c195,low,mirdif-35
r40c196,low,mirdif-35
r40c197,low,mirdif-35
r41c193,low,mirdif-35
r41c194,low,mirdif-35
r41c195,low,mirdif-35
r41c196,low,mirdif-35
r41c197,low,mirdif-35
r41c198,low,mirdif-35
r42c194,low,mirdif-35
r42c195,low,mirdif-35
r42c196,low,mirdif-35
r42c197,low,mirdif-35
r42c198,low,mirdif-35
r42c199,low,mirdif-35
r43c195,low,mirdif-35
r43c196,low,mirdif-35
r43c197,low,mirdif-35
r82c150,low,mohammed-bin-zayed-city
r83c150,low,mohammed-bin-zayed-city
r83c151,low,mohammed-bin-zayed-city
r83c154,low,mohammed-bin-zayed-city
r84c151,low,mohammed-bin-zayed-city
r84c152,low,mohammed-bin-zayed-city
r85c151,low,mohammed-bin-zayed-city
r85c152,low,mohammed-bin-zayed-city
r85c153,low,mohammed-bin-zayed-city
r86c151,low,mohammed-bin-zayed-city
r86c152,low,mohammed-bin-zayed-city
r86c153,low,mohammed-bin-zayed-city
r86c154,low,mohammed-bin-zayed-city
r87c154,low,mohammed-bin-zayed-city
r88c154,low,mohammed-bin-zayed-city
r43c192,low,nad-al-sheba
r43c194,low,nad-al-sheba
r44c191,low,nad-al-sheba
r44c192,low,nad-al-sheba
r44c193,low,nad-al-sheba
r44c194,low,nad-al-sheba
r45c191,low,nad-al-sheba
r45c192,low,nad-al-sheba
r45c193,low,nad-al-sheba
r45c194,low,nad-al-sheba
r45c195,low,nad-al-sheba
r45c196,low,nad-al-sheba
r46c192,low,nad-al-sheba
r46c193,low,nad-al-sheba
r46c196,low,nad-al-sheba
r47c193,low,nad-al-sheba
r78c154,low,noya-plaza
r78c155,low,noya-plaza
r78c156,low,noya-plaza
r79c155,low,noya-plaza
r79c156,low,noya-plaza
r80c156,low,noya-plaza
r13c222,low,ras-al-khaimah
r14c221,low,ras-al-khaimah
r14c223,low,ras-al-khaimah
r15c221,low,ras-al-khaimah
r15c222,low,ras-al-khaimah
r15c223,low,ras-al-khaimah
r16c219,low,ras-al-khaimah
r16c220,low,ras-al-khaimah
r16c221,low,ras-al-khaimah
r16c222,low,ras-al-khaimah
r17c218,low,ras-al-khaimah
r17c219,low,ras-al-khaimah
r17c220,low,ras-al-khaimah
r17c222,low,ras-al-khaimah
r17c223,low,ras-al-khaimah
r76c156,low,shahama
r76c157,low,shahama
r76c158,low,shahama
r76c159,low,shahama
r77c157,low,shahama
r77c158,low,shahama
r77c159,low,shahama
r78c154,low,shahama
r78c156,low,shahama
r79c156,low,shahama
r80c156,low,shahama
r83c158,low,shakhbout-city
r84c155,low,shakhbout-city
r84c156,low,shakhbout-city
r84c157,low,shakhbout-city
r84c158,low,shakhbout-city
r85c153,low,shakhbout-city
r85c154,low,shakhbout-city
r85c155,low,shakhbout-city
r85c156,low,shakhbout-city
r85c157,low,shakhbout-city
r85c158,low,shakhbout-city
r86c153,low,shakhbout-city
r86c154,low,shakhbout-city
r86c155,low,shakhbout-city
r86c156,low,shakhbout-city
r86c157,low,shakhbout-city
r87c154,low,shakhbout-city
r87c155,low,shakhbout-city
r87c156,low,shakhbout-city
r87c157,low,shakhbout-city
r88c153,low,shakhbout-city
r88c154,low,shakhbout-city
r88c155,low,shakhbout-city
r88c156,low,shakhbout-city
r88c157,low,shakhbout-city
r89c157,low,shakhbout-city
r78c154,low,westyas
r78c155,low,westyas
r78c156,low,westyas
r79c155,low,westyas
r79c156,low,westyas
r80c155,low,westyas
r80c156,low,westyas
r35c195,low,zawaya-walk
r35c196,low,zawaya-walk
r35c197,low,zawaya-walk
r36c194,low,zawaya-walk
r36c195,low,zawaya-walk
r36c196,low,zawaya-walk
r36c197,low,zawaya-walk
r36c198,low,zawaya-walk
r37c195,low,zawaya-walk
r37c196,low,zawaya-walk
r37c197,low,zawaya-walk
r37c198,low,zawaya-walk
r76c159,low,zayed-international-airport
r77c158,low,zayed-international-airport
r78c156,low,zayed-international-airport
r79c156,low,zayed-international-airport
r80c155,low,zayed-international-airport
r80c156,low,zayed-international-airport
r81c154,low,zayed-international-airport
r81c155,low,zayed-international-airport
r82c155,low,zayed-international-airport
r82c156,low,zayed-international-airport
r89c208,medium,al-ain
r89c211,medium,al-ain
r90c206,medium,al-ain
r90c208,medium,al-ain
r90c209,medium,al-ain
r90c210,medium,al-ain
r90c211,medium,al-ain
r91c202,medium,al-ain
r91c206,medium,al-ain
r91c208,medium,al-ain
r91c209,medium,al-ain
r91c210,medium,al-ain
r91c211,medium,al-ain
r91c212,medium,al-ain
r92c201,medium,al-ain
r92c202,medium,al-ain
r92c203,medium,al-ain
r92c204,medium,al-ain
r92c206,medium,al-ain
r92c207,medium,al-ain
r92c208,medium,al-ain
r92c209,medium,al-ain
r92c210,medium,al-ain
r92c211,medium,al-ain
r92c212,medium,al-ain
r93c202,medium,al-ain
r93c203,medium,al-ain
r93c204,medium,al-ain
r93c205,medium,al-ain
r93c206,medium,al-ain
r93c207,medium,al-ain
r93c208,medium,al-ain
r93c209,medium,al-ain
r93c210,medium,al-ain
r93c211,medium,al-ain
r94c202,medium,al-ain
r94c204,medium,al-ain
r94c205,medium,al-ain
r94c206,medium,al-ain
r94c207,medium,al-ain
r94c208,medium,al-ain
r94c209,medium,al-ain
r94c210,medium,al-ain
r94c211,medium,al-ain
r95c207,medium,al-ain
r95c208,medium,al-ain
r95c209,medium,al-ain
r95c210,medium,al-ain
r96c210,medium,al-ain
r43c187,medium,al-barsha
r43c188,medium,al-barsha
r43c189,medium,al-barsha
r43c190,medium,al-barsha
r44c186,medium,al-barsha
r44c187,medium,al-barsha
r44c188,medium,al-barsha
r44c189,medium,al-barsha
r44c190,medium,al-barsha
r44c191,medium,al-barsha
r45c185,medium,al-barsha
r45c186,medium,al-barsha
r45c187,medium,al-barsha
r45c188,medium,al-barsha
r45c189,medium,al-barsha
r46c184,medium,al-barsha
r46c185,medium,al-barsha
r46c186,medium,al-barsha
r46c187,medium,al-barsha
r46c188,medium,al-barsha
r46c189,medium,al-barsha
r47c184,medium,al-barsha
r47c185,medium,al-barsha
r47c186,medium,al-barsha
r47c187,medium,al-barsha
r47c188,medium,al-barsha
r48c183,medium,al-barsha
r48c184,medium,al-barsha
r48c185,medium,al-barsha
r48c186,medium,al-barsha
r48c187,medium,al-barsha
r49c182,medium,al-barsha
r49c183,medium,al-barsha
r49c184,medium,al-barsha
r49c185,medium,al-barsha
r49c186,medium,al-barsha
r49c187,medium,al-barsha
r49c190,medium,al-barsha
r49c191,medium,al-barsha
r50c181,medium,al-barsha
r50c182,medium,al-barsha
r50c183,medium,al-barsha
r50c184,medium,al-barsha
r50c185,medium,al-barsha
r50c186,medium,al-barsha
r50c187,medium,al-barsha
r50c188,medium,al-barsha
r50c189,medium,al-barsha
r51c182,medium,al-barsha
r51c183,medium,al-barsha
r51c184,medium,al-barsha
r51c185,medium,al-barsha
r51c186,medium,al-barsha
r51c187,medium,al-barsha
r51c188,medium,al-barsha
r51c189,medium,al-barsha
r52c182,medium,al-barsha
r52c185,medium,al-barsha
r52c186,medium,al-barsha
r52c187,medium,al-barsha
r52c188,medium,al-barsha
r53c184,medium,al-barsha
r53c189,medium,al-barsha
r53c190,medium,al-barsha
r119c109,medium,al-dhafra
r119c110,medium,al-dhafra
r119c111,medium,al-dhafra
r120c106,medium,al-dhafra
r120c107,medium,al-dhafra
r120c108,medium,al-dhafra
r120c109,medium,al-dhafra
r120c110,medium,al-dhafra
r120c111,medium,al-dhafra
r120c112,medium,al-dhafra
r121c109,medium,al-dhafra
r121c110,medium,al-dhafra
r121c111,medium,al-dhafra
r122c109,medium,al-dhafra
r122c110,medium,al-dhafra
r122c111,medium,al-dhafra
r124c111,medium,al-dhafra
r125c112,medium,al-dhafra
r125c113,medium,al-dhafra
r75c162,medium,al-falah
r76c162,medium,al-falah
r80c158,medium,al-falah
r80c159,medium,al-falah
r80c160,medium,al-falah
r80c161,medium,al-falah
r80c162,medium,al-falah
r81c159,medium,al-falah
r81c160,medium,al-falah
r81c161,medium,al-falah
r81c162,medium,al-falah
r82c156,medium,al-falah
r82c157,medium,al-falah
r82c160,medium,al-falah
r82c161,medium,al-falah
r82c162,medium,al-falah
r82c163,medium,al-falah
r83c158,medium,al-falah
r83c159,medium,al-falah
r83c160,medium,al-falah
r83c161,medium,al-falah
r83c162,medium,al-falah
r84c159,medium,al-falah
r84c160,medium,al-falah
r84c161,medium,al-falah
r84c162,medium,al-falah
r85c157,medium,al-falah
r85c160,medium,al-falah
r35c197,medium,al-jada
r35c198,medium,al-jada
r35c199,medium,al-jada
r35c201,medium,al-jada
r36c196,medium,al-jada
r36c197,medium,al-jada
r36c198,medium,al-jada
r36c199,medium,al-jada
r36c202,medium,al-jada
r36c203,medium,al-jada
r37c196,medium,al-jada
r37c197,medium,al-jada
r37c198,medium,al-jada
r37c199,medium,al-jada
r37c200,medium,al-jada
r37c201,medium,al-jada
r37c202,medium,al-jada
r37c203,medium,al-jada
r38c197,medium,al-jada
r38c198,medium,al-jada
r38c199,medium,al-jada
r38c200,medium,al-jada
r38c201,medium,al-jada
r38c202,medium,al-jada
r38c204,medium,al-jada
r39c197,medium,al-jada
r39c198,medium,al-jada
r39c199,medium,al-jada
r39c200,medium,al-jada
r39c201,medium,al-jada
r40c200,medium,al-jada
r79c144,medium,al-maqta
r80c144,medium,al-maqta
r80c156,medium,al-maqta
r81c145,medium,al-maqta
r81c146,medium,al-maqta
r81c147,medium,al-maqta
r81c148,medium,al-maqta
r81c149,medium,al-maqta
r81c150,medium,al-maqta
r81c151,medium,al-maqta
r81c153,medium,al-maqta
r81c154,medium,al-maqta
r81c155,medium,al-maqta
r82c146,medium,al-maqta
r82c147,medium,al-maqta
r82c148,medium,al-maqta
r82c149,medium,al-maqta
r82c150,medium,al-maqta
r82c151,medium,al-maqta
r82c152,medium,al-maqta
r82c153,medium,al-maqta
r82c154,medium,al-maqta
r82c155,medium,al-maqta
r82c156,medium,al-maqta
r83c148,medium,al-maqta
r83c149,medium,al-maqta
r83c150,medium,al-maqta
r83c151,medium,al-maqta
r83c152,medium,al-maqta
r83c153,medium,al-maqta
r83c154,medium,al-maqta
r84c149,medium,al-maqta
r84c150,medium,al-maqta
r84c151,medium,al-maqta
r84c152,medium,al-maqta
r84c153,medium,al-maqta
r84c155,medium,al-maqta
r85c149,medium,al-maqta
r85c150,medium,al-maqta
r85c151,medium,al-maqta
r85c152,medium,al-maqta
r85c153,medium,al-maqta
r85c154,medium,al-maqta
r85c155,medium,al-maqta
r86c150,medium,al-maqta
r86c151,medium,al-maqta
r86c152,medium,al-maqta
r86c153,medium,al-maqta
r86c154,medium,al-maqta
r87c150,medium,al-maqta
r87c151,medium,al-maqta
r87c152,medium,al-maqta
r87c153,medium,al-maqta
r87c154,medium,al-maqta
r87c155,medium,al-maqta
r88c152,medium,al-maqta
r88c153,medium,al-maqta
r88c154,medium,al-maqta
r88c155,medium,al-maqta
r89c157,medium,al-maqta
r45c241,medium,al-taif-mall
r45c242,medium,al-taif-mall
r46c236,medium,al-taif-mall
r46c237,medium,al-taif-mall
r46c238,medium,al-taif-mall
r46c239,medium,al-taif-mall
r46c240,medium,al-taif-mall
r46c241,medium,al-taif-mall
r46c242,medium,al-taif-mall
r47c238,medium,al-taif-mall
r47c239,medium,al-taif-mall
r47c240,medium,al-taif-mall
r47c241,medium,al-taif-mall
r47c242,medium,al-taif-mall
r48c238,medium,al-taif-mall
r48c239,medium,al-taif-mall
r48c240,medium,al-taif-mall
r48c241,medium,al-taif-mall
r48c242,medium,al-taif-mall
r49c239,medium,al-taif-mall
r49c240,medium,al-taif-mall
r49c241,medium,al-taif-mall
r49c242,medium,al-taif-mall
r50c240,medium,al-taif-mall
r50c241,medium,al-taif-mall
r50c242,medium,al-taif-mall
r51c241,medium,al-taif-mall
r83c150,medium,baniyas
r83c158,medium,baniyas
r84c151,medium,baniyas
r84c152,medium,baniyas
r84c157,medium,baniyas
r84c158,medium,baniyas
r85c152,medium,baniyas
r85c153,medium,baniyas
r85c154,medium,baniyas
r85c155,medium,baniyas
r85c156,medium,baniyas
r85c157,medium,baniyas
r85c158,medium,baniyas
r86c151,medium,baniyas
r86c152,medium,baniyas
r86c153,medium,baniyas
r86c154,medium,baniyas
r86c155,medium,baniyas
r86c156,medium,baniyas
r86c157,medium,baniyas
r86c159,medium,baniyas
r87c151,medium,baniyas
r87c152,medium,baniyas
r87c153,medium,baniyas
r87c154,medium,baniyas
r87c155,medium,baniyas
r87c156,medium,baniyas
r87c157,medium,baniyas
r87c158,medium,baniyas
r87c159,medium,baniyas
r88c149,medium,baniyas
r88c150,medium,baniyas
r88c152,medium,baniyas
r88c153,medium,baniyas
r88c154,medium,baniyas
r88c155,medium,baniyas
r88c156,medium,baniyas
r88c157,medium,baniyas
r88c158,medium,baniyas
r89c150,medium,baniyas
r89c153,medium,baniyas
r89c154,medium,baniyas
r89c155,medium,baniyas
r89c156,medium,baniyas
r89c157,medium,baniyas
r89c158,medium,baniyas
r89c159,medium,baniyas
r90c154,medium,baniyas
r90c155,medium,baniyas
r90c156,medium,baniyas
r90c157,medium,baniyas
r90c158,medium,baniyas
r90c159,medium,baniyas
r90c160,medium,baniyas
r90c161,medium,baniyas
r91c157,medium,baniyas
r91c159,medium,baniyas
r91c160,medium,baniyas
r91c161,medium,baniyas
r91c162,medium,baniyas
r92c158,medium,baniyas
r92c159,medium,baniyas
r92c163,medium,baniyas
r39c190,medium,city-walk
r39c191,medium,city-walk
r40c188,medium,city-walk
r40c189,medium,city-walk
r40c190,medium,city-walk
r40c191,medium,city-walk
r41c188,medium,city-walk
r41c189,medium,city-walk
r41c190,medium,city-walk
r41c191,medium,city-walk
r41c192,medium,city-walk
r41c193,medium,city-walk
r42c186,medium,city-walk
r42c188,medium,city-walk
r42c189,medium,city-walk
r42c190,medium,city-walk
r42c191,medium,city-walk
r42c192,medium,city-walk
r42c193,medium,city-walk
r43c187,medium,city-walk
r43c188,medium,city-walk
r43c189,medium,city-walk
r43c190,medium,city-walk
r43c191,medium,city-walk
r43c192,medium,city-walk
r43c193,medium,city-walk
r44c186,medium,city-walk
r44c187,medium,city-walk
r44c188,medium,city-walk
r44c189,medium,city-walk
r44c190,medium,city-walk
r44c191,medium,city-walk
r44c192,medium,city-walk
r44c193,medium,city-walk
r44c194,medium,city-walk
r45c185,medium,city-walk
r45c186,medium,city-walk
r45c187,medium,city-walk
r45c188,medium,city-walk
r45c189,medium,city-walk
r45c190,medium,city-walk
r45c191,medium,city-walk
r46c184,medium,city-walk
r46c185,medium,city-walk
r46c186,medium,city-walk
r46c187,medium,city-walk
r46c188,medium,city-walk
r46c189,medium,city-walk
r46c190,medium,city-walk
r46c192,medium,city-walk
r47c185,medium,city-walk
r47c186,medium,city-walk
r47c187,medium,city-walk
r48c185,medium,city-walk
r48c186,medium,city-walk
r76c145,medium,delma
r76c146,medium,delma
r77c143,medium,delma
r77c144,medium,delma
r77c147,medium,delma
r78c143,medium,delma
r78c144,medium,delma
r78c145,medium,delma
r79c142,medium,delma
r79c143,medium,delma
r79c144,medium,delma
r79c145,medium,delma
r79c146,medium,delma
r79c147,medium,delma
r80c141,medium,delma
r80c142,medium,delma
r80c143,medium,delma
r80c144,medium,delma
r80c145,medium,delma
r81c143,medium,delma
r81c144,medium,delma
r81c145,medium,delma
r81c146,medium,delma
r81c147,medium,delma
r81c148,medium,delma
r82c145,medium,delma
r82c146,medium,delma
r82c147,medium,delma
r82c148,medium,delma
r82c149,medium,delma
r82c150,medium,delma
r83c148,medium,delma
r83c149,medium,delma
r83c150,medium,delma
r83c151,medium,delma
r48c183,medium,jumeirah-park
r48c184,medium,jumeirah-park
r48c185,medium,jumeirah-park
r49c182,medium,jumeirah-park
r49c183,medium,jumeirah-park
r49c184,medium,jumeirah-park
r49c185,medium,jumeirah-park
r49c186,medium,jumeirah-park
r50c181,medium,jumeirah-park
r50c182,medium,jumeirah-park
r50c183,medium,jumeirah-park
r50c184,medium,jumeirah-park
r50c185,medium,jumeirah-park
r50c186,medium,jumeirah-park
r50c187,medium,jumeirah-park
r51c180,medium,jumeirah-park
r51c181,medium,jumeirah-park
r51c182,medium,jumeirah-park
r51c183,medium,jumeirah-park
r51c184,medium,jumeirah-park
r51c185,medium,jumeirah-park
r51c186,medium,jumeirah-park
r51c187,medium,jumeirah-park
r52c180,medium,jumeirah-park
r52c181,medium,jumeirah-park
r52c182,medium,jumeirah-park
r52c183,medium,jumeirah-park
r52c184,medium,jumeirah-park
r52c185,medium,jumeirah-park
r53c180,medium,jumeirah-park
r53c181,medium,jumeirah-park
r53c182,medium,jumeirah-park
r53c183,medium,jumeirah-park
r53c184,medium,jumeirah-park
r54c181,medium,jumeirah-park
r54c182,medium,jumeirah-park
r54c183,medium,jumeirah-park
r54c185,medium,jumeirah-park
r55c182,medium,jumeirah-park
r77c143,medium,khaleej-al-arabi
r78c143,medium,khaleej-al-arabi
r78c144,medium,khaleej-al-arabi
r78c145,medium,khaleej-al-arabi
r79c142,medium,khaleej-al-arabi
r79c143,medium,khaleej-al-arabi
r79c144,medium,khaleej-al-arabi
r79c145,medium,khaleej-al-arabi
r80c140,medium,khaleej-al-arabi
r80c141,medium,khaleej-al-arabi
r80c142,medium,khaleej-al-arabi
r80c143,medium,khaleej-al-arabi
r80c144,medium,khaleej-al-arabi
r80c145,medium,khaleej-al-arabi
r81c143,medium,khaleej-al-arabi
r81c144,medium,khaleej-al-arabi
r81c145,medium,khaleej-al-arabi
r81c146,medium,khaleej-al-arabi
r82c145,medium,khaleej-al-arabi
r82c146,medium,khaleej-al-arabi
r82c147,medium,khaleej-al-arabi
r83c148,medium,khaleej-al-arabi
r75c159,medium,khalifa-city-a
r76c156,medium,khalifa-city-a
r76c157,medium,khalifa-city-a
r76c158,medium,khalifa-city-a
r76c159,medium,khalifa-city-a
r77c157,medium,khalifa-city-a
r77c158,medium,khalifa-city-a
r77c159,medium,khalifa-city-a
r78c154,medium,khalifa-city-a
r78c155,medium,khalifa-city-a
r78c156,medium,khalifa-city-a
r78c157,medium,khalifa-city-a
r78c158,medium,khalifa-city-a
r79c155,medium,khalifa-city-a
r79c156,medium,khalifa-city-a
r79c157,medium,khalifa-city-a
r79c158,medium,khalifa-city-a
r80c155,medium,khalifa-city-a
r80c156,medium,khalifa-city-a
r80c157,medium,khalifa-city-a
r80c158,medium,khalifa-city-a
r80c160,medium,khalifa-city-a
r80c161,medium,khalifa-city-a
r81c147,medium,khalifa-city-a
r81c150,medium,khalifa-city-a
r81c153,medium,khalifa-city-a
r81c154,medium,khalifa-city-a
r81c155,medium,khalifa-city-a
r81c156,medium,khalifa-city-a
r81c157,medium,khalifa-city-a
r81c158,medium,khalifa-city-a
r82c148,medium,khalifa-city-a
r82c149,medium,khalifa-city-a
r82c150,medium,khalifa-city-a
r82c151,medium,khalifa-city-a
r82c152,medium,khalifa-city-a
r82c153,medium,khalifa-city-a
r82c154,medium,khalifa-city-a
r82c155,medium,khalifa-city-a
r82c156,medium,khalifa-city-a
r82c157,medium,khalifa-city-a
r82c158,medium,khalifa-city-a
r83c150,medium,khalifa-city-a
r83c151,medium,khalifa-city-a
r83c152,medium,khalifa-city-a
r83c153,medium,khalifa-city-a
r83c154,medium,khalifa-city-a
r83c157,medium,khalifa-city-a
r83c158,medium,khalifa-city-a
r84c152,medium,khalifa-city-a
r78c143,medium,ministries-complex
r79c143,medium,ministries-complex
r79c144,medium,ministries-complex
r79c145,medium,ministries-complex
r79c146,medium,ministries-complex
r79c147,medium,ministries-complex
r80c144,medium,ministries-complex
r80c145,medium,ministries-complex
r80c156,medium,ministries-complex
r81c143,medium,ministries-complex
r81c144,medium,ministries-complex
r81c145,medium,ministries-complex
r81c146,medium,ministries-complex
r81c147,medium,ministries-complex
r81c148,medium,ministries-complex
r81c149,medium,ministries-complex
r81c150,medium,ministries-complex
r81c151,medium,ministries-complex
r81c153,medium,ministries-complex
r81c154,medium,ministries-complex
r81c155,medium,ministries-complex
r82c146,medium,ministries-complex
r82c147,medium,ministries-complex
r82c148,medium,ministries-complex
r82c149,medium,ministries-complex
r82c150,medium,ministries-complex
r82c151,medium,ministries-complex
r82c152,medium,ministries-complex
r82c153,medium,ministries-complex
r82c154,medium,ministries-complex
r82c155,medium,ministries-complex
r83c148,medium,ministries-complex
r83c149,medium,ministries-complex
r83c150,medium,ministries-complex
r83c151,medium,ministries-complex
r83c152,medium,ministries-complex
r83c154,medium,ministries-complex
r84c150,medium,ministries-complex
r84c151,medium,ministries-complex
r84c152,medium,ministries-complex
r85c151,medium,ministries-complex
r85c152,medium,ministries-complex
r86c153,medium,ministries-complex
r38c196,medium,mirdif-35
r39c193,medium,mirdif-35
r39c194,medium,mirdif-35
r39c195,medium,mirdif-35
r39c196,medium,mirdif-35
r39c197,medium,mirdif-35
r40c191,medium,mirdif-35
r40c192,medium,mirdif-35
r40c193,medium,mirdif-35
r40c194,medium,mirdif-35
r40c195,medium,mirdif-35
r40c196,medium,mirdif-35
r40c197,medium,mirdif-35
r40c198,medium,mirdif-35
r40c199,medium,mirdif-35
r41c192,medium,mirdif-35
r41c193,medium,mirdif-35
r41c194,medium,mirdif-35
r41c195,medium,mirdif-35
r41c196,medium,mirdif-35
r41c197,medium,mirdif-35
r41c198,medium,mirdif-35
r41c199,medium,mirdif-35
r41c200,medium,mirdif-35
r41c201,medium,mirdif-35
r42c191,medium,mirdif-35
r42c193,medium,mirdif-35
r42c194,medium,mirdif-35
r42c195,medium,mirdif-35
r42c196,medium,mirdif-35
r42c197,medium,mirdif-35
r42c198,medium,mirdif-35
r42c199,medium,mirdif-35
r42c200,medium,mirdif-35
r42c201,medium,mirdif-35
r43c194,medium,mirdif-35
r43c195,medium,mirdif-35
r43c196,medium,mirdif-35
r43c197,medium,mirdif-35
r43c198,medium,mirdif-35
r43c199,medium,mirdif-35
r43c200,medium,mirdif-35
r43c201,medium,mirdif-35
r44c193,medium,mirdif-35
r44c195,medium,mirdif-35
r44c196,medium,mirdif-35
r44c197,medium,mirdif-35
r44c199,medium,mirdif-35
r45c194,medium,mirdif-35
r45c197,medium,mirdif-35
r45c198,medium,mirdif-35
r81c147,medium,mohammed-bin-zayed-city
r81c150,medium,mohammed-bin-zayed-city
r81c154,medium,mohammed-bin-zayed-city
r82c146,medium,mohammed-bin-zayed-city
r82c147,medium,mohammed-bin-zayed-city
r82c148,medium,mohammed-bin-zayed-city
r82c149,medium,mohammed-bin-zayed-city
r82c150,medium,mohammed-bin-zayed-city
r82c151,medium,mohammed-bin-zayed-city
r82c152,medium,mohammed-bin-zayed-city
r82c153,medium,mohammed-bin-zayed-city
r82c154,medium,mohammed-bin-zayed-city
r82c156,medium,mohammed-bin-zayed-city
r83c148,medium,mohammed-bin-zayed-city
r83c149,medium,mohammed-bin-zayed-city
r83c150,medium,mohammed-bin-zayed-city
r83c151,medium,mohammed-bin-zayed-city
r83c152,medium,mohammed-bin-zayed-city
r83c153,medium,mohammed-bin-zayed-city
r83c154,medium,mohammed-bin-zayed-city
r83c155,medium,mohammed-bin-zayed-city
r83c157,medium,mohammed-bin-zayed-city
r83c158,medium,mohammed-bin-zayed-city
r84c149,medium,mohammed-bin-zayed-city
r84c150,medium,mohammed-bin-zayed-city
r84c151,medium,mohammed-bin-zayed-city
r84c152,medium,mohammed-bin-zayed-city
r84c153,medium,mohammed-bin-zayed-city
r84c155,medium,mohammed-bin-zayed-city
r84c156,medium,mohammed-bin-zayed-city
r84c157,medium,mohammed-bin-zayed-city
r85c149,medium,mohammed-bin-zayed-city
r85c150,medium,mohammed-bin-zayed-city
r85c151,medium,mohammed-bin-zayed-city
r85c152,medium,mohammed-bin-zayed-city
r85c153,medium,mohammed-bin-zayed-city
r85c154,medium,mohammed-bin-zayed-city
r85c155,medium,mohammed-bin-zayed-city
r85c156,medium,mohammed-bin-zayed-city
r85c157,medium,mohammed-bin-zayed-city
r86c150,medium,mohammed-bin-zayed-city
r86c151,medium,mohammed-bin-zayed-city
r86c152,medium,mohammed-bin-zayed-city
r86c153,medium,mohammed-bin-zayed-city
r86c154,medium,mohammed-bin-zayed-city
r86c155,medium,mohammed-bin-zayed-city
r86c156,medium,mohammed-bin-zayed-city
r86c157,medium,mohammed-bin-zayed-city
r87c150,medium,mohammed-bin-zayed-city
r87c151,medium,mohammed-bin-zayed-city
r87c152,medium,mohammed-bin-zayed-city
r87c153,medium,mohammed-bin-zayed-city
r87c154,medium,mohammed-bin-zayed-city
r87c155,medium,mohammed-bin-zayed-city
r87c156,medium,mohammed-bin-zayed-city
r88c152,medium,mohammed-bin-zayed-city
r88c153,medium,mohammed-bin-zayed-city
r88c154,medium,mohammed-bin-zayed-city
r88c155,medium,mohammed-bin-zayed-city
r88c156,medium,mohammed-bin-zayed-city
r88c157,medium,mohammed-bin-zayed-city
r89c157,medium,mohammed-bin-zayed-city
r40c194,medium,nad-al-sheba
r40c195,medium,nad-al-sheba
r41c192,medium,nad-al-sheba
r41c193,medium,nad-al-sheba
r41c194,medium,nad-al-sheba
r41c196,medium,nad-al-sheba
r42c190,medium,nad-al-sheba
r42c191,medium,nad-al-sheba
r42c192,medium,nad-al-sheba
r42c193,medium,nad-al-sheba
r42c194,medium,nad-al-sheba
r42c195,medium,nad-al-sheba
r42c196,medium,nad-al-sheba
r43c189,medium,nad-al-sheba
r43c190,medium,nad-al-sheba
r43c191,medium,nad-al-sheba
r43c192,medium,nad-al-sheba
r43c193,medium,nad-al-sheba
r43c194,medium,nad-al-sheba
r43c195,medium,nad-al-sheba
r43c196,medium,nad-al-sheba
r44c187,medium,nad-al-sheba
r44c188,medium,nad-al-sheba
r44c189,medium,nad-al-sheba
r44c190,medium,nad-al-sheba
r44c191,medium,nad-al-sheba
r44c192,medium,nad-al-sheba
r44c193,medium,nad-al-sheba
r44c194,medium,nad-al-sheba
r44c195,medium,nad-al-sheba
r44c196,medium,nad-al-sheba
r44c197,medium,nad-al-sheba
r45c189,medium,nad-al-sheba
r45c190,medium,nad-al-sheba
r45c191,medium,nad-al-sheba
r45c192,medium,nad-al-sheba
r45c193,medium,nad-al-sheba
r45c194,medium,nad-al-sheba
r45c195,medium,nad-al-sheba
r45c196,medium,nad-al-sheba
r45c197,medium,nad-al-sheba
r45c198,medium,nad-al-sheba
r46c189,medium,nad-al-sheba
r46c190,medium,nad-al-sheba
r46c191,medium,nad-al-sheba
r46c192,medium,nad-al-sheba
r46c193,medium,nad-al-sheba
r46c194,medium,nad-al-sheba
r46c195,medium,nad-al-sheba
r46c196,medium,nad-al-sheba
r46c198,medium,nad-al-sheba
r47c192,medium,nad-al-sheba
r47c193,medium,nad-al-sheba
r47c194,medium,nad-al-sheba
r47c195,medium,nad-al-sheba
r47c196,medium,nad-al-sheba
r48c191,medium,nad-al-sheba
r48c192,medium,nad-al-sheba
r48c193,medium,nad-al-sheba
r48c194,medium,nad-al-sheba
r48c195,medium,nad-al-sheba
r49c190,medium,nad-al-sheba
r49c193,medium,nad-al-sheba
r75c159,medium,noya-plaza
r76c156,medium,noya-plaza
r76c158,medium,noya-plaza
r76c159,medium,noya-plaza
r77c157,medium,noya-plaza
r77c158,medium,noya-plaza
r77c159,medium,noya-plaza
r78c154,medium,noya-plaza
r78c155,medium,noya-plaza
r78c156,medium,noya-plaza
r78c158,medium,noya-plaza
r79c155,medium,noya-plaza
r79c156,medium,noya-plaza
r79c158,medium,noya-plaza
r80c155,medium,noya-plaza
r80c156,medium,noya-plaza
r80c158,medium,noya-plaza
r80c159,medium,noya-plaza
r80c160,medium,noya-plaza
r80c161,medium,noya-plaza
r81c153,medium,noya-plaza
r81c154,medium,noya-plaza
r81c155,medium,noya-plaza
r81c156,medium,noya-plaza
r82c155,medium,noya-plaza
r82c156,medium,noya-plaza
r83c158,medium,noya-plaza
r13c222,medium,ras-al-khaimah
r13c223,medium,ras-al-khaimah
r13c224,medium,ras-al-khaimah
r14c221,medium,ras-al-khaimah
r14c222,medium,ras-al-khaimah
r14c223,medium,ras-al-khaimah
r14c224,medium,ras-al-khaimah
r15c220,medium,ras-al-khaimah
r15c221,medium,ras-al-khaimah
r15c222,medium,ras-al-khaimah
r15c223,medium,ras-al-khaimah
r15c224,medium,ras-al-khaimah
r16c219,medium,ras-al-khaimah
r16c220,medium,ras-al-khaimah
r16c221,medium,ras-al-khaimah
r16c222,medium,ras-al-khaimah
r16c223,medium,ras-al-khaimah
r16c224,medium,ras-al-khaimah
r17c216,medium,ras-al-khaimah
r17c217,medium,ras-al-khaimah
r17c218,medium,ras-al-khaimah
r17c219,medium,ras-al-khaimah
r17c220,medium,ras-al-khaimah
r17c221,medium,ras-al-khaimah
r17c222,medium,ras-al-khaimah
r17c223,medium,ras-al-khaimah
r17c224,medium,ras-al-khaimah
r17c225,medium,ras-al-khaimah
r18c215,medium,ras-al-khaimah
r18c216,medium,ras-al-khaimah
r18c217,medium,ras-al-khaimah
r18c218,medium,ras-al-khaimah
r18c219,medium,ras-al-khaimah
r18c220,medium,ras-al-khaimah
r18c221,medium,ras-al-khaimah
r18c223,medium,ras-al-khaimah
r18c224,medium,ras-al-khaimah
r19c218,medium,ras-al-khaimah
r19c219,medium,ras-al-khaimah
r19c223,medium,ras-al-khaimah
r72c160,medium,shahama
r72c161,medium,shahama
r73c160,medium,shahama
r74c157,medium,shahama
r74c158,medium,shahama
r74c159,medium,shahama
r74c160,medium,shahama
r75c157,medium,shahama
r75c158,medium,shahama
r75c159,medium,shahama
r76c156,medium,shahama
r76c157,medium,shahama
r76c158,medium,shahama
r76c159,medium,shahama
r77c157,medium,shahama
r77c158,medium,shahama
r77c159,medium,shahama
r78c154,medium,shahama
r78c155,medium,shahama
r78c156,medium,shahama
r78c157,medium,shahama
r78c158,medium,shahama
r79c155,medium,shahama
r79c156,medium,shahama
r79c158,medium,shahama
r80c155,medium,shahama
r80c156,medium,shahama
r80c158,medium,shahama
r80c160,medium,shahama
r80c161,medium,shahama
r81c153,medium,shahama
r81c154,medium,shahama
r81c155,medium,shahama
r81c156,medium,shahama
r81c160,medium,shahama
r82c150,medium,shahama
r82c154,medium,shahama
r82c155,medium,shahama
r82c156,medium,shahama
r83c158,medium,shahama
r80c160,medium,shakhbout-city
r82c150,medium,shakhbout-city
r82c153,medium,shakhbout-city
r82c154,medium,shakhbout-city
r82c156,medium,shakhbout-city
r82c157,medium,shakhbout-city
r82c162,medium,shakhbout-city
r83c150,medium,shakhbout-city
r83c152,medium,shakhbout-city
r83c153,medium,shakhbout-city
r83c154,medium,shakhbout-city
r83c155,medium,shakhbout-city
r83c157,medium,shakhbout-city
r83c158,medium,shakhbout-city
r83c159,medium,shakhbout-city
r83c160,medium,shakhbout-city
r83c161,medium,shakhbout-city
r84c151,medium,shakhbout-city
r84c152,medium,shakhbout-city
r84c153,medium,shakhbout-city
r84c155,medium,shakhbout-city
r84c156,medium,shakhbout-city
r84c157,medium,shakhbout-city
r84c158,medium,shakhbout-city
r84c159,medium,shakhbout-city
r85c152,medium,shakhbout-city
r85c153,medium,shakhbout-city
r85c154,medium,shakhbout-city
r85c155,medium,shakhbout-city
r85c156,medium,shakhbout-city
r85c157,medium,shakhbout-city
r85c158,medium,shakhbout-city
r85c159,medium,shakhbout-city
r85c160,medium,shakhbout-city
r86c151,medium,shakhbout-city
r86c152,medium,shakhbout-city
r86c153,medium,shakhbout-city
r86c154,medium,shakhbout-city
r86c155,medium,shakhbout-city
r86c156,medium,shakhbout-city
r86c157,medium,shakhbout-city
r86c159,medium,shakhbout-city
r87c151,medium,shakhbout-city
r87c152,medium,shakhbout-city
r87c153,medium,shakhbout-city
r87c154,medium,shakhbout-city
r87c155,medium,shakhbout-city
r87c156,medium,shakhbout-city
r87c157,medium,shakhbout-city
r87c158,medium,shakhbout-city
r87c159,medium,shakhbout-city
r88c149,medium,shakhbout-city
r88c150,medium,shakhbout-city
r88c152,medium,shakhbout-city
r88c153,medium,shakhbout-city
r88c154,medium,shakhbout-city
r88c155,medium,shakhbout-city
r88c156,medium,shakhbout-city
r88c157,medium,shakhbout-city
r88c158,medium,shakhbout-city
r89c150,medium,shakhbout-city
r89c152,medium,shakhbout-city
r89c156,medium,shakhbout-city
r89c157,medium,shakhbout-city
r89c158,medium,shakhbout-city
r90c156,medium,shakhbout-city
r90c157,medium,shakhbout-city
r90c158,medium,shakhbout-city
r90c159,medium,shakhbout-city
r91c162,medium,shakhbout-city
r75c159,medium,westyas
r76c146,medium,westyas
r76c147,medium,westyas
r76c158,medium,westyas
r76c159,medium,westyas
r77c147,medium,westyas
r77c157,medium,westyas
r77c158,medium,westyas
r77c159,medium,westyas
r78c154,medium,westyas
r78c155,medium,westyas
r78c156,medium,westyas
r78c158,medium,westyas
r79c155,medium,westyas
r79c156,medium,westyas
r79c158,medium,westyas
r80c155,medium,westyas
r80c156,medium,westyas
r80c158,medium,westyas
r80c159,medium,westyas
r80c160,medium,westyas
r81c153,medium,westyas
r81c154,medium,westyas
r81c155,medium,westyas
r82c155,medium,westyas
r82c156,medium,westyas
r83c158,medium,westyas
r33c198,medium,zawaya-walk
r33c199,medium,zawaya-walk
r33c200,medium,zawaya-walk
r34c195,medium,zawaya-walk
r34c196,medium,zawaya-walk
r34c197,medium,zawaya-walk
r34c198,medium,zawaya-walk
r35c194,medium,zawaya-walk
r35c195,medium,zawaya-walk
r35c196,medium,zawaya-walk
r35c197,medium,zawaya-walk
r35c198,medium,zawaya-walk
r35c199,medium,zawaya-walk
r35c200,medium,zawaya-walk
r35c201,medium,zawaya-walk
r36c194,medium,zawaya-walk
r36c195,medium,zawaya-walk
r36c196,medium,zawaya-walk
r36c197,medium,zawaya-walk
r36c198,medium,zawaya-walk
r37c194,medium,zawaya-walk
r37c195,medium,zawaya-walk
r37c196,medium,zawaya-walk
r37c197,medium,zawaya-walk
r37c198,medium,zawaya-walk
r37c199,medium,zawaya-walk
r37c200,medium,zawaya-walk
r38c194,medium,zawaya-walk
r38c195,medium,zawaya-walk
r38c196,medium,zawaya-walk
r38c197,medium,zawaya-walk
r38c198,medium,zawaya-walk
r38c199,medium,zawaya-walk
r38c200,medium,zawaya-walk
r39c198,medium,zawaya-walk
r74c159,medium,zayed-international-airport
r74c160,medium,zayed-international-airport
r75c159,medium,zayed-international-airport
r76c156,medium,zayed-international-airport
r76c157,medium,zayed-international-airport
r76c158,medium,zayed-international-airport
r76c159,medium,zayed-international-airport
r77c157,medium,zayed-international-airport
r77c158,medium,zayed-international-airport
r77c159,medium,zayed-international-airport
r78c154,medium,zayed-international-airport
r78c155,medium,zayed-international-airport
r78c156,medium,zayed-international-airport
r78c158,medium,zayed-international-airport
r79c155,medium,zayed-international-airport
r79c156,medium,zayed-international-airport
r79c157,medium,zayed-international-airport
r79c158,medium,zayed-international-airport
r80c155,medium,zayed-international-airport
r80c156,medium,zayed-international-airport
r80c157,medium,zayed-international-airport
r80c158,medium,zayed-international-airport
r80c159,medium,zayed-international-airport
r80c160,medium,zayed-international-airport
r80c161,medium,zayed-international-airport
r81c150,medium,zayed-international-airport
r81c153,medium,zayed-international-airport
r81c154,medium,zayed-international-airport
r81c155,medium,zayed-international-airport
r81c156,medium,zayed-international-airport
r81c157,medium,zayed-international-airport
r81c158,medium,zayed-international-airport
r82c148,medium,zayed-international-airport
r82c149,medium,zayed-international-airport
r82c150,medium,zayed-international-airport
r82c152,medium,zayed-international-airport
r82c153,medium,zayed-international-airport
r82c154,medium,zayed-international-airport
r82c155,medium,zayed-international-airport
r82c156,medium,zayed-international-airport
r82c157,medium,zayed-international-airport
r82c158,medium,zayed-international-airport
r83c158,medium,zayed-international-airport
r84c211,high,al-ain
r85c211,high,al-ain
r85c212,high,al-ain
r85c214,high,al-ain
r86c212,high,al-ain
r86c214,high,al-ain
r86c215,high,al-ain
r87c207,high,al-ain
r87c212,high,al-ain
r87c214,high,al-ain
r88c212,high,al-ain
r88c213,high,al-ain
r88c214,high,al-ain
r89c206,high,al-ain
r89c208,high,al-ain
r89c210,high,al-ain
r89c211,high,al-ain
r89c212,high,al-ain
r89c213,high,al-ain
r90c203,high,al-ain
r90c206,high,al-ain
r90c208,high,al-ain
r90c209,high,al-ain
r90c210,high,al-ain
r90c211,high,al-ain
r90c212,high,al-ain
r90c213,high,al-ain
r91c202,high,al-ain
r91c203,high,al-ain
r91c205,high,al-ain
r91c206,high,al-ain
r91c208,high,al-ain
r91c209,high,al-ain
r91c210,high,al-ain
r91c211,high,al-ain
r91c212,high,al-ain
r92c197,high,al-ain
r92c198,high,al-ain
r92c199,high,al-ain
r92c200,high,al-ain
r92c201,high,al-ain
r92c202,high,al-ain
r92c203,high,al-ain
r92c204,high,al-ain
r92c205,high,al-ain
r92c206,high,al-ain
r92c207,high,al-ain
r92c208,high,al-ain
r92c209,high,al-ain
r92c210,high,al-ain
r92c211,high,al-ain
r92c212,high,al-ain
r92c213,high,al-ain
r93c193,high,al-ain
r93c194,high,al-ain
r93c200,high,al-ain
r93c201,high,al-ain
r93c202,high,al-ain
r93c203,high,al-ain
r93c204,high,al-ain
r93c205,high,al-ain
r93c206,high,al-ain
r93c207,high,al-ain
r93c208,high,al-ain
r93c209,high,al-ain
r93c210,high,al-ain
r93c211,high,al-ain
r93c212,high,al-ain
r93c213,high,al-ain
r94c201,high,al-ain
r94c202,high,al-ain
r94c204,high,al-ain
r94c205,high,al-ain
r94c206,high,al-ain
r94c207,high,al-ain
r94c208,high,al-ain
r94c209,high,al-ain
r94c210,high,al-ain
r94c211,high,al-ain
r94c212,high,al-ain
r95c204,high,al-ain
r95c206,high,al-ain
r95c207,high,al-ain
r95c208,high,al-ain
r95c209,high,al-ain
r95c210,high,al-ain
r95c211,high,al-ain
r95c212,high,al-ain
r96c202,high,al-ain
r96c206,high,al-ain
r96c207,high,al-ain
r96c209,high,al-ain
r96c210,high,al-ain
r96c211,high,al-ain
r97c208,high,al-ain
r97c209,high,al-ain
r97c210,high,al-ain
r97c211,high,al-ain
r98c210,high,al-ain
r41c190,high,al-barsha
r41c192,high,al-barsha
r41c193,high,al-barsha
r42c186,high,al-barsha
r42c188,high,al-barsha
r42c189,high,al-barsha
r42c190,high,al-barsha
r42c191,high,al-barsha
r42c192,high,al-barsha
r42c193,high,al-barsha
r43c187,high,al-barsha
r43c188,high,al-barsha
r43c189,high,al-barsha
r43c190,high,al-barsha
r43c191,high,al-barsha
r43c192,high,al-barsha
r43c193,high,al-barsha
r44c186,high,al-barsha
r44c187,high,al-barsha
r44c188,high,al-barsha
r44c189,high,al-barsha
r44c190,high,al-barsha
r44c191,high,al-barsha
r44c192,high,al-barsha
r44c193,high,al-barsha
r44c194,high,al-barsha
r45c185,high,al-barsha
r45c186,high,al-barsha
r45c187,high,al-barsha
r45c188,high,al-barsha
r45c189,high,al-barsha
r45c190,high,al-barsha
r45c191,high,al-barsha
r45c192,high,al-barsha
r45c193,high,al-barsha
r45c194,high,al-barsha
r46c184,high,al-barsha
r46c185,high,al-barsha
r46c186,high,al-barsha
r46c187,high,al-barsha
r46c188,high,al-barsha
r46c189,high,al-barsha
r46c190,high,al-barsha
r46c191,high,al-barsha
r46c192,high,al-barsha
r46c193,high,al-barsha
r47c181,high,al-barsha
r47c182,high,al-barsha
r47c184,high,al-barsha
r47c185,high,al-barsha
r47c186,high,al-barsha
r47c187,high,al-barsha
r47c188,high,al-barsha
r47c189,high,al-barsha
r47c190,high,al-barsha
r47c191,high,al-barsha
r47c192,high,al-barsha
r47c193,high,al-barsha
r48c182,high,al-barsha
r48c183,high,al-barsha
r48c184,high,al-barsha
r48c185,high,al-barsha
r48c186,high,al-barsha
r48c187,high,al-barsha
r48c188,high,al-barsha
r48c189,high,al-barsha
r48c190,high,al-barsha
r48c191,high,al-barsha
r48c192,high,al-barsha
r48c193,high,al-barsha
r49c182,high,al-barsha
r49c183,high,al-barsha
r49c184,high,al-barsha
r49c185,high,al-barsha
r49c186,high,al-barsha
r49c187,high,al-barsha
r49c188,high,al-barsha
r49c189,high,al-barsha
r49c190,high,al-barsha
r49c191,high,al-barsha
r49c192,high,al-barsha
r49c193,high,al-barsha
r50c181,high,al-barsha
r50c182,high,al-barsha
r50c183,high,al-barsha
r50c184,high,al-barsha
r50c185,high,al-barsha
r50c186,high,al-barsha
r50c187,high,al-barsha
r50c188,high,al-barsha
r50c189,high,al-barsha
r50c190,high,al-barsha
r51c180,high,al-barsha
r51c181,high,al-barsha
r51c182,high,al-barsha
r51c183,high,al-barsha
r51c184,high,al-barsha
r51c185,high,al-barsha
r51c186,high,al-barsha
r51c187,high,al-barsha
r51c188,high,al-barsha
r51c189,high,al-barsha
r52c180,high,al-barsha
r52c181,high,al-barsha
r52c182,high,al-barsha
r52c183,high,al-barsha
r52c184,high,al-barsha
r52c185,high,al-barsha
r52c186,high,al-barsha
r52c187,high,al-barsha
r52c188,high,al-barsha
r52c189,high,al-barsha
r53c180,high,al-barsha
r53c181,high,al-barsha
r53c182,high,al-barsha
r53c183,high,al-barsha
r53c184,high,al-barsha
r53c185,high,al-barsha
r53c187,high,al-barsha
r53c188,high,al-barsha
r53c189,high,al-barsha
r53c190,high,al-barsha
r53c192,high,al-barsha
r54c181,high,al-barsha
r54c182,high,al-barsha
r54c183,high,al-barsha
r54c184,high,al-barsha
r54c185,high,al-barsha
r55c182,high,al-barsha
r55c185,high,al-barsha
r55c186,high,al-barsha
r58c185,high,al-barsha
r118c109,high,al-dhafra
r119c106,high,al-dhafra
r119c109,high,al-dhafra
r119c110,high,al-dhafra
r119c111,high,al-dhafra
r120c106,high,al-dhafra
r120c107,high,al-dhafra
r120c108,high,al-dhafra
r120c109,high,al-dhafra
r120c110,high,al-dhafra
r120c111,high,al-dhafra
r120c112,high,al-dhafra
r121c106,high,al-dhafra
r121c108,high,al-dhafra
r121c109,high,al-dhafra
r121c110,high,al-dhafra
r121c111,high,al-dhafra
r122c109,high,al-dhafra
r122c110,high,al-dhafra
r122c111,high,al-dhafra
r124c111,high,al-dhafra
r125c111,high,al-dhafra
r125c112,high,al-dhafra
r125c113,high,al-dhafra
r126c113,high,al-dhafra
r72c161,high,al-falah
r72c163,high,al-falah
r73c160,high,al-falah
r74c160,high,al-falah
r75c159,high,al-falah
r75c162,high,al-falah
r76c158,high,al-falah
r76c159,high,al-falah
r76c160,high,al-falah
r76c162,high,al-falah
r77c157,high,al-falah
r77c158,high,al-falah
r77c159,high,al-falah
r78c154,high,al-falah
r78c156,high,al-falah
r78c158,high,al-falah
r79c156,high,al-falah
r79c157,high,al-falah
r79c158,high,al-falah
r79c159,high,al-falah
r79c160,high,al-falah
r80c156,high,al-falah
r80c157,high,al-falah
r80c158,high,al-falah
r80c159,high,al-falah
r80c160,high,al-falah
r80c161,high,al-falah
r80c162,high,al-falah
r81c155,high,al-falah
r81c156,high,al-falah
r81c157,high,al-falah
r81c158,high,al-falah
r81c159,high,al-falah
r81c160,high,al-falah
r81c161,high,al-falah
r81c162,high,al-falah
r82c153,high,al-falah
r82c154,high,al-falah
r82c155,high,al-falah
r82c156,high,al-falah
r82c157,high,al-falah
r82c158,high,al-falah
r82c160,high,al-falah
r82c161,high,al-falah
r82c162,high,al-falah
r82c163,high,al-falah
r82c166,high,al-falah
r82c168,high,al-falah
r83c153,high,al-falah
r83c157,high,al-falah
r83c158,high,al-falah
r83c159,high,al-falah
r83c160,high,al-falah
r83c161,high,al-falah
r83c162,high,al-falah
r83c164,high,al-falah
r83c165,high,al-falah
r84c156,high,al-falah
r84c157,high,al-falah
r84c158,high,al-falah
r84c159,high,al-falah
r84c160,high,al-falah
r84c161,high,al-falah
r84c162,high,al-falah
r85c156,high,al-falah
r85c157,high,al-falah
r85c158,high,al-falah
r85c159,high,al-falah
r85c160,high,al-falah
r85c161,high,al-falah
r85c162,high,al-falah
r85c163,high,al-falah
r86c155,high,al-falah
r86c156,high,al-falah
r86c159,high,al-falah
r86c160,high,al-falah
r86c161,high,al-falah
r86c162,high,al-falah
r86c163,high,al-falah
r87c155,high,al-falah
r87c156,high,al-falah
r87c159,high,al-falah
r87c161,high,al-falah
r87c162,high,al-falah
r88c158,high,al-falah
r32c199,high,al-jada
r33c200,high,al-jada
r33c201,high,al-jada
r34c196,high,al-jada
r34c197,high,al-jada
r34c198,high,al-jada
r34c199,high,al-jada
r34c200,high,al-jada
r34c201,high,al-jada
r34c202,high,al-jada
r34c203,high,al-jada
r34c204,high,al-jada
r35c195,high,al-jada
r35c196,high,al-jada
r35c197,high,al-jada
r35c198,high,al-jada
r35c199,high,al-jada
r35c200,high,al-jada
r35c201,high,al-jada
r35c202,high,al-jada
r35c203,high,al-jada
r35c204,high,al-jada
r36c194,high,al-jada
r36c195,high,al-jada
r36c196,high,al-jada
r36c197,high,al-jada
r36c198,high,al-jada
r36c199,high,al-jada
r36c200,high,al-jada
r36c201,high,al-jada
r36c202,high,al-jada
r36c203,high,al-jada
r36c204,high,al-jada
r36c205,high,al-jada
r37c194,high,al-jada
r37c195,high,al-jada
r37c196,high,al-jada
r37c197,high,al-jada
r37c198,high,al-jada
r37c199,high,al-jada
r37c200,high,al-jada
r37c201,high,al-jada
r37c202,high,al-jada
r37c203,high,al-jada
r37c204,high,al-jada
r38c195,high,al-jada
r38c196,high,al-jada
r38c197,high,al-jada
r38c198,high,al-jada
r38c199,high,al-jada
r38c200,high,al-jada
r38c201,high,al-jada
r38c202,high,al-jada
r38c203,high,al-jada
r38c204,high,al-jada
r38c206,high,al-jada
r39c195,high,al-jada
r39c197,high,al-jada
r39c198,high,al-jada
r39c199,high,al-jada
r39c200,high,al-jada
r39c201,high,al-jada
r39c202,high,al-jada
r39c203,high,al-jada
r39c205,high,al-jada
r39c206,high,al-jada
r39c207,high,al-jada
r39c211,high,al-jada
r40c195,high,al-jada
r40c200,high,al-jada
r40c201,high,al-jada
r40c202,high,al-jada
r40c203,high,al-jada
r40c205,high,al-jada
r40c206,high,al-jada
r40c207,high,al-jada
r41c203,high,al-jada
r75c159,high,al-maqta
r76c159,high,al-maqta
r77c157,high,al-maqta
r77c158,high,al-maqta
r77c159,high,al-maqta
r78c143,high,al-maqta
r78c144,high,al-maqta
r78c154,high,al-maqta
r78c156,high,al-maqta
r78c158,high,al-maqta
r79c143,high,al-maqta
r79c144,high,al-maqta
r79c145,high,al-maqta
r79c146,high,al-maqta
r79c147,high,al-maqta
r79c155,high,al-maqta
r79c156,high,al-maqta
r79c157,high,al-maqta
r79c158,high,al-maqta
r80c142,high,al-maqta
r80c143,high,al-maqta
r80c144,high,al-maqta
r80c145,high,al-maqta
r80c155,high,al-maqta
r80c156,high,al-maqta
r80c157,high,al-maqta
r80c158,high,al-maqta
r80c159,high,al-maqta
r81c143,high,al-maqta
r81c144,high,al-maqta
r81c145,high,al-maqta
r81c146,high,al-maqta
r81c147,high,al-maqta
r81c148,high,al-maqta
r81c149,high,al-maqta
r81c150,high,al-maqta
r81c151,high,al-maqta
r81c153,high,al-maqta
r81c154,high,al-maqta
r81c155,high,al-maqta
r81c156,high,al-maqta
r81c157,high,al-maqta
r81c158,high,al-maqta
r82c146,high,al-maqta
r82c147,high,al-maqta
r82c148,high,al-maqta
r82c149,high,al-maqta
r82c150,high,al-maqta
r82c151,high,al-maqta
r82c152,high,al-maqta
r82c153,high,al-maqta
r82c154,high,al-maqta
r82c155,high,al-maqta
r82c156,high,al-maqta
r82c157,high,al-maqta
r82c158,high,al-maqta
r82c162,high,al-maqta
r82c163,high,al-maqta
r83c148,high,al-maqta
r83c149,high,al-maqta
r83c150,high,al-maqta
r83c151,high,al-maqta
r83c152,high,al-maqta
r83c153,high,al-maqta
r83c154,high,al-maqta
r83c155,high,al-maqta
r83c157,high,al-maqta
r83c158,high,al-maqta
r83c160,high,al-maqta
r84c148,high,al-maqta
r84c149,high,al-maqta
r84c150,high,al-maqta
r84c151,high,al-maqta
r84c152,high,al-maqta
r84c153,high,al-maqta
r84c155,high,al-maqta
r84c156,high,al-maqta
r84c157,high,al-maqta
r84c158,high,al-maqta
r85c148,high,al-maqta
r85c149,high,al-maqta
r85c150,high,al-maqta
r85c151,high,al-maqta
r85c152,high,al-maqta
r85c153,high,al-maqta
r85c154,high,al-maqta
r85c155,high,al-maqta
r85c156,high,al-maqta
r85c157,high,al-maqta
r85c158,high,al-maqta
r86c148,high,al-maqta
r86c149,high,al-maqta
r86c150,high,al-maqta
r86c151,high,al-maqta
r86c152,high,al-maqta
r86c153,high,al-maqta
r86c154,high,al-maqta
r86c155,high,al-maqta
r86c156,high,al-maqta
r86c157,high,al-maqta
r87c148,high,al-maqta
r87c149,high,al-maqta
r87c150,high,al-maqta
r87c151,high,al-maqta
r87c152,high,al-maqta
r87c153,high,al-maqta
r87c154,high,al-maqta
r87c155,high,al-maqta
r87c156,high,al-maqta
r87c157,high,al-maqta
r88c149,high,al-maqta
r88c150,high,al-maqta
r88c151,high,al-maqta
r88c152,high,al-maqta
r88c153,high,al-maqta
r88c154,high,al-maqta
r88c155,high,al-maqta
r88c156,high,al-maqta
r88c157,high,al-maqta
r89c150,high,al-maqta
r89c152,high,al-maqta
r89c156,high,al-maqta
r89c157,high,al-maqta
r90c157,high,al-maqta
r90c158,high,al-maqta
r90c159,high,al-maqta
r41c242,high,al-taif-mall
r43c236,high,al-taif-mall
r44c242,high,al-taif-mall
r45c231,high,al-taif-mall
r45c237,high,al-taif-mall
r45c241,high,al-taif-mall
r45c242,high,al-taif-mall
r46c236,high,al-taif-mall
r46c237,high,al-taif-mall
r46c238,high,al-taif-mall
r46c239,high,al-taif-mall
r46c240,high,al-taif-mall
r46c241,high,al-taif-mall
r46c242,high,al-taif-mall
r47c238,high,al-taif-mall
r47c239,high,al-taif-mall
r47c240,high,al-taif-mall
r47c241,high,al-taif-mall
r47c242,high,al-taif-mall
r48c238,high,al-taif-mall
r48c239,high,al-taif-mall
r48c240,high,al-taif-mall
r48c241,high,al-taif-mall
r48c242,high,al-taif-mall
r49c239,high,al-taif-mall
r49c240,high,al-taif-mall
r49c241,high,al-taif-mall
r49c242,high,al-taif-mall
r50c240,high,al-taif-mall
r50c241,high,al-taif-mall
r50c242,high,al-taif-mall
r51c240,high,al-taif-mall
r51c241,high,al-taif-mall
r51c242,high,al-taif-mall
r52c240,high,al-taif-mall
r52c241,high,al-taif-mall
r52c242,high,al-taif-mall
r53c241,high,al-taif-mall
r80c159,high,baniyas
r81c150,high,baniyas
r81c159,high,baniyas
r81c160,high,baniyas
r82c146,high,baniyas
r82c147,high,baniyas
r82c148,high,baniyas
r82c149,high,baniyas
r82c150,high,baniyas
r82c151,high,baniyas
r82c153,high,baniyas
r82c156,high,baniyas
r82c157,high,baniyas
r82c160,high,baniyas
r82c162,high,baniyas
r82c163,high,baniyas
r83c149,high,baniyas
r83c150,high,baniyas
r83c151,high,baniyas
r83c153,high,baniyas
r83c154,high,baniyas
r83c155,high,baniyas
r83c157,high,baniyas
r83c158,high,baniyas
r83c159,high,baniyas
r83c160,high,baniyas
r83c161,high,baniyas
r83c162,high,baniyas
r84c150,high,baniyas
r84c151,high,baniyas
r84c152,high,baniyas
r84c153,high,baniyas
r84c155,high,baniyas
r84c156,high,baniyas
r84c157,high,baniyas
r84c158,high,baniyas
r84c159,high,baniyas
r84c160,high,baniyas
r84c161,high,baniyas
r84c162,high,baniyas
r85c151,high,baniyas
r85c152,high,baniyas
r85c153,high,baniyas
r85c154,high,baniyas
r85c155,high,baniyas
r85c156,high,baniyas
r85c157,high,baniyas
r85c158,high,baniyas
r85c159,high,baniyas
r85c160,high,baniyas
r85c161,high,baniyas
r86c150,high,baniyas
r86c151,high,baniyas
r86c152,high,baniyas
r86c153,high,baniyas
r86c154,high,baniyas
r86c155,high,baniyas
r86c156,high,baniyas
r86c157,high,baniyas
r86c159,high,baniyas
r86c160,high,baniyas
r86c161,high,baniyas
r87c149,high,baniyas
r87c150,high,baniyas
r87c151,high,baniyas
r87c152,high,baniyas
r87c153,high,baniyas
r87c154,high,baniyas
r87c155,high,baniyas
r87c156,high,baniyas
r87c157,high,baniyas
r87c158,high,baniyas
r87c159,high,baniyas
r87c161,high,baniyas
r87c162,high,baniyas
r88c148,high,baniyas
r88c149,high,baniyas
r88c150,high,baniyas
r88c151,high,baniyas
r88c152,high,baniyas
r88c153,high,baniyas
r88c154,high,baniyas
r88c155,high,baniyas
r88c156,high,baniyas
r88c157,high,baniyas
r88c158,high,baniyas
r89c147,high,baniyas
r89c148,high,baniyas
r89c149,high,baniyas
r89c150,high,baniyas
r89c152,high,baniyas
r89c153,high,baniyas
r89c154,high,baniyas
r89c155,high,baniyas
r89c156,high,baniyas
r89c157,high,baniyas
r89c158,high,baniyas
r89c159,high,baniyas
r90c148,high,baniyas
r90c154,high,baniyas
r90c155,high,baniyas
r90c156,high,baniyas
r90c157,high,baniyas
r90c158,high,baniyas
r90c159,high,baniyas
r90c160,high,baniyas
r90c161,high,baniyas
r91c149,high,baniyas
r91c154,high,baniyas
r91c157,high,baniyas
r91c159,high,baniyas
r91c160,high,baniyas
r91c161,high,baniyas
r91c162,high,baniyas
r92c156,high,baniyas
r92c157,high,baniyas
r92c158,high,baniyas
r92c159,high,baniyas
r92c160,high,baniyas
r92c162,high,baniyas
r92c163,high,baniyas
r92c164,high,baniyas
r92c165,high,baniyas
r92c167,high,baniyas
r93c157,high,baniyas
r93c158,high,baniyas
r93c159,high,baniyas
r93c170,high,baniyas
r94c157,high,baniyas
r94c158,high,baniyas
r38c190,high,city-walk
r38c192,high,city-walk
r39c189,high,city-walk
r39c190,high,city-walk
r39c191,high,city-walk
r39c192,high,city-walk
r39c193,high,city-walk
r39c194,high,city-walk
r40c188,high,city-walk
r40c189,high,city-walk
r40c190,high,city-walk
r40c191,high,city-walk
r40c192,high,city-walk
r40c193,high,city-walk
r40c194,high,city-walk
r40c195,high,city-walk
r41c187,high,city-walk
r41c188,high,city-walk
r41c189,high,city-walk
r41c190,high,city-walk
r41c191,high,city-walk
r41c192,high,city-walk
r41c193,high,city-walk
r41c194,high,city-walk
r41c195,high,city-walk
r41c196,high,city-walk
r42c186,high,city-walk
r42c188,high,city-walk
r42c189,high,city-walk
r42c190,high,city-walk
r42c191,high,city-walk
r42c192,high,city-walk
r42c193,high,city-walk
r42c194,high,city-walk
r42c195,high,city-walk
r42c196,high,city-walk
r43c187,high,city-walk
r43c188,high,city-walk
r43c189,high,city-walk
r43c190,high,city-walk
r43c191,high,city-walk
r43c192,high,city-walk
r43c193,high,city-walk
r43c194,high,city-walk
r43c195,high,city-walk
r43c196,high,city-walk
r43c197,high,city-walk
r44c186,high,city-walk
r44c187,high,city-walk
r44c188,high,city-walk
r44c189,high,city-walk
r44c190,high,city-walk
r44c191,high,city-walk
r44c192,high,city-walk
r44c193,high,city-walk
r44c194,high,city-walk
r44c195,high,city-walk
r45c185,high,city-walk
r45c186,high,city-walk
r45c187,high,city-walk
r45c188,high,city-walk
r45c189,high,city-walk
r45c190,high,city-walk
r45c191,high,city-walk
r45c192,high,city-walk
r45c193,high,city-walk
r45c194,high,city-walk
r45c195,high,city-walk
r46c184,high,city-walk
r46c185,high,city-walk
r46c186,high,city-walk
r46c187,high,city-walk
r46c188,high,city-walk
r46c189,high,city-walk
r46c190,high,city-walk
r46c191,high,city-walk
r46c192,high,city-walk
r46c193,high,city-walk
r47c184,high,city-walk
r47c185,high,city-walk
r47c186,high,city-walk
r47c187,high,city-walk
r47c188,high,city-walk
r47c192,high,city-walk
r47c193,high,city-walk
r47c194,high,city-walk
r48c183,high,city-walk
r48c184,high,city-walk
r48c185,high,city-walk
r48c186,high,city-walk
r48c187,high,city-walk
r48c191,high,city-walk
r48c193,high,city-walk
r48c194,high,city-walk
r49c184,high,city-walk
r49c185,high,city-walk
r49c186,high,city-walk
r49c187,high,city-walk
r49c190,high,city-walk
r50c185,high,city-walk
r50c186,high,city-walk
r50c187,high,city-walk
r51c187,high,city-walk
r75c147,high,delma
r76c145,high,delma
r76c146,high,delma
r76c147,high,delma
r77c143,high,delma
r77c144,high,delma
r77c146,high,delma
r77c147,high,delma
r78c143,high,delma
r78c144,high,delma
r78c145,high,delma
r79c141,high,delma
r79c142,high,delma
r79c143,high,delma
r79c144,high,delma
r79c145,high,delma
r79c146,high,delma
r79c147,high,delma
r80c140,high,delma
r80c141,high,delma
r80c142,high,delma
r80c143,high,delma
r80c144,high,delma
r80c145,high,delma
r80c156,high,delma
r81c143,high,delma
r81c144,high,delma
r81c145,high,delma
r81c146,high,delma
r81c147,high,delma
r81c148,high,delma
r81c149,high,delma
r81c150,high,delma
r81c153,high,delma
r81c154,high,delma
r81c155,high,delma
r82c145,high,delma
r82c146,high,delma
r82c147,high,delma
r82c148,high,delma
r82c149,high,delma
r82c150,high,delma
r82c151,high,delma
r82c152,high,delma
r82c155,high,delma
r83c148,high,delma
r83c149,high,delma
r83c150,high,delma
r83c151,high,delma
r84c151,high,delma
r84c152,high,delma
r85c151,high,delma
r46c184,high,jumeirah-park
r46c188,high,jumeirah-park
r47c181,high,jumeirah-park
r47c184,high,jumeirah-park
r47c185,high,jumeirah-park
r47c186,high,jumeirah-park
r47c187,high,jumeirah-park
r48c182,high,jumeirah-park
r48c183,high,jumeirah-park
r48c184,high,jumeirah-park
r48c185,high,jumeirah-park
r48c186,high,jumeirah-park
r48c187,high,jumeirah-park
r49c182,high,jumeirah-park
r49c183,high,jumeirah-park
r49c184,high,jumeirah-park
r49c185,high,jumeirah-park
r49c186,high,jumeirah-park
r49c187,high,jumeirah-park
r49c190,high,jumeirah-park
r49c191,high,jumeirah-park
r50c181,high,jumeirah-park
r50c182,high,jumeirah-park
r50c183,high,jumeirah-park
r50c184,high,jumeirah-park
r50c185,high,jumeirah-park
r50c186,high,jumeirah-park
r50c187,high,jumeirah-park
r50c189,high,jumeirah-park
r51c180,high,jumeirah-park
r51c181,high,jumeirah-park
r51c182,high,jumeirah-park
r51c183,high,jumeirah-park
r51c184,high,jumeirah-park
r51c185,high,jumeirah-park
r51c186,high,jumeirah-park
r51c187,high,jumeirah-park
r51c188,high,jumeirah-park
r51c189,high,jumeirah-park
r52c179,high,jumeirah-park
r52c180,high,jumeirah-park
r52c181,high,jumeirah-park
r52c182,high,jumeirah-park
r52c183,high,jumeirah-park
r52c184,high,jumeirah-park
r52c185,high,jumeirah-park
r52c186,high,jumeirah-park
r52c187,high,jumeirah-park
r52c188,high,jumeirah-park
r53c179,high,jumeirah-park
r53c180,high,jumeirah-park
r53c181,high,jumeirah-park
r53c182,high,jumeirah-park
r53c183,high,jumeirah-park
r53c184,high,jumeirah-park
r53c185,high,jumeirah-park
r53c187,high,jumeirah-park
r53c190,high,jumeirah-park
r54c178,high,jumeirah-park
r54c179,high,jumeirah-park
r54c180,high,jumeirah-park
r54c181,high,jumeirah-park
r54c182,high,jumeirah-park
r54c183,high,jumeirah-park
r54c184,high,jumeirah-park
r54c185,high,jumeirah-park
r55c177,high,jumeirah-park
r55c178,high,jumeirah-park
r55c179,high,jumeirah-park
r55c180,high,jumeirah-park
r55c181,high,jumeirah-park
r55c182,high,jumeirah-park
r55c185,high,jumeirah-park
r55c186,high,jumeirah-park
r56c178,high,jumeirah-park
r56c179,high,jumeirah-park
r56c180,high,jumeirah-park
r56c186,high,jumeirah-park
r57c180,high,jumeirah-park
r58c185,high,jumeirah-park
r76c145,high,khaleej-al-arabi
r76c146,high,khaleej-al-arabi
r76c147,high,khaleej-al-arabi
r77c143,high,khaleej-al-arabi
r77c144,high,khaleej-al-arabi
r77c146,high,khaleej-al-arabi
r77c147,high,khaleej-al-arabi
r78c143,high,khaleej-al-arabi
r78c144,high,khaleej-al-arabi
r78c145,high,khaleej-al-arabi
r79c142,high,khaleej-al-arabi
r79c143,high,khaleej-al-arabi
r79c144,high,khaleej-al-arabi
r79c145,high,khaleej-al-arabi
r79c146,high,khaleej-al-arabi
r79c147,high,khaleej-al-arabi
r80c140,high,khaleej-al-arabi
r80c141,high,khaleej-al-arabi
r80c142,high,khaleej-al-arabi
r80c143,high,khaleej-al-arabi
r80c144,high,khaleej-al-arabi
r80c145,high,khaleej-al-arabi
r81c143,high,khaleej-al-arabi
r81c144,high,khaleej-al-arabi
r81c145,high,khaleej-al-arabi
r81c146,high,khaleej-al-arabi
r81c147,high,khaleej-al-arabi
r82c145,high,khaleej-al-arabi
r82c146,high,khaleej-al-arabi
r82c147,high,khaleej-al-arabi
r82c148,high,khaleej-al-arabi
r82c149,high,khaleej-al-arabi
r82c150,high,khaleej-al-arabi
r83c148,high,khaleej-al-arabi
r83c149,high,khaleej-al-arabi
r83c150,high,khaleej-al-arabi
r83c151,high,khaleej-al-arabi
r84c151,high,khaleej-al-arabi
r84c152,high,khaleej-al-arabi
r69c163,high,khalifa-city-a
r71c159,high,khalifa-city-a
r72c160,high,khalifa-city-a
r72c161,high,khalifa-city-a
r73c157,high,khalifa-city-a
r73c158,high,khalifa-city-a
r73c159,high,khalifa-city-a
r73c160,high,khalifa-city-a
r74c157,high,khalifa-city-a
r74c158,high,khalifa-city-a
r74c159,high,khalifa-city-a
r74c160,high,khalifa-city-a
r75c157,high,khalifa-city-a
r75c158,high,khalifa-city-a
r75c159,high,khalifa-city-a
r75c162,high,khalifa-city-a
r76c156,high,khalifa-city-a
r76c157,high,khalifa-city-a
r76c158,high,khalifa-city-a
r76c159,high,khalifa-city-a
r76c160,high,khalifa-city-a
r76c162,high,khalifa-city-a
r77c157,high,khalifa-city-a
r77c158,high,khalifa-city-a
r77c159,high,khalifa-city-a
r78c154,high,khalifa-city-a
r78c155,high,khalifa-city-a
r78c156,high,khalifa-city-a
r78c157,high,khalifa-city-a
r78c158,high,khalifa-city-a
r79c144,high,khalifa-city-a
r79c155,high,khalifa-city-a
r79c156,high,khalifa-city-a
r79c157,high,khalifa-city-a
r79c158,high,khalifa-city-a
r79c159,high,khalifa-city-a
r79c160,high,khalifa-city-a
r80c144,high,khalifa-city-a
r80c155,high,khalifa-city-a
r80c156,high,khalifa-city-a
r80c157,high,khalifa-city-a
r80c158,high,khalifa-city-a
r80c159,high,khalifa-city-a
r80c160,high,khalifa-city-a
r80c161,high,khalifa-city-a
r80c162,high,khalifa-city-a
r81c144,high,khalifa-city-a
r81c145,high,khalifa-city-a
r81c146,high,khalifa-city-a
r81c147,high,khalifa-city-a
r81c148,high,khalifa-city-a
r81c149,high,khalifa-city-a
r81c150,high,khalifa-city-a
r81c151,high,khalifa-city-a
r81c153,high,khalifa-city-a
r81c154,high,khalifa-city-a
r81c155,high,khalifa-city-a
r81c156,high,khalifa-city-a
r81c157,high,khalifa-city-a
r81c158,high,khalifa-city-a
r81c159,high,khalifa-city-a
r81c160,high,khalifa-city-a
r81c161,high,khalifa-city-a
r81c162,high,khalifa-city-a
r82c146,high,khalifa-city-a
r82c147,high,khalifa-city-a
r82c148,high,khalifa-city-a
r82c149,high,khalifa-city-a
r82c150,high,khalifa-city-a
r82c151,high,khalifa-city-a
r82c152,high,khalifa-city-a
r82c153,high,khalifa-city-a
r82c154,high,khalifa-city-a
r82c155,high,khalifa-city-a
r82c156,high,khalifa-city-a
r82c157,high,khalifa-city-a
r82c158,high,khalifa-city-a
r82c160,high,khalifa-city-a
r82c161,high,khalifa-city-a
r82c162,high,khalifa-city-a
r82c163,high,khalifa-city-a
r83c148,high,khalifa-city-a
r83c149,high,khalifa-city-a
r83c150,high,khalifa-city-a
r83c151,high,khalifa-city-a
r83c152,high,khalifa-city-a
r83c153,high,khalifa-city-a
r83c154,high,khalifa-city-a
r83c155,high,khalifa-city-a
r83c157,high,khalifa-city-a
r83c158,high,khalifa-city-a
r83c159,high,khalifa-city-a
r83c160,high,khalifa-city-a
r83c161,high,khalifa-city-a
r83c162,high,khalifa-city-a
r84c150,high,khalifa-city-a
r84c151,high,khalifa-city-a
r84c152,high,khalifa-city-a
r84c153,high,khalifa-city-a
r84c155,high,khalifa-city-a
r84c156,high,khalifa-city-a
r84c157,high,khalifa-city-a
r84c158,high,khalifa-city-a
r84c161,high,khalifa-city-a
r85c151,high,khalifa-city-a
r85c152,high,khalifa-city-a
r85c153,high,khalifa-city-a
r85c154,high,khalifa-city-a
r85c155,high,khalifa-city-a
r85c156,high,khalifa-city-a
r85c157,high,khalifa-city-a
r85c158,high,khalifa-city-a
r86c153,high,khalifa-city-a
r86c154,high,khalifa-city-a
r86c155,high,khalifa-city-a
r86c156,high,khalifa-city-a
r87c154,high,khalifa-city-a
r87c155,high,khalifa-city-a
r76c159,high,ministries-complex
r77c143,high,ministries-complex
r77c157,high,ministries-complex
r77c158,high,ministries-complex
r77c159,high,ministries-complex
r78c143,high,ministries-complex
r78c144,high,ministries-complex
r78c145,high,ministries-complex
r78c154,high,ministries-complex
r78c156,high,ministries-complex
r79c142,high,ministries-complex
r79c143,high,ministries-complex
r79c144,high,ministries-complex
r79c145,high,ministries-complex
r79c146,high,ministries-complex
r79c147,high,ministries-complex
r79c155,high,ministries-complex
r79c156,high,ministries-complex
r80c141,high,ministries-complex
r80c142,high,ministries-complex
r80c143,high,ministries-complex
r80c144,high,ministries-complex
r80c145,high,ministries-complex
r80c155,high,ministries-complex
r80c156,high,ministries-complex
r80c158,high,ministries-complex
r81c143,high,ministries-complex
r81c144,high,ministries-complex
r81c145,high,ministries-complex
r81c146,high,ministries-complex
r81c147,high,ministries-complex
r81c148,high,ministries-complex
r81c149,high,ministries-complex
r81c150,high,ministries-complex
r81c151,high,ministries-complex
r81c153,high,ministries-complex
r81c154,high,ministries-complex
r81c155,high,ministries-complex
r81c156,high,ministries-complex
r82c145,high,ministries-complex
r82c146,high,ministries-complex
r82c147,high,ministries-complex
r82c148,high,ministries-complex
r82c149,high,ministries-complex
r82c150,high,ministries-complex
r82c151,high,ministries-complex
r82c152,high,ministries-complex
r82c153,high,ministries-complex
r82c154,high,ministries-complex
r82c155,high,ministries-complex
r82c156,high,ministries-complex
r82c157,high,ministries-complex
r83c148,high,ministries-complex
r83c149,high,ministries-complex
r83c150,high,ministries-complex
r83c151,high,ministries-complex
r83c152,high,ministries-complex
r83c153,high,ministries-complex
r83c154,high,ministries-complex
r83c157,high,ministries-complex
r83c158,high,ministries-complex
r84c148,high,ministries-complex
r84c149,high,ministries-complex
r84c150,high,ministries-complex
r84c151,high,ministries-complex
r84c152,high,ministries-complex
r84c153,high,ministries-complex
r84c155,high,ministries-complex
r85c149,high,ministries-complex
r85c150,high,ministries-complex
r85c151,high,ministries-complex
r85c152,high,ministries-complex
r85c153,high,ministries-complex
r85c154,high,ministries-complex
r85c155,high,ministries-complex
r86c150,high,ministries-complex
r86c151,high,ministries-complex
r86c152,high,ministries-complex
r86c153,high,ministries-complex
r86c154,high,ministries-complex
r86c155,high,ministries-complex
r87c150,high,ministries-complex
r87c151,high,ministries-complex
r87c152,high,ministries-complex
r87c153,high,ministries-complex
r87c154,high,ministries-complex
r87c155,high,ministries-complex
r87c156,high,ministries-complex
r88c152,high,ministries-complex
r88c153,high,ministries-complex
r88c154,high,ministries-complex
r88c155,high,ministries-complex
r88c156,high,ministries-complex
r89c157,high,ministries-complex
r35c199,high,mirdif-35
r36c195,high,mirdif-35
r36c196,high,mirdif-35
r36c197,high,mirdif-35
r36c198,high,mirdif-35
r37c194,high,mirdif-35
r37c195,high,mirdif-35
r37c196,high,mirdif-35
r37c197,high,mirdif-35
r37c198,high,mirdif-35
r37c199,high,mirdif-35
r37c200,high,mirdif-35
r38c192,high,mirdif-35
r38c193,high,mirdif-35
r38c194,high,mirdif-35
r38c195,high,mirdif-35
r38c196,high,mirdif-35
r38c197,high,mirdif-35
r38c198,high,mirdif-35
r39c191,high,mirdif-35
r39c192,high,mirdif-35
r39c193,high,mirdif-35
r39c194,high,mirdif-35
r39c195,high,mirdif-35
r39c196,high,mirdif-35
r39c197,high,mirdif-35
r40c189,high,mirdif-35
r40c190,high,mirdif-35
r40c191,high,mirdif-35
r40c192,high,mirdif-35
r40c193,high,mirdif-35
r40c194,high,mirdif-35
r40c195,high,mirdif-35
r40c196,high,mirdif-35
r40c197,high,mirdif-35
r40c198,high,mirdif-35
r40c199,high,mirdif-35
r40c200,high,mirdif-35
r41c189,high,mirdif-35
r41c190,high,mirdif-35
r41c191,high,mirdif-35
r41c192,high,mirdif-35
r41c193,high,mirdif-35
r41c194,high,mirdif-35
r41c195,high,mirdif-35
r41c196,high,mirdif-35
r41c197,high,mirdif-35
r41c198,high,mirdif-35
r41c199,high,mirdif-35
r41c200,high,mirdif-35
r41c201,high,mirdif-35
r41c202,high,mirdif-35
r41c203,high,mirdif-35
r42c189,high,mirdif-35
r42c190,high,mirdif-35
r42c191,high,mirdif-35
r42c192,high,mirdif-35
r42c193,high,mirdif-35
r42c194,high,mirdif-35
r42c195,high,mirdif-35
r42c196,high,mirdif-35
r42c197,high,mirdif-35
r42c198,high,mirdif-35
r42c199,high,mirdif-35
r42c200,high,mirdif-35
r42c201,high,mirdif-35
r42c202,high,mirdif-35
r42c203,high,mirdif-35
r43c188,high,mirdif-35
r43c189,high,mirdif-35
r43c190,high,mirdif-35
r43c191,high,mirdif-35
r43c192,high,mirdif-35
r43c193,high,mirdif-35
r43c194,high,mirdif-35
r43c195,high,mirdif-35
r43c196,high,mirdif-35
r43c197,high,mirdif-35
r43c198,high,mirdif-35
r43c199,high,mirdif-35
r43c200,high,mirdif-35
r43c201,high,mirdif-35
r43c202,high,mirdif-35
r43c203,high,mirdif-35
r44c188,high,mirdif-35
r44c191,high,mirdif-35
r44c192,high,mirdif-35
r44c193,high,mirdif-35
r44c194,high,mirdif-35
r44c195,high,mirdif-35
r44c196,high,mirdif-35
r44c197,high,mirdif-35
r44c199,high,mirdif-35
r44c201,high,mirdif-35
r44c202,high,mirdif-35
r44c203,high,mirdif-35
r45c192,high,mirdif-35
r45c193,high,mirdif-35
r45c194,high,mirdif-35
r45c195,high,mirdif-35
r45c196,high,mirdif-35
r45c197,high,mirdif-35
r45c198,high,mirdif-35
r45c199,high,mirdif-35
r45c200,high,mirdif-35
r45c202,high,mirdif-35
r46c192,high,mirdif-35
r46c193,high,mirdif-35
r46c194,high,mirdif-35
r46c195,high,mirdif-35
r46c196,high,mirdif-35
r46c197,high,mirdif-35
r46c198,high,mirdif-35
r46c201,high,mirdif-35
r47c193,high,mirdif-35
r47c194,high,mirdif-35
r47c196,high,mirdif-35
r48c191,high,mirdif-35
r48c193,high,mirdif-35
r79c144,high,mohammed-bin-zayed-city
r79c157,high,mohammed-bin-zayed-city
r80c144,high,mohammed-bin-zayed-city
r80c156,high,mohammed-bin-zayed-city
r80c157,high,mohammed-bin-zayed-city
r80c158,high,mohammed-bin-zayed-city
r81c143,high,mohammed-bin-zayed-city
r81c144,high,mohammed-bin-zayed-city
r81c145,high,mohammed-bin-zayed-city
r81c146,high,mohammed-bin-zayed-city
r81c147,high,mohammed-bin-zayed-city
r81c149,high,mohammed-bin-zayed-city
r81c150,high,mohammed-bin-zayed-city
r81c151,high,mohammed-bin-zayed-city
r81c153,high,mohammed-bin-zayed-city
r81c154,high,mohammed-bin-zayed-city
r81c155,high,mohammed-bin-zayed-city
r81c156,high,mohammed-bin-zayed-city
r81c157,high,mohammed-bin-zayed-city
r81c158,high,mohammed-bin-zayed-city
r82c146,high,mohammed-bin-zayed-city
r82c147,high,mohammed-bin-zayed-city
r82c148,high,mohammed-bin-zayed-city
r82c149,high,mohammed-bin-zayed-city
r82c150,high,mohammed-bin-zayed-city
r82c151,high,mohammed-bin-zayed-city
r82c152,high,mohammed-bin-zayed-city
r82c153,high,mohammed-bin-zayed-city
r82c154,high,mohammed-bin-zayed-city
r82c155,high,mohammed-bin-zayed-city
r82c156,high,mohammed-bin-zayed-city
r82c157,high,mohammed-bin-zayed-city
r82c158,high,mohammed-bin-zayed-city
r82c162,high,mohammed-bin-zayed-city
r83c148,high,mohammed-bin-zayed-city
r83c149,high,mohammed-bin-zayed-city
r83c150,high,mohammed-bin-zayed-city
r83c151,high,mohammed-bin-zayed-city
r83c152,high,mohammed-bin-zayed-city
r83c153,high,mohammed-bin-zayed-city
r83c154,high,mohammed-bin-zayed-city
r83c155,high,mohammed-bin-zayed-city
r83c157,high,mohammed-bin-zayed-city
r83c158,high,mohammed-bin-zayed-city
r83c160,high,mohammed-bin-zayed-city
r83c161,high,mohammed-bin-zayed-city
r84c148,high,mohammed-bin-zayed-city
r84c149,high,mohammed-bin-zayed-city
r84c150,high,mohammed-bin-zayed-city
r84c151,high,mohammed-bin-zayed-city
r84c152,high,mohammed-bin-zayed-city
r84c153,high,mohammed-bin-zayed-city
r84c155,high,mohammed-bin-zayed-city
r84c156,high,mohammed-bin-zayed-city
r84c157,high,mohammed-bin-zayed-city
r84c158,high,mohammed-bin-zayed-city
r85c148,high,mohammed-bin-zayed-city
r85c149,high,mohammed-bin-zayed-city
r85c150,high,mohammed-bin-zayed-city
r85c151,high,mohammed-bin-zayed-city
r85c152,high,mohammed-bin-zayed-city
r85c153,high,mohammed-bin-zayed-city
r85c154,high,mohammed-bin-zayed-city
r85c155,high,mohammed-bin-zayed-city
r85c156,high,mohammed-bin-zayed-city
r85c157,high,mohammed-bin-zayed-city
r85c158,high,mohammed-bin-zayed-city
r85c159,high,mohammed-bin-zayed-city
r86c148,high,mohammed-bin-zayed-city
r86c149,high,mohammed-bin-zayed-city
r86c150,high,mohammed-bin-zayed-city
r86c151,high,mohammed-bin-zayed-city
r86c152,high,mohammed-bin-zayed-city
r86c153,high,mohammed-bin-zayed-city
r86c154,high,mohammed-bin-zayed-city
r86c155,high,mohammed-bin-zayed-city
r86c156,high,mohammed-bin-zayed-city
r86c157,high,mohammed-bin-zayed-city
r86c159,high,mohammed-bin-zayed-city
r87c148,high,mohammed-bin-zayed-city
r87c149,high,mohammed-bin-zayed-city
r87c150,high,mohammed-bin-zayed-city
r87c151,high,mohammed-bin-zayed-city
r87c152,high,mohammed-bin-zayed-city
r87c153,high,mohammed-bin-zayed-city
r87c154,high,mohammed-bin-zayed-city
r87c155,high,mohammed-bin-zayed-city
r87c156,high,mohammed-bin-zayed-city
r87c157,high,mohammed-bin-zayed-city
r88c149,high,mohammed-bin-zayed-city
r88c150,high,mohammed-bin-zayed-city
r88c151,high,mohammed-bin-zayed-city
r88c152,high,mohammed-bin-zayed-city
r88c153,high,mohammed-bin-zayed-city
r88c154,high,mohammed-bin-zayed-city
r88c155,high,mohammed-bin-zayed-city
r88c156,high,mohammed-bin-zayed-city
r88c157,high,mohammed-bin-zayed-city
r88c158,high,mohammed-bin-zayed-city
r89c150,high,mohammed-bin-zayed-city
r89c152,high,mohammed-bin-zayed-city
r89c153,high,mohammed-bin-zayed-city
r89c154,high,mohammed-bin-zayed-city
r89c155,high,mohammed-bin-zayed-city
r89c156,high,mohammed-bin-zayed-city
r89c157,high,mohammed-bin-zayed-city
r89c158,high,mohammed-bin-zayed-city
r89c159,high,mohammed-bin-zayed-city
r90c154,high,mohammed-bin-zayed-city
r90c155,high,mohammed-bin-zayed-city
r90c156,high,mohammed-bin-zayed-city
r90c157,high,mohammed-bin-zayed-city
r90c158,high,mohammed-bin-zayed-city
r90c159,high,mohammed-bin-zayed-city
r90c160,high,mohammed-bin-zayed-city
r91c159,high,mohammed-bin-zayed-city
r91c161,high,mohammed-bin-zayed-city
r91c162,high,mohammed-bin-zayed-city
r92c159,high,mohammed-bin-zayed-city
r39c192,high,nad-al-sheba
r39c193,high,nad-al-sheba
r39c194,high,nad-al-sheba
r39c195,high,nad-al-sheba
r39c197,high,nad-al-sheba
r40c189,high,nad-al-sheba
r40c190,high,nad-al-sheba
r40c191,high,nad-al-sheba
r40c192,high,nad-al-sheba
r40c193,high,nad-al-sheba
r40c194,high,nad-al-sheba
r40c195,high,nad-al-sheba
r40c196,high,nad-al-sheba
r40c197,high,nad-al-sheba
r41c188,high,nad-al-sheba
r41c189,high,nad-al-sheba
r41c190,high,nad-al-sheba
r41c191,high,nad-al-sheba
r41c192,high,nad-al-sheba
r41c193,high,nad-al-sheba
r41c194,high,nad-al-sheba
r41c195,high,nad-al-sheba
r41c196,high,nad-al-sheba
r41c197,high,nad-al-sheba
r41c198,high,nad-al-sheba
r42c188,high,nad-al-sheba
r42c189,high,nad-al-sheba
r42c190,high,nad-al-sheba
r42c191,high,nad-al-sheba
r42c192,high,nad-al-sheba
r42c193,high,nad-al-sheba
r42c194,high,nad-al-sheba
r42c195,high,nad-al-sheba
r42c196,high,nad-al-sheba
r42c197,high,nad-al-sheba
r42c198,high,nad-al-sheba
r42c199,high,nad-al-sheba
r43c187,high,nad-al-sheba
r43c188,high,nad-al-sheba
r43c189,high,nad-al-sheba
r43c190,high,nad-al-sheba
r43c191,high,nad-al-sheba
r43c192,high,nad-al-sheba
r43c193,high,nad-al-sheba
r43c194,high,nad-al-sheba
r43c195,high,nad-al-sheba
r43c196,high,nad-al-sheba
r43c197,high,nad-al-sheba
r43c198,high,nad-al-sheba
r44c186,high,nad-al-sheba
r44c187,high,nad-al-sheba
r44c188,high,nad-al-sheba
r44c189,high,nad-al-sheba
r44c190,high,nad-al-sheba
r44c191,high,nad-al-sheba
r44c192,high,nad-al-sheba
r44c193,high,nad-al-sheba
r44c194,high,nad-al-sheba
r44c195,high,nad-al-sheba
r44c196,high,nad-al-sheba
r44c197,high,nad-al-sheba
r44c199,high,nad-al-sheba
r45c186,high,nad-al-sheba
r45c187,high,nad-al-sheba
r45c188,high,nad-al-sheba
r45c189,high,nad-al-sheba
r45c190,high,nad-al-sheba
r45c191,high,nad-al-sheba
r45c192,high,nad-al-sheba
r45c193,high,nad-al-sheba
r45c194,high,nad-al-sheba
r45c195,high,nad-al-sheba
r45c196,high,nad-al-sheba
r45c197,high,nad-al-sheba
r45c198,high,nad-al-sheba
r45c199,high,nad-al-sheba
r45c200,high,nad-al-sheba
r46c187,high,nad-al-sheba
r46c188,high,nad-al-sheba
r46c189,high,nad-al-sheba
r46c190,high,nad-al-sheba
r46c191,high,nad-al-sheba
r46c192,high,nad-al-sheba
r46c193,high,nad-al-sheba
r46c194,high,nad-al-sheba
r46c195,high,nad-al-sheba
r46c196,high,nad-al-sheba
r46c197,high,nad-al-sheba
r46c198,high,nad-al-sheba
r46c201,high,nad-al-sheba
r47c187,high,nad-al-sheba
r47c188,high,nad-al-sheba
r47c189,high,nad-al-sheba
r47c190,high,nad-al-sheba
r47c191,high,nad-al-sheba
r47c192,high,nad-al-sheba
r47c193,high,nad-al-sheba
r47c194,high,nad-al-sheba
r47c195,high,nad-al-sheba
r47c196,high,nad-al-sheba
r48c187,high,nad-al-sheba
r48c188,high,nad-al-sheba
r48c189,high,nad-al-sheba
r48c190,high,nad-al-sheba
r48c191,high,nad-al-sheba
r48c192,high,nad-al-sheba
r48c193,high,nad-al-sheba
r48c194,high,nad-al-sheba
r48c195,high,nad-al-sheba
r49c187,high,nad-al-sheba
r49c188,high,nad-al-sheba
r49c189,high,nad-al-sheba
r49c190,high,nad-al-sheba
r49c191,high,nad-al-sheba
r49c192,high,nad-al-sheba
r49c193,high,nad-al-sheba
r49c194,high,nad-al-sheba
r49c195,high,nad-al-sheba
r50c187,high,nad-al-sheba
r50c188,high,nad-al-sheba
r50c189,high,nad-al-sheba
r50c190,high,nad-al-sheba
r50c195,high,nad-al-sheba
r50c196,high,nad-al-sheba
r51c186,high,nad-al-sheba
r51c187,high,nad-al-sheba
r51c188,high,nad-al-sheba
r51c189,high,nad-al-sheba
r51c195,high,nad-al-sheba
r51c196,high,nad-al-sheba
r52c197,high,nad-al-sheba
r53c198,high,nad-al-sheba
r69c163,high,noya-plaza
r72c160,high,noya-plaza
r72c161,high,noya-plaza
r73c159,high,noya-plaza
r73c160,high,noya-plaza
r74c157,high,noya-plaza
r74c158,high,noya-plaza
r74c159,high,noya-plaza
r75c157,high,noya-plaza
r75c158,high,noya-plaza
r75c159,high,noya-plaza
r75c162,high,noya-plaza
r76c146,high,noya-plaza
r76c147,high,noya-plaza
r76c156,high,noya-plaza
r76c157,high,noya-plaza
r76c158,high,noya-plaza
r76c159,high,noya-plaza
r76c162,high,noya-plaza
r77c147,high,noya-plaza
r77c157,high,noya-plaza
r77c158,high,noya-plaza
r77c159,high,noya-plaza
r78c154,high,noya-plaza
r78c155,high,noya-plaza
r78c156,high,noya-plaza
r78c157,high,noya-plaza
r78c158,high,noya-plaza
r79c155,high,noya-plaza
r79c156,high,noya-plaza
r79c157,high,noya-plaza
r79c158,high,noya-plaza
r80c155,high,noya-plaza
r80c156,high,noya-plaza
r80c157,high,noya-plaza
r80c158,high,noya-plaza
r80c159,high,noya-plaza
r80c160,high,noya-plaza
r80c161,high,noya-plaza
r80c162,high,noya-plaza
r81c150,high,noya-plaza
r81c153,high,noya-plaza
r81c154,high,noya-plaza
r81c155,high,noya-plaza
r81c156,high,noya-plaza
r81c157,high,noya-plaza
r81c158,high,noya-plaza
r81c159,high,noya-plaza
r81c160,high,noya-plaza
r81c161,high,noya-plaza
r81c162,high,noya-plaza
r82c148,high,noya-plaza
r82c149,high,noya-plaza
r82c150,high,noya-plaza
r82c151,high,noya-plaza
r82c152,high,noya-plaza
r82c153,high,noya-plaza
r82c154,high,noya-plaza
r82c155,high,noya-plaza
r82c156,high,noya-plaza
r82c157,high,noya-plaza
r82c158,high,noya-plaza
r82c160,high,noya-plaza
r82c161,high,noya-plaza
r82c162,high,noya-plaza
r82c163,high,noya-plaza
r83c151,high,noya-plaza
r83c152,high,noya-plaza
r83c153,high,noya-plaza
r83c157,high,noya-plaza
r83c158,high,noya-plaza
r83c160,high,noya-plaza
r83c161,high,noya-plaza
r84c156,high,noya-plaza
r84c157,high,noya-plaza
r84c158,high,noya-plaza
r85c157,high,noya-plaza
r85c158,high,noya-plaza
r86c156,high,noya-plaza
r87c155,high,noya-plaza
r12c223,high,ras-al-khaimah
r12c224,high,ras-al-khaimah
r12c225,high,ras-al-khaimah
r13c222,high,ras-al-khaimah
r13c223,high,ras-al-khaimah
r13c224,high,ras-al-khaimah
r13c225,high,ras-al-khaimah
r13c226,high,ras-al-khaimah
r14c221,high,ras-al-khaimah
r14c222,high,ras-al-khaimah
r14c223,high,ras-al-khaimah
r14c224,high,ras-al-khaimah
r14c225,high,ras-al-khaimah
r14c226,high,ras-al-khaimah
r15c220,high,ras-al-khaimah
r15c221,high,ras-al-khaimah
r15c222,high,ras-al-khaimah
r15c223,high,ras-al-khaimah
r15c224,high,ras-al-khaimah
r15c225,high,ras-al-khaimah
r15c226,high,ras-al-khaimah
r16c219,high,ras-al-khaimah
r16c220,high,ras-al-khaimah
r16c221,high,ras-al-khaimah
r16c222,high,ras-al-khaimah
r16c223,high,ras-al-khaimah
r16c224,high,ras-al-khaimah
r16c225,high,ras-al-khaimah
r17c216,high,ras-al-khaimah
r17c217,high,ras-al-khaimah
r17c218,high,ras-al-khaimah
r17c219,high,ras-al-khaimah
r17c220,high,ras-al-khaimah
r17c221,high,ras-al-khaimah
r17c222,high,ras-al-khaimah
r17c223,high,ras-al-khaimah
r17c224,high,ras-al-khaimah
r17c225,high,ras-al-khaimah
r18c215,high,ras-al-khaimah
r18c216,high,ras-al-khaimah
r18c217,high,ras-al-khaimah
r18c218,high,ras-al-khaimah
r18c219,high,ras-al-khaimah
r18c220,high,ras-al-khaimah
r18c221,high,ras-al-khaimah
r18c222,high,ras-al-khaimah
r18c223,high,ras-al-khaimah
r18c224,high,ras-al-khaimah
r18c225,high,ras-al-khaimah
r18c226,high,ras-al-khaimah
r19c213,high,ras-al-khaimah
r19c217,high,ras-al-khaimah
r19c218,high,ras-al-khaimah
r19c219,high,ras-al-khaimah
r19c220,high,ras-al-khaimah
r19c221,high,ras-al-khaimah
r19c222,high,ras-al-khaimah
r19c223,high,ras-al-khaimah
r19c224,high,ras-al-khaimah
r19c225,high,ras-al-khaimah
r20c218,high,ras-al-khaimah
r20c219,high,ras-al-khaimah
r20c221,high,ras-al-khaimah
r20c224,high,ras-al-khaimah
r22c217,high,ras-al-khaimah
r22c222,high,ras-al-khaimah
r68c163,high,shahama
r68c164,high,shahama
r69c162,high,shahama
r69c163,high,shahama
r69c164,high,shahama
r70c161,high,shahama
r70c162,high,shahama
r70c163,high,shahama
r70c164,high,shahama
r71c158,high,shahama
r71c159,high,shahama
r71c160,high,shahama
r71c161,high,shahama
r71c163,high,shahama
r72c159,high,shahama
r72c160,high,shahama
r72c161,high,shahama
r72c163,high,shahama
r73c157,high,shahama
r73c158,high,shahama
r73c159,high,shahama
r73c160,high,shahama
r74c157,high,shahama
r74c158,high,shahama
r74c159,high,shahama
r74c160,high,shahama
r75c157,high,shahama
r75c158,high,shahama
r75c159,high,shahama
r75c162,high,shahama
r76c146,high,shahama
r76c147,high,shahama
r76c156,high,shahama
r76c157,high,shahama
r76c158,high,shahama
r76c159,high,shahama
r76c160,high,shahama
r77c147,high,shahama
r77c157,high,shahama
r77c158,high,shahama
r77c159,high,shahama
r78c154,high,shahama
r78c155,high,shahama
r78c156,high,shahama
r78c157,high,shahama
r78c158,high,shahama
r79c155,high,shahama
r79c156,high,shahama
r79c157,high,shahama
r79c158,high,shahama
r79c159,high,shahama
r79c160,high,shahama
r80c155,high,shahama
r80c156,high,shahama
r80c157,high,shahama
r80c158,high,shahama
r80c159,high,shahama
r80c160,high,shahama
r80c161,high,shahama
r80c162,high,shahama
r81c147,high,shahama
r81c150,high,shahama
r81c153,high,shahama
r81c154,high,shahama
r81c155,high,shahama
r81c156,high,shahama
r81c157,high,shahama
r81c158,high,shahama
r81c159,high,shahama
r81c160,high,shahama
r81c161,high,shahama
r81c162,high,shahama
r82c148,high,shahama
r82c149,high,shahama
r82c150,high,shahama
r82c151,high,shahama
r82c152,high,shahama
r82c153,high,shahama
r82c154,high,shahama
r82c155,high,shahama
r82c156,high,shahama
r82c157,high,shahama
r82c158,high,shahama
r82c160,high,shahama
r82c161,high,shahama
r82c162,high,shahama
r82c163,high,shahama
r83c150,high,shahama
r83c151,high,shahama
r83c152,high,shahama
r83c153,high,shahama
r83c154,high,shahama
r83c157,high,shahama
r83c158,high,shahama
r83c160,high,shahama
r83c161,high,shahama
r84c152,high,shahama
r84c156,high,shahama
r84c157,high,shahama
r84c158,high,shahama
r85c156,high,shahama
r85c157,high,shahama
r85c158,high,shahama
r86c156,high,shahama
r87c155,high,shahama
r75c159,high,shakhbout-city
r76c159,high,shakhbout-city
r77c158,high,shakhbout-city
r77c159,high,shakhbout-city
r78c154,high,shakhbout-city
r78c156,high,shakhbout-city
r78c158,high,shakhbout-city
r79c157,high,shakhbout-city
r79c158,high,shakhbout-city
r80c156,high,shakhbout-city
r80c157,high,shakhbout-city
r80c158,high,shakhbout-city
r80c159,high,shakhbout-city
r80c160,high,shakhbout-city
r80c161,high,shakhbout-city
r80c162,high,shakhbout-city
r81c150,high,shakhbout-city
r81c154,high,shakhbout-city
r81c155,high,shakhbout-city
r81c156,high,shakhbout-city
r81c157,high,shakhbout-city
r81c158,high,shakhbout-city
r81c159,high,shakhbout-city
r81c160,high,shakhbout-city
r81c161,high,shakhbout-city
r81c162,high,shakhbout-city
r82c146,high,shakhbout-city
r82c147,high,shakhbout-city
r82c149,high,shakhbout-city
r82c150,high,shakhbout-city
r82c151,high,shakhbout-city
r82c152,high,shakhbout-city
r82c153,high,shakhbout-city
r82c154,high,shakhbout-city
r82c155,high,shakhbout-city
r82c156,high,shakhbout-city
r82c157,high,shakhbout-city
r82c158,high,shakhbout-city
r82c160,high,shakhbout-city
r82c161,high,shakhbout-city
r82c162,high,shakhbout-city
r82c163,high,shakhbout-city
r83c149,high,shakhbout-city
r83c150,high,shakhbout-city
r83c151,high,shakhbout-city
r83c152,high,shakhbout-city
r83c153,high,shakhbout-city
r83c154,high,shakhbout-city
r83c155,high,shakhbout-city
r83c157,high,shakhbout-city
r83c158,high,shakhbout-city
r83c159,high,shakhbout-city
r83c160,high,shakhbout-city
r83c161,high,shakhbout-city
r83c162,high,shakhbout-city
r84c150,high,shakhbout-city
r84c151,high,shakhbout-city
r84c152,high,shakhbout-city
r84c153,high,shakhbout-city
r84c155,high,shakhbout-city
r84c156,high,shakhbout-city
r84c157,high,shakhbout-city
r84c158,high,shakhbout-city
r84c159,high,shakhbout-city
r84c160,high,shakhbout-city
r84c161,high,shakhbout-city
r84c162,high,shakhbout-city
r85c151,high,shakhbout-city
r85c152,high,shakhbout-city
r85c153,high,shakhbout-city
r85c154,high,shakhbout-city
r85c155,high,shakhbout-city
r85c156,high,shakhbout-city
r85c157,high,shakhbout-city
r85c158,high,shakhbout-city
r85c159,high,shakhbout-city
r85c160,high,shakhbout-city
r85c161,high,shakhbout-city
r86c149,high,shakhbout-city
r86c150,high,shakhbout-city
r86c151,high,shakhbout-city
r86c152,high,shakhbout-city
r86c153,high,shakhbout-city
r86c154,high,shakhbout-city
r86c155,high,shakhbout-city
r86c156,high,shakhbout-city
r86c157,high,shakhbout-city
r86c159,high,shakhbout-city
r86c160,high,shakhbout-city
r86c161,high,shakhbout-city
r87c149,high,shakhbout-city
r87c150,high,shakhbout-city
r87c151,high,shakhbout-city
r87c152,high,shakhbout-city
r87c153,high,shakhbout-city
r87c154,high,shakhbout-city
r87c155,high,shakhbout-city
r87c156,high,shakhbout-city
r87c157,high,shakhbout-city
r87c158,high,shakhbout-city
r87c159,high,shakhbout-city
r87c161,high,shakhbout-city
r87c162,high,shakhbout-city
r88c148,high,shakhbout-city
r88c149,high,shakhbout-city
r88c150,high,shakhbout-city
r88c151,high,shakhbout-city
r88c152,high,shakhbout-city
r88c153,high,shakhbout-city
r88c154,high,shakhbout-city
r88c155,high,shakhbout-city
r88c156,high,shakhbout-city
r88c157,high,shakhbout-city
r88c158,high,shakhbout-city
r89c147,high,shakhbout-city
r89c148,high,shakhbout-city
r89c149,high,shakhbout-city
r89c150,high,shakhbout-city
r89c152,high,shakhbout-city
r89c153,high,shakhbout-city
r89c154,high,shakhbout-city
r89c155,high,shakhbout-city
r89c156,high,shakhbout-city
r89c157,high,shakhbout-city
r89c158,high,shakhbout-city
r89c159,high,shakhbout-city
r90c148,high,shakhbout-city
r90c152,high,shakhbout-city
r90c153,high,shakhbout-city
r90c154,high,shakhbout-city
r90c155,high,shakhbout-city
r90c156,high,shakhbout-city
r90c157,high,shakhbout-city
r90c158,high,shakhbout-city
r90c159,high,shakhbout-city
r90c160,high,shakhbout-city
r90c161,high,shakhbout-city
r91c149,high,shakhbout-city
r91c154,high,shakhbout-city
r91c157,high,shakhbout-city
r91c159,high,shakhbout-city
r91c160,high,shakhbout-city
r91c161,high,shakhbout-city
r91c162,high,shakhbout-city
r92c156,high,shakhbout-city
r92c157,high,shakhbout-city
r92c158,high,shakhbout-city
r92c159,high,shakhbout-city
r69c163,high,westyas
r72c160,high,westyas
r72c161,high,westyas
r73c159,high,westyas
r73c160,high,westyas
r74c148,high,westyas
r74c157,high,westyas
r74c158,high,westyas
r74c159,high,westyas
r74c160,high,westyas
r75c147,high,westyas
r75c157,high,westyas
r75c158,high,westyas
r75c159,high,westyas
r75c162,high,westyas
r76c145,high,westyas
r76c146,high,westyas
r76c147,high,westyas
r76c156,high,westyas
r76c157,high,westyas
r76c158,high,westyas
r76c159,high,westyas
r77c143,high,westyas
r77c144,high,westyas
r77c146,high,westyas
r77c147,high,westyas
r77c157,high,westyas
r77c158,high,westyas
r77c159,high,westyas
r78c143,high,westyas
r78c153,high,westyas
r78c154,high,westyas
r78c155,high,westyas
r78c156,high,westyas
r78c157,high,westyas
r78c158,high,westyas
r79c155,high,westyas
r79c156,high,westyas
r79c157,high,westyas
r79c158,high,westyas
r80c155,high,westyas
r80c156,high,westyas
r80c157,high,westyas
r80c158,high,westyas
r80c159,high,westyas
r80c160,high,westyas
r80c161,high,westyas
r80c162,high,westyas
r81c150,high,westyas
r81c153,high,westyas
r81c154,high,westyas
r81c155,high,westyas
r81c156,high,westyas
r81c157,high,westyas
r81c158,high,westyas
r81c159,high,westyas
r81c160,high,westyas
r81c161,high,westyas
r81c162,high,westyas
r82c149,high,westyas
r82c150,high,westyas
r82c151,high,westyas
r82c152,high,westyas
r82c153,high,westyas
r82c154,high,westyas
r82c155,high,westyas
r82c156,high,westyas
r82c157,high,westyas
r82c158,high,westyas
r82c160,high,westyas
r82c161,high,westyas
r82c162,high,westyas
r82c163,high,westyas
r83c151,high,westyas
r83c157,high,westyas
r83c158,high,westyas
r83c160,high,westyas
r83c161,high,westyas
r84c156,high,westyas
r84c157,high,westyas
r84c158,high,westyas
r85c157,high,westyas
r85c158,high,westyas
r86c156,high,westyas
r30c200,high,zawaya-walk
r31c200,high,zawaya-walk
r32c197,high,zawaya-walk
r32c198,high,zawaya-walk
r32c199,high,zawaya-walk
r32c200,high,zawaya-walk
r32c201,high,zawaya-walk
r33c196,high,zawaya-walk
r33c197,high,zawaya-walk
r33c198,high,zawaya-walk
r33c199,high,zawaya-walk
r33c200,high,zawaya-walk
r33c201,high,zawaya-walk
r33c202,high,zawaya-walk
r34c195,high,zawaya-walk
r34c196,high,zawaya-walk
r34c197,high,zawaya-walk
r34c198,high,zawaya-walk
r34c199,high,zawaya-walk
r34c200,high,zawaya-walk
r34c201,high,zawaya-walk
r34c202,high,zawaya-walk
r34c203,high,zawaya-walk
r34c204,high,zawaya-walk
r35c194,high,zawaya-walk
r35c195,high,zawaya-walk
r35c196,high,zawaya-walk
r35c197,high,zawaya-walk
r35c198,high,zawaya-walk
r35c199,high,zawaya-walk
r35c200,high,zawaya-walk
r35c201,high,zawaya-walk
r35c202,high,zawaya-walk
r35c203,high,zawaya-walk
r36c193,high,zawaya-walk
r36c194,high,zawaya-walk
r36c195,high,zawaya-walk
r36c196,high,zawaya-walk
r36c197,high,zawaya-walk
r36c198,high,zawaya-walk
r36c199,high,zawaya-walk
r36c200,high,zawaya-walk
r36c201,high,zawaya-walk
r36c202,high,zawaya-walk
r36c203,high,zawaya-walk
r37c193,high,zawaya-walk
r37c194,high,zawaya-walk
r37c195,high,zawaya-walk
r37c196,high,zawaya-walk
r37c197,high,zawaya-walk
r37c198,high,zawaya-walk
r37c199,high,zawaya-walk
r37c200,high,zawaya-walk
r37c201,high,zawaya-walk
r37c202,high,zawaya-walk
r37c203,high,zawaya-walk
r38c192,high,zawaya-walk
r38c193,high,zawaya-walk
r38c194,high,zawaya-walk
r38c195,high,zawaya-walk
r38c196,high,zawaya-walk
r38c197,high,zawaya-walk
r38c198,high,zawaya-walk
r38c199,high,zawaya-walk
r38c200,high,zawaya-walk
r38c201,high,zawaya-walk
r38c202,high,zawaya-walk
r38c204,high,zawaya-walk
r39c193,high,zawaya-walk
r39c194,high,zawaya-walk
r39c195,high,zawaya-walk
r39c196,high,zawaya-walk
r39c197,high,zawaya-walk
r39c198,high,zawaya-walk
r39c199,high,zawaya-walk
r39c200,high,zawaya-walk
r39c201,high,zawaya-walk
r40c194,high,zawaya-walk
r40c195,high,zawaya-walk
r40c196,high,zawaya-walk
r40c200,high,zawaya-walk
r40c201,high,zawaya-walk
r69c163,high,zayed-international-airport
r70c162,high,zayed-international-airport
r70c163,high,zayed-international-airport
r71c159,high,zayed-international-airport
r71c160,high,zayed-international-airport
r71c161,high,zayed-international-airport
r72c160,high,zayed-international-airport
r72c161,high,zayed-international-airport
r73c157,high,zayed-international-airport
r73c158,high,zayed-international-airport
r73c159,high,zayed-international-airport
r73c160,high,zayed-international-airport
r74c157,high,zayed-international-airport
r74c158,high,zayed-international-airport
r74c159,high,zayed-international-airport
r74c160,high,zayed-international-airport
r75c157,high,zayed-international-airport
r75c158,high,zayed-international-airport
r75c159,high,zayed-international-airport
r75c162,high,zayed-international-airport
r76c156,high,zayed-international-airport
r76c157,high,zayed-international-airport
r76c158,high,zayed-international-airport
r76c159,high,zayed-international-airport
r76c160,high,zayed-international-airport
r76c162,high,zayed-international-airport
r77c157,high,zayed-international-airport
r77c158,high,zayed-international-airport
r77c159,high,zayed-international-airport
r78c154,high,zayed-international-airport
r78c155,high,zayed-international-airport
r78c156,high,zayed-international-airport
r78c157,high,zayed-international-airport
r78c158,high,zayed-international-airport
r79c144,high,zayed-international-airport
r79c155,high,zayed-international-airport
r79c156,high,zayed-international-airport
r79c157,high,zayed-international-airport
r79c158,high,zayed-international-airport
r79c159,high,zayed-international-airport
r79c160,high,zayed-international-airport
r80c155,high,zayed-international-airport
r80c156,high,zayed-international-airport
r80c157,high,zayed-international-airport
r80c158,high,zayed-international-airport
r80c159,high,zayed-international-airport
r80c160,high,zayed-international-airport
r80c161,high,zayed-international-airport
r80c162,high,zayed-international-airport
r81c146,high,zayed-international-airport
r81c147,high,zayed-international-airport
r81c148,high,zayed-international-airport
r81c149,high,zayed-international-airport
r81c150,high,zayed-international-airport
r81c153,high,zayed-international-airport
r81c154,high,zayed-international-airport
r81c155,high,zayed-international-airport
r81c156,high,zayed-international-airport
r81c157,high,zayed-international-airport
r81c158,high,zayed-international-airport
r81c159,high,zayed-international-airport
r81c160,high,zayed-international-airport
r81c161,high,zayed-international-airport
r81c162,high,zayed-international-airport
r82c146,high,zayed-international-airport
r82c147,high,zayed-international-airport
r82c148,high,zayed-international-airport
r82c149,high,zayed-international-airport
r82c150,high,zayed-international-airport
r82c151,high,zayed-international-airport
r82c152,high,zayed-international-airport
r82c153,high,zayed-international-airport
r82c154,high,zayed-international-airport
r82c155,high,zayed-international-airport
r82c156,high,zayed-international-airport
r82c157,high,zayed-international-airport
r82c158,high,zayed-international-airport
r82c160,high,zayed-international-airport
r82c161,high,zayed-international-airport
r82c162,high,zayed-international-airport
r82c163,high,zayed-international-airport
r83c148,high,zayed-international-airport
r83c149,high,zayed-international-airport
r83c150,high,zayed-international-airport
r83c151,high,zayed-international-airport
r83c152,high,zayed-international-airport
r83c153,high,zayed-international-airport
r83c154,high,zayed-international-airport
r83c157,high,zayed-international-airport
r83c158,high,zayed-international-airport
r83c160,high,zayed-international-airport
r83c161,high,zayed-international-airport
r84c151,high,zayed-international-airport
r84c152,high,zayed-international-airport
r84c156,high,zayed-international-airport
r84c157,high,zayed-international-airport
r84c158,high,zayed-international-airport
r85c156,high,zayed-international-airport
r85c157,high,zayed-international-airport
r85c158,high,zayed-international-airport
r86c156,high,zayed-international-airport
r87c155,high,zayed-international-airport
