cell_id,rent_observed,rent_predicted,affluence_rent,source
r1c229,,102388.0,,none
r1c230,,93185.0,,none
r1c231,,90796.0,,none
r1c232,,89680.0,,none
r2c229,,88825.0,,none
r2c230,,88865.0,,none
r2c231,,84886.0,,none
r3c228,,88630.0,,none
r3c229,,87196.0,,none
r4c227,,87780.0,,none
r4c228,,89565.0,,none
r4c229,,87822.0,,none
r4c230,,85835.0,,none
r4c231,,86021.0,,none
r5c227,,87304.0,,none
r5c228,,87542.0,,none
r5c230,,86079.0,,none
r6c227,,86527.0,,none
r6c228,,86260.0,,none
r7c227,,84703.0,,none
r7c228,,84392.0,,none
r8c227,,89001.0,,none
r8c228,,88776.0,,none
r9c225,,93170.0,,none
r9c226,,93090.0,,none
r9c227,,88529.0,,none
r9c228,,91581.0,,none
r10c225,,93109.0,,none
r10c226,,91922.0,,none
r11c224,,95724.0,,none
r11c225,,95677.0,,none
r11c226,,85813.0,,none
r12c223,,96065.0,,none
r12c224,,95623.0,,none
r12c225,,90774.0,,none
r12c226,,89628.0,,none
r12c227,,84896.0,,none
r12c228,,84392.0,,none
r13c222,,95009.0,,none
r13c223,,96514.0,,none
r13c224,,96126.0,,none
r13c225,,92737.0,,none
r13c226,,88659.0,,none
r13c227,,85913.0,,none
r14c221,,94615.0,,none
r14c222,,94526.0,,none
r14c223,,96353.0,,none
r14c224,,96229.0,,none
r14c225,,96966.0,,none
r14c226,,91342.0,,none
r14c227,,86037.0,,none
r15c220,,94157.0,,none
r15c221,,97086.0,,none
r15c222,,97672.0,,none
r15c223,,92490.0,,none
r15c224,,87777.0,,none
r15c225,,88452.0,,none
r15c226,,85956.0,,none
r16c219,,95281.0,,none
r16c220,,100190.0,,none
r16c221,,100506.0,,none
r16c222,,97790.0,,none
r16c223,,88012.0,,none
r16c224,,87055.0,,none
r16c225,,86808.0,,none
r16c226,,86083.0,,none
r17c214,,86769.0,,none
r17c215,,87818.0,,none
r17c216,,91760.0,,none
r17c217,,94723.0,,none
r17c218,,88718.0,,none
r17c219,,89124.0,,none
r17c220,,94468.0,,none
r17c221,,90665.0,,none
r17c222,,90785.0,,none
r17c223,,93147.0,,none
r17c224,,87940.0,,none
r17c225,,84850.0,,none
r17c226,,84484.0,,none
r18c214,,90274.0,,none
r18c215,,87468.0,,none
r18c216,,89398.0,,none
r18c217,,89586.0,,none
r18c218,,87208.0,,none
r18c219,,88523.0,,none
r18c220,,92038.0,,none
r18c221,,86952.0,,none
r18c222,,88862.0,,none
r18c223,,97815.0,,none
r18c224,,89011.0,,none
r18c225,,87215.0,,none
r18c226,,84392.0,,none
r19c213,,106786.0,,none
r19c214,,92482.0,,none
r19c215,,93360.0,,none
r19c217,,84392.0,,none
r19c218,,84424.0,,none
r19c219,,84595.0,,none
r19c220,,84850.0,,none
r19c221,,84942.0,,none
r19c222,,86637.0,,none
r19c223,,91400.0,,none
r19c224,,85898.0,,none
r19c225,,85518.0,,none
r19c226,,84673.0,,none
r20c212,,93359.0,,none
r20c213,,90647.0,,none
r20c214,,94514.0,,none
r20c215,,93755.0,,none
r20c218,,84392.0,,none
r20c219,,85835.0,,none
r20c220,,85310.0,,none
r20c221,,88571.0,,none
r20c222,,88143.0,,none
r20c223,,92688.0,,none
r20c224,,90884.0,,none
r20c225,,87776.0,,none
r21c214,,92175.0,,none
r21c219,,84621.0,,none
r21c220,,88763.0,,none
r21c221,,110325.0,,none
r21c222,,100922.0,,none
r21c223,,97418.0,,none
r21c224,,86363.0,,none
r21c225,,85460.0,,none
r21c226,,87589.0,,none
r22c210,,84509.0,,none
r22c217,,93433.0,,none
r22c219,,87950.0,,none
r22c220,,96464.0,,none
r22c221,,107633.0,,none
r22c222,,85321.0,,none
r22c223,,88603.0,,none
r22c224,,90188.0,,none
r22c225,,88963.0,,none
r22c238,,98092.0,,none
r22c239,,93061.0,,none
r23c221,,85527.0,,none
r23c222,,85479.0,,none
r23c223,,85702.0,,none
r23c224,,85118.0,,none
r23c225,,86034.0,,none
r23c236,,88507.0,,none
r23c237,,111811.0,,none
r23c238,,98956.0,,none
r23c239,,98087.0,,none
r23c240,,92846.0,,none
r23c241,,87716.0,,none
r23c242,,89858.0,,none
r24c202,,86144.0,,none
r24c203,,89407.0,,none
r24c221,,84743.0,,none
r24c222,,85249.0,,none
r24c223,,85397.0,,none
r24c224,,84438.0,,none
r24c228,,84392.0,,none
r24c236,,105367.0,,none
r24c237,,92446.0,,none
r24c238,,91442.0,,none
r25c202,,94611.0,,none
r25c203,,93297.0,,none
r25c208,,85044.0,,none
r25c209,,84785.0,,none
r25c210,,84942.0,,none
r25c221,,88939.0,,none
r25c222,,85409.0,,none
r25c223,,85033.0,,none
r25c224,,84571.0,,none
r25c228,,86050.0,,none
r25c229,,86654.0,,none
r25c234,,87695.0,,none
r25c235,,87366.0,,none
r25c236,,88318.0,,none
r25c242,,93546.0,,none
r26c201,,93300.0,,none
r26c202,,95567.0,,none
r26c203,,93173.0,,none
r26c208,,88655.0,,none
r26c209,,84576.0,,none
r26c210,,84712.0,,none
r26c211,,85831.0,,none
r26c223,,85557.0,,none
r26c224,,84392.0,,none
r26c226,,84453.0,,none
r26c228,,85744.0,,none
r26c236,,89866.0,,none
r26c241,,89572.0,,none
r26c242,,91614.0,,none
r26c243,,103372.0,,none
r27c202,,86300.0,,none
r27c203,,87083.0,,none
r27c204,,86988.0,,none
r27c220,,88971.0,,none
r27c225,,84911.0,,none
r27c228,,84468.0,,none
r27c229,,85526.0,,none
r27c230,,85233.0,,none
r27c234,,84911.0,,none
r27c241,,103895.0,,none
r27c242,,92983.0,,none
r27c243,,88133.0,,none
r28c201,,85259.0,,none
r28c202,,94515.0,,none
r28c203,,93895.0,,none
r28c204,,95219.0,,none
r28c205,,89704.0,,none
r28c226,,84819.0,,none
r28c227,,86005.0,,none
r28c228,,86597.0,,none
r28c242,,95832.0,,none
r28c243,,102168.0,,none
r29c199,,87830.0,,none
r29c200,,89023.0,,none
r29c201,,87019.0,,none
r29c202,,86383.0,,none
r29c203,,87089.0,,none
r29c204,,91844.0,,none
r29c205,,87408.0,,none
r29c206,,85498.0,,none
r29c223,,84969.0,,none
r29c224,,86697.0,,none
r29c225,,86378.0,,none
r29c228,,88491.0,,none
r29c229,,88618.0,,none
r29c233,,85341.0,,none
r29c234,,87288.0,,none
r29c242,,89911.0,,none
r30c198,,84906.0,,none
r30c199,,90685.0,,none
r30c200,,91667.0,,none
r30c201,,85737.0,,none
r30c202,,86968.0,,none
r30c203,,86343.0,,none
r30c204,,84392.0,,none
r30c210,,90508.0,,none
r30c223,,89901.0,,none
r30c224,,86582.0,,none
r30c225,,87948.0,,none
r30c226,,89103.0,,none
r30c227,,86067.0,,none
r30c234,,90459.0,,none
r31c198,,91574.0,,none
r31c199,,93233.0,,none
r31c200,,92872.0,,none
r31c201,,94573.0,,none
r31c202,,91302.0,,none
r31c203,,87739.0,,none
r31c204,,86203.0,,none
r31c205,,85727.0,,none
r31c206,,88347.0,,none
r31c208,,84988.0,,none
r31c210,,89663.0,,none
r31c211,,85003.0,,none
r31c224,,84453.0,,none
r31c227,,86207.0,,none
r31c228,,85547.0,,none
r31c231,,87352.0,,none
r31c241,,98108.0,,none
r31c242,,92761.0,,none
r32c196,,85359.0,,none
r32c197,,84630.0,,none
r32c198,,96075.0,,none
r32c199,,98044.0,,none
r32c200,,100020.0,,none
r32c201,,95865.0,,none
r32c202,,93558.0,,none
r32c203,,88757.0,,none
r32c204,,90426.0,,none
r32c205,,99728.0,,none
r32c206,,101598.0,,none
r32c207,,85742.0,,none
r32c208,,87113.0,,none
r32c209,,88300.0,,none
r32c210,,87397.0,,none
r32c211,,84514.0,,none
r32c212,,84819.0,,none
r32c224,,84795.0,,none
r32c225,,85488.0,,none
r32c226,,86425.0,,none
r32c227,,85959.0,,none
r32c232,,88136.0,,none
r32c233,,90915.0,,none
r32c234,,85766.0,,none
r32c241,,103416.0,,none
r32c242,,93788.0,,none
r32c243,,94764.0,,none
r33c196,,87142.0,,none
r33c197,,85671.0,,none
r33c198,,91926.0,,none
r33c199,,95996.0,,none
r33c200,,97293.0,,none
r33c201,,94899.0,,none
r33c202,,91694.0,,none
r33c203,,84687.0,,none
r33c204,,91972.0,,none
r33c205,,91972.0,,none
r33c206,,98113.0,,none
r33c207,,99816.0,,none
r33c216,,84468.0,,none
r33c217,,84438.0,,none
r33c223,,90298.0,,none
r33c224,,89279.0,,none
r33c227,,88377.0,,none
r33c228,,90302.0,,none
r33c232,,96181.0,,none
r33c233,,87183.0,,none
r33c241,,91631.0,,none
r33c242,,95472.0,,none
r33c243,,96118.0,,none
r34c194,,90783.0,,none
r34c195,,92732.0,,none
r34c196,,98129.0,,none
r34c197,,91553.0,,none
r34c198,,88558.0,,none
r34c199,,92814.0,,none
r34c200,,96222.0,,none
r34c201,,90238.0,,none
r34c202,,85095.0,,none
r34c203,,84392.0,,none
r34c204,,91394.0,,none
r34c205,,101178.0,,none
r34c206,,103671.0,,none
r34c207,,91608.0,,none
r34c208,,87161.0,,none
r34c209,,86145.0,,none
r34c214,,84392.0,,none
r34c217,,85034.0,,none
r34c223,,89093.0,,none
r34c224,,89524.0,,none
r34c233,,92160.0,,none
r34c240,,84988.0,,none
r34c241,,87424.0,,none
r34c242,,95924.0,,none
r34c243,,90231.0,,none
r35c193,,88077.0,,none
r35c194,,79992.0,,none
r35c195,,91837.0,,none
r35c196,,95837.0,,none
r35c197,,103166.0,,none
r35c198,,101442.0,,none
r35c199,,95181.0,,none
r35c200,,86028.0,,none
r35c201,,84708.0,,none
r35c202,,84612.0,,none
r35c203,,86114.0,,none
r35c204,,89542.0,,none
r35c205,,85968.0,,none
r35c206,,89687.0,,none
r35c207,,86144.0,,none
r35c208,,104629.0,,none
r35c217,,88145.0,,none
r35c218,,87680.0,,none
r35c219,,86151.0,,none
r35c222,,85025.0,,none
r35c223,,86380.0,,none
r35c224,,85881.0,,none
r35c226,,85003.0,,none
r35c241,,93777.0,,none
r35c242,,98416.0,,none
r35c243,,85236.0,,none
r36c193,,95622.0,,none
r36c194,,84655.0,,none
r36c195,,88922.0,,none
r36c196,,100230.0,,none
r36c197,,103969.0,,none
r36c198,,96279.0,,none
r36c199,,89618.0,,none
r36c200,,90865.0,,none
r36c201,,84850.0,,none
r36c202,,85514.0,,none
r36c203,,85350.0,,none
r36c204,,87642.0,,none
r36c205,,86260.0,,none
r36c206,,89847.0,,none
r36c207,,85689.0,,none
r36c208,,84442.0,,none
r36c211,,91278.0,,none
r36c212,,87129.0,,none
r36c217,,85743.0,,none
r36c218,,87482.0,,none
r36c220,,84544.0,,none
r36c221,,85095.0,,none
r36c222,,85449.0,,none
r36c223,,87099.0,,none
r36c224,,88475.0,,none
r36c225,,86350.0,,none
r36c226,,88978.0,,none
r36c233,,91149.0,,none
r36c241,,93554.0,,none
r36c242,,97407.0,,none
r36c243,,91121.0,,none
r37c192,66150.0,111322.0,66150.0,observed
r37c193,,81013.0,,none
r37c194,,77675.0,,none
r37c195,,81622.0,,none
r37c196,,84820.0,,none
r37c197,,88122.0,,none
r37c198,,85496.0,,none
r37c199,,104709.0,,none
r37c200,,107575.0,,none
r37c201,,100286.0,,none
r37c202,,106543.0,,none
r37c203,,93680.0,,none
r37c204,,87342.0,,none
r37c205,,88641.0,,none
r37c206,,94436.0,,none
r37c207,,93160.0,,none
r37c208,,87231.0,,none
r37c211,,85557.0,,none
r37c212,,85218.0,,none
r37c213,,88236.0,,none
r37c217,,84911.0,,none
r37c218,,91498.0,,none
r37c219,,87231.0,,none
r37c220,,89993.0,,none
r37c221,,90215.0,,none
r37c222,,86597.0,,none
r37c223,,86406.0,,none
r37c224,,86243.0,,none
r37c225,,89910.0,,none
r37c226,,90792.0,,none
r37c231,,85928.0,,none
r37c233,,101134.0,,none
r37c241,,93467.0,,none
r37c242,,94306.0,,none
r37c243,,86352.0,,none
r38c189,,84392.0,,none
r38c190,26500.0,84392.0,26500.0,observed
r38c191,120000.0,97200.0,120000.0,observed
r38c192,66150.0,97605.0,66150.0,observed
r38c193,,78381.0,,none
r38c194,58000.0,80908.0,58000.0,observed
r38c195,,87180.0,,none
r38c196,,77489.0,,none
r38c197,,82993.0,,none
r38c198,,102139.0,,none
r38c199,,108388.0,,none
r38c200,,103542.0,,none
r38c201,,98817.0,,none
r38c202,,101129.0,,none
r38c203,,102614.0,,none
r38c204,,91209.0,,none
r38c205,,87751.0,,none
r38c206,,92943.0,,none
r38c207,,86914.0,,none
r38c208,,84743.0,,none
r38c215,,84392.0,,none
r38c217,,84760.0,,none
r38c218,,90035.0,,none
r38c219,,89761.0,,none
r38c220,,86320.0,,none
r38c221,,88443.0,,none
r38c222,,85711.0,,none
r38c223,,84926.0,,none
r38c224,,84712.0,,none
r38c225,,88924.0,,none
r38c226,,86390.0,,none
r38c227,,84385.0,,none
r38c228,,84573.0,,none
r38c230,,85674.0,,none
r38c231,,88281.0,,none
r38c232,,89105.0,,none
r38c233,,92636.0,,none
r38c242,,94155.0,,none
r38c243,,96997.0,,none
r39c188,81254.24,84392.0,81254.24,observed
r39c189,55000.0,88506.0,55000.0,observed
r39c190,35000.0,81378.0,35000.0,observed
r39c191,53000.0,91990.0,53000.0,observed
r39c192,38000.0,88760.0,38000.0,observed
r39c193,47355.0,86044.0,47355.0,observed
r39c194,51538.07,84921.0,51538.07,observed
r39c195,40950.0,94221.0,40950.0,observed
r39c196,48000.0,92714.0,48000.0,observed
r39c197,,83445.0,,none
r39c198,,103434.0,,none
r39c199,,100806.0,,none
r39c200,,97215.0,,none
r39c201,,98465.0,,none
r39c202,,116206.0,,none
r39c203,,120930.0,,none
r39c204,,88220.0,,none
r39c205,,88242.0,,none
r39c206,,84392.0,,none
r39c207,,85326.0,,none
r39c209,,92405.0,,none
r39c211,,89373.0,,none
r39c212,,90133.0,,none
r39c214,,84804.0,,none
r39c217,,84602.0,,none
r39c218,,89786.0,,none
r39c219,,89321.0,,none
r39c220,,86956.0,,none
r39c221,,86988.0,,none
r39c222,,85572.0,,none
r39c223,,84605.0,,none
r39c224,,84656.0,,none
r39c225,,87852.0,,none
r39c226,,86882.0,,none
r39c227,,86269.0,,none
r39c230,,84560.0,,none
r39c233,,86565.0,,none
r39c234,,85847.0,,none
r39c239,,88651.0,,none
r39c242,,95206.0,,none
r39c243,,99774.0,,none
r40c187,,84392.0,,none
r40c188,81254.24,85937.0,81254.24,observed
r40c189,80000.0,78633.0,80000.0,observed
r40c190,57000.0,81355.0,57000.0,observed
r40c191,66000.0,81994.0,66000.0,observed
r40c192,51840.0,82750.0,51840.0,observed
r40c193,61500.0,87615.0,61500.0,observed
r40c194,51538.07,96037.0,51538.07,observed
r40c195,165000.0,98139.0,165000.0,observed
r40c196,105000.0,92232.0,105000.0,observed
r40c197,150000.0,93775.0,150000.0,observed
r40c198,150000.0,97363.0,150000.0,observed
r40c199,247500.0,98281.0,247500.0,observed
r40c200,,92592.0,,none
r40c201,,86100.0,,none
r40c202,,85643.0,,none
r40c203,,87585.0,,none
r40c204,,86800.0,,none
r40c205,,84403.0,,none
r40c206,,84392.0,,none
r40c207,,84392.0,,none
r40c211,,84392.0,,none
r40c214,,84392.0,,none
r40c216,,86114.0,,none
r40c217,,86524.0,,none
r40c218,,85315.0,,none
r40c219,,84744.0,,none
r40c220,,86675.0,,none
r40c221,,91773.0,,none
r40c222,,84392.0,,none
r40c223,,85835.0,,none
r40c224,,87178.0,,none
r40c226,,87728.0,,none
r40c227,,88125.0,,none
r40c228,,88079.0,,none
r40c229,,88948.0,,none
r40c230,,86141.0,,none
r40c233,,91251.0,,none
r40c242,,86721.0,,none
r40c243,,89869.0,,none
r41c187,152625.0,84505.0,152625.0,observed
r41c188,74156.25,87113.0,74156.25,observed
r41c189,74156.25,87986.0,74156.25,observed
r41c190,63272.0,92656.0,63272.0,observed
r41c191,86715.0,101771.0,86715.0,observed
r41c192,82000.0,88754.0,82000.0,observed
r41c193,105962.0,89344.0,105962.0,observed
r41c194,165000.0,91880.0,165000.0,observed
r41c195,105000.0,89316.0,105000.0,observed
r41c196,105000.0,89880.0,105000.0,observed
r41c197,200000.0,97373.0,200000.0,observed
r41c198,162000.16,100672.0,162000.16,observed
r41c199,247500.0,97616.0,247500.0,observed
r41c200,200000.0,94332.0,200000.0,observed
r41c201,200000.0,85980.0,200000.0,observed
r41c202,40000.0,85905.0,40000.0,observed
r41c203,,84297.0,,none
r41c204,,88052.0,,none
r41c205,,87651.0,,none
r41c206,,84728.0,,none
r41c207,,84453.0,,none
r41c209,,120821.0,,none
r41c215,,85264.0,,none
r41c216,,84682.0,,none
r41c218,,84392.0,,none
r41c219,,84499.0,,none
r41c220,,88045.0,,none
r41c221,,95539.0,,none
r41c222,,93612.0,,none
r41c224,,87919.0,,none
r41c225,,87180.0,,none
r41c228,,86803.0,,none
r41c229,,86720.0,,none
r41c230,,84456.0,,none
r41c242,,90556.0,,none
r41c243,,85034.0,,none
r42c186,,84470.0,,none
r42c187,152625.0,98848.0,152625.0,observed
r42c188,75337.5,97731.0,75337.5,observed
r42c189,108569.62,95301.0,108569.62,observed
r42c190,430000.0,109453.0,430000.0,observed
r42c191,73500.0,98570.0,73500.0,observed
r42c192,145000.0,89901.0,145000.0,observed
r42c193,145000.0,99686.0,145000.0,observed
r42c194,63525.0,98024.0,63525.0,observed
r42c195,90000.0,96671.0,90000.0,observed
r42c196,90000.0,102876.0,90000.0,observed
r42c197,,96824.0,,none
r42c198,,103074.0,,none
r42c199,247500.0,113084.0,247500.0,observed
r42c200,200000.0,108353.0,200000.0,observed
r42c201,200000.0,92816.0,200000.0,observed
r42c202,40000.0,84499.0,40000.0,observed
r42c203,40000.0,84468.0,40000.0,observed
r42c204,,84392.0,,none
r42c205,,84392.0,,none
r42c206,,84438.0,,none
r42c207,,85279.0,,none
r42c208,,90351.0,,none
r42c211,,87586.0,,none
r42c212,,86519.0,,none
r42c215,,85727.0,,none
r42c219,,84392.0,,none
r42c220,,87035.0,,none
r42c221,,86831.0,,none
r42c222,,86909.0,,none
r42c224,,93520.0,,none
r42c226,,85481.0,,none
r42c235,,96558.0,,none
r42c241,,87712.0,,none
r42c242,,86190.0,,none
r43c186,220701.0,99706.0,220701.0,observed
r43c187,190000.0,102132.0,190000.0,observed
r43c188,162750.0,90377.0,162750.0,observed
r43c189,150000.0,100175.0,150000.0,observed
r43c190,150000.0,97964.0,150000.0,observed
r43c191,73500.0,85383.0,73500.0,observed
r43c192,110000.0,84455.0,110000.0,observed
r43c193,110000.0,95819.0,110000.0,observed
r43c194,63525.0,98046.0,63525.0,observed
r43c195,63525.0,97002.0,63525.0,observed
r43c196,56000.0,93511.0,56000.0,observed
r43c197,56000.0,93825.0,56000.0,observed
r43c198,,104346.0,,none
r43c199,,110067.0,,none
r43c200,,104075.0,,none
r43c201,,106784.0,,none
r43c202,170000.0,86815.0,170000.0,observed
r43c203,170000.0,88204.0,170000.0,observed
r43c204,170000.0,106609.0,170000.0,observed
r43c205,,94852.0,,none
r43c206,,84392.0,,none
r43c207,,96509.0,,none
r43c208,,105443.0,,none
r43c211,,89825.0,,none
r43c212,,85051.0,,none
r43c215,,84423.0,,none
r43c216,,84392.0,,none
r43c220,,90101.0,,none
r43c221,,91130.0,,none
r43c222,,86772.0,,none
r43c223,,84577.0,,none
r43c225,,85341.0,,none
r43c236,,89583.0,,none
r43c242,,92102.0,,none
r43c243,,92289.0,,none
r44c185,264000.0,96265.0,264000.0,observed
r44c186,252500.0,104081.0,252500.0,observed
r44c187,193200.0,98099.0,193200.0,observed
r44c188,85000.0,94414.0,85000.0,observed
r44c189,72000.0,88982.0,72000.0,observed
r44c190,95550.0,86680.0,95550.0,observed
r44c191,95550.0,93218.0,95550.0,observed
r44c192,95550.0,95659.0,95550.0,observed
r44c193,60000.0,95846.0,60000.0,observed
r44c194,60000.0,95004.0,60000.0,observed
r44c195,38000.0,90307.0,38000.0,observed
r44c196,56000.0,92661.0,56000.0,observed
r44c197,56000.0,95470.0,56000.0,observed
r44c199,,87192.0,,none
r44c201,,96822.0,,none
r44c202,,105652.0,,none
r44c203,170000.0,96767.0,170000.0,observed
r44c204,,92355.0,,none
r44c205,,87807.0,,none
r44c206,,84392.0,,none
r44c208,,85387.0,,none
r44c209,,85018.0,,none
r44c215,,84949.0,,none
r44c216,,84364.0,,none
r44c218,,84957.0,,none
r44c219,,84926.0,,none
r44c220,,85018.0,,none
r44c221,,95178.0,,none
r44c222,,95781.0,,none
r44c223,,86347.0,,none
r44c225,,87082.0,,none
r44c229,,87215.0,,none
r44c230,,87183.0,,none
r44c236,,95781.0,,none
r44c241,,91306.0,,none
r44c242,,89126.0,,none
r44c243,,87519.0,,none
r45c68,,85022.0,,none
r45c184,216620.25,90662.0,216620.25,observed
r45c185,216620.25,100070.0,216620.25,observed
r45c186,264000.0,92155.0,264000.0,observed
r45c187,46305.0,91297.0,46305.0,observed
r45c188,300404.315,97003.0,300404.315,observed
r45c189,72000.0,91006.0,72000.0,observed
r45c190,72000.0,100071.0,72000.0,observed
r45c191,95550.0,109877.0,95550.0,observed
r45c192,,107739.0,,none
r45c193,236000.0,88409.0,236000.0,observed
r45c194,236000.0,92538.0,236000.0,observed
r45c195,38000.0,93836.0,38000.0,observed
r45c196,260000.0,98882.0,260000.0,observed
r45c197,260000.0,95685.0,260000.0,observed
r45c198,38000.0,86732.0,38000.0,observed
r45c199,38000.0,87922.0,38000.0,observed
r45c200,,96643.0,,none
r45c201,,102747.0,,none
r45c202,,109276.0,,none
r45c203,,98141.0,,none
r45c206,,84529.0,,none
r45c207,,107730.0,,none
r45c208,,84392.0,,none
r45c218,,87523.0,,none
r45c219,,90025.0,,none
r45c222,,92655.0,,none
r45c223,,87807.0,,none
r45c226,,85915.0,,none
r45c230,,86774.0,,none
r45c231,,89932.0,,none
r45c237,,88594.0,,none
r45c238,,85799.0,,none
r45c241,,91561.0,,none
r45c242,,90118.0,,none
r46c68,,93747.0,,none
r46c181,,98887.0,,none
r46c182,,88571.0,,none
r46c184,168000.0,99617.0,168000.0,observed
r46c185,287500.0,93697.0,287500.0,observed
r46c186,287500.0,78583.0,287500.0,observed
r46c187,51150.0,81566.0,51150.0,observed
r46c188,300404.315,85252.0,300404.315,observed
r46c189,300404.315,89978.0,300404.315,observed
r46c190,105000.0,92565.0,105000.0,observed
r46c191,105000.0,115836.0,105000.0,observed
r46c192,345000.25,88631.0,345000.25,observed
r46c193,345000.25,86646.0,345000.25,observed
r46c194,236000.0,88064.0,236000.0,observed
r46c195,46000.0,91062.0,46000.0,observed
r46c196,21600.0,85078.0,21600.0,observed
r46c197,21600.0,85573.0,21600.0,observed
r46c198,38000.0,85613.0,38000.0,observed
r46c199,,84392.0,,none
r46c200,,92571.0,,none
r46c201,,91439.0,,none
r46c207,,88859.0,,none
r46c212,,89760.0,,none
r46c217,,84789.0,,none
r46c218,,94410.0,,none
r46c219,,92195.0,,none
r46c220,,84392.0,,none
r46c225,,87797.0,,none
r46c236,,85366.0,,none
r46c237,,86122.0,,none
r46c238,,84790.0,,none
r46c239,,90617.0,,none
r46c240,,94874.0,,none
r46c241,,98913.0,,none
r46c242,,97755.0,,none
r47c180,,90032.0,,none
r47c181,195000.0,88488.0,195000.0,observed
r47c182,195000.0,90215.0,195000.0,observed
r47c183,105000.0,113013.0,105000.0,observed
r47c184,105000.0,93199.0,105000.0,observed
r47c185,170500.0,76687.0,170500.0,observed
r47c186,350000.0,74740.0,350000.0,observed
r47c187,51150.0,83359.0,51150.0,observed
r47c188,130000.0,85495.0,130000.0,observed
r47c189,,100417.0,,none
r47c190,69500.0,100342.0,69500.0,observed
r47c191,69500.0,84752.0,69500.0,observed
r47c192,53800.0,88294.0,53800.0,observed
r47c193,55000.0,91299.0,55000.0,observed
r47c194,55000.0,108734.0,55000.0,observed
r47c195,55000.0,99001.0,55000.0,observed
r47c196,21600.0,86128.0,21600.0,observed
r47c200,,85788.0,,none
r47c201,,85495.0,,none
r47c204,,85377.0,,none
r47c207,,84290.0,,none
r47c208,,84325.0,,none
r47c217,,87257.0,,none
r47c218,,85957.0,,none
r47c219,,85326.0,,none
r47c223,,84392.0,,none
r47c226,,86272.0,,none
r47c238,,84699.0,,none
r47c239,,87153.0,,none
r47c240,,86005.0,,none
r47c241,,91255.0,,none
r47c242,,97627.0,,none
r48c180,,85098.0,,none
r48c181,195000.0,89951.0,195000.0,observed
r48c182,176041.44,96877.0,176041.44,observed
r48c183,80000.0,90679.0,80000.0,observed
r48c184,77000.0,97186.0,77000.0,observed
r48c185,350000.0,90859.0,350000.0,observed
r48c186,300000.0,86093.0,300000.0,observed
r48c187,300000.0,87907.0,300000.0,observed
r48c188,130000.0,84392.0,130000.0,observed
r48c189,130000.0,97033.0,130000.0,observed
r48c190,69500.0,130896.0,69500.0,observed
r48c191,69500.0,104775.0,69500.0,observed
r48c192,53800.0,99338.0,53800.0,observed
r48c193,53800.0,93326.0,53800.0,observed
r48c194,64000.0,94705.0,64000.0,observed
r48c195,,86176.0,,none
r48c201,,84590.0,,none
r48c203,,93747.0,,none
r48c207,,84850.0,,none
r48c208,,84392.0,,none
r48c217,,84392.0,,none
r48c218,,85433.0,,none
r48c222,,85406.0,,none
r48c225,,88422.0,,none
r48c226,,86025.0,,none
r48c237,,85948.0,,none
r48c238,,87301.0,,none
r48c239,,89062.0,,none
r48c240,,86993.0,,none
r48c241,,88275.0,,none
r48c242,,90050.0,,none
r49c181,115000.0,85510.0,115000.0,observed
r49c182,115000.0,99845.0,115000.0,observed
r49c183,113522.5,144046.0,113522.5,observed
r49c184,375000.0,113506.0,375000.0,observed
r49c185,375000.0,94126.0,375000.0,observed
r49c186,70000.0,93893.0,70000.0,observed
r49c187,300000.0,90111.0,300000.0,observed
r49c188,130000.0,84865.0,130000.0,observed
r49c189,,85142.0,,none
r49c190,72000.0,86616.0,72000.0,observed
r49c191,72000.0,84523.0,72000.0,observed
r49c192,53800.0,119280.0,53800.0,observed
r49c193,64000.0,100946.0,64000.0,observed
r49c194,64000.0,97887.0,64000.0,observed
r49c195,,112067.0,,none
r49c197,,84392.0,,none
r49c201,,84544.0,,none
r49c202,,86534.0,,none
r49c203,,84926.0,,none
r49c205,,85233.0,,none
r49c206,,85835.0,,none
r49c207,,85711.0,,none
r49c218,,85928.0,,none
r49c222,,87663.0,,none
r49c225,,86731.0,,none
r49c226,,87209.0,,none
r49c238,,84515.0,,none
r49c239,,87028.0,,none
r49c240,,85276.0,,none
r49c241,,90603.0,,none
r49c242,,93727.0,,none
r49c243,,89427.0,,none
r50c180,,82795.0,,none
r50c181,90000.0,87739.0,90000.0,observed
r50c182,90000.0,127877.0,90000.0,observed
r50c183,208500.0,146977.0,208500.0,observed
r50c184,66000.0,122532.0,66000.0,observed
r50c185,63000.0,92590.0,63000.0,observed
r50c186,70000.0,86619.0,70000.0,observed
r50c187,60000.0,103210.0,60000.0,observed
r50c188,262300.0,120911.0,262300.0,observed
r50c189,,104578.0,,none
r50c190,72000.0,92706.0,72000.0,observed
r50c195,,84331.0,,none
r50c196,,84392.0,,none
r50c203,,96593.0,,none
r50c204,,92155.0,,none
r50c205,,89971.0,,none
r50c206,,86223.0,,none
r50c207,,87145.0,,none
r50c209,,105234.0,,none
r50c210,,100777.0,,none
r50c214,,85080.0,,none
r50c215,,85433.0,,none
r50c240,,84605.0,,none
r50c241,,89272.0,,none
r50c242,,96082.0,,none
r50c243,,101077.0,,none
r51c179,,90792.0,,none
r51c180,,91545.0,,none
r51c181,64000.0,115776.0,64000.0,observed
r51c182,710000.0,108181.0,710000.0,observed
r51c183,710000.0,103728.0,710000.0,observed
r51c184,66000.0,95664.0,66000.0,observed
r51c185,55000.0,107908.0,55000.0,observed
r51c186,55000.0,107605.0,55000.0,observed
r51c187,60000.0,108741.0,60000.0,observed
r51c188,262300.0,98413.0,262300.0,observed
r51c189,150000.0,86035.0,150000.0,observed
r51c190,165000.0,84330.0,165000.0,observed
r51c191,,84392.0,,none
r51c195,210000.0,85141.0,210000.0,observed
r51c196,210000.0,85201.0,210000.0,observed
r51c197,,84468.0,,none
r51c203,,89919.0,,none
r51c204,,99860.0,,none
r51c205,,91229.0,,none
r51c206,,85449.0,,none
r51c207,,86659.0,,none
r51c209,,100865.0,,none
r51c215,,85757.0,,none
r51c216,,85218.0,,none
r51c217,,86021.0,,none
r51c240,,85347.0,,none
r51c241,,88309.0,,none
r51c242,,95865.0,,none
r51c243,,95893.0,,none
r52c177,,84075.0,,none
r52c178,,86929.0,,none
r52c179,,89890.0,,none
r52c180,,90357.0,,none
r52c181,64000.0,86538.0,64000.0,observed
r52c182,64000.0,93196.0,64000.0,observed
r52c183,64000.0,85030.0,64000.0,observed
r52c184,64000.0,101108.0,64000.0,observed
r52c185,55000.0,114282.0,55000.0,observed
r52c186,55000.0,88236.0,55000.0,observed
r52c187,65100.0,85011.0,65100.0,observed
r52c188,190000.0,86207.0,190000.0,observed
r52c189,190000.0,87287.0,190000.0,observed
r52c190,165000.0,85896.0,165000.0,observed
r52c192,90000.0,84491.0,90000.0,observed
r52c193,90000.0,86219.0,90000.0,observed
r52c194,90000.0,84285.0,90000.0,observed
r52c195,210000.0,84392.0,210000.0,observed
r52c196,210000.0,84468.0,210000.0,observed
r52c197,135000.0,85665.0,135000.0,observed
r52c201,,84312.0,,none
r52c202,,84261.0,,none
r52c203,,91081.0,,none
r52c204,,95971.0,,none
r52c205,,89767.0,,none
r52c206,,92039.0,,none
r52c208,,96090.0,,none
r52c215,,84544.0,,none
r52c216,,86455.0,,none
r52c217,,85757.0,,none
r52c218,,88113.0,,none
r52c219,,91185.0,,none
r52c220,,96431.0,,none
r52c222,,97893.0,,none
r52c240,,85269.0,,none
r52c241,,87448.0,,none
r52c242,,91143.0,,none
r52c243,,87233.0,,none
r53c176,,101947.0,,none
r53c177,,85986.0,,none
r53c178,,76997.0,,none
r53c179,,90916.0,,none
r53c180,34500.0,96568.0,34500.0,observed
r53c181,34500.0,91242.0,34500.0,observed
r53c182,60000.0,107904.0,60000.0,observed
r53c183,60000.0,133159.0,60000.0,observed
r53c184,64000.0,90246.0,64000.0,observed
r53c185,,94204.0,,none
r53c187,60000.0,88314.0,60000.0,observed
r53c188,75000.0,84389.0,75000.0,observed
r53c189,75000.0,84858.0,75000.0,observed
r53c190,75000.0,85836.0,75000.0,observed
r53c192,90000.0,84392.0,90000.0,observed
r53c193,90000.0,84439.0,90000.0,observed
r53c194,90000.0,85042.0,90000.0,observed
r53c195,135000.0,85350.0,135000.0,observed
r53c198,,105919.0,,none
r53c203,,91509.0,,none
r53c207,,87831.0,,none
r53c208,,87735.0,,none
r53c212,,84392.0,,none
r53c213,,85572.0,,none
r53c214,,87271.0,,none
r53c215,,85897.0,,none
r53c216,,85326.0,,none
r53c217,,85034.0,,none
r53c218,,88998.0,,none
r53c219,,87041.0,,none
r53c220,,89335.0,,none
r53c221,,91559.0,,none
r53c222,,103559.0,,none
r53c235,,90389.0,,none
r53c241,,87089.0,,none
r53c242,,86665.0,,none
r54c174,,84392.0,,none
r54c175,,100247.0,,none
r54c176,,102409.0,,none
r54c177,,87345.0,,none
r54c178,,79753.0,,none
r54c179,,84234.0,,none
r54c180,,85532.0,,none
r54c181,34500.0,90231.0,34500.0,observed
r54c182,60000.0,95115.0,60000.0,observed
r54c183,60000.0,96447.0,60000.0,observed
r54c184,42000.0,96146.0,42000.0,observed
r54c185,42000.0,97297.0,42000.0,observed
r54c193,,85249.0,,none
r54c194,86500.0,84392.0,86500.0,observed
r54c195,86500.0,84392.0,86500.0,observed
r54c196,,90579.0,,none
r54c197,,84266.0,,none
r54c199,,88086.0,,none
r54c200,,84533.0,,none
r54c213,,88391.0,,none
r54c214,,87036.0,,none
r54c215,,85264.0,,none
r54c216,,85264.0,,none
r54c217,,85172.0,,none
r54c221,,92421.0,,none
r54c231,,94533.0,,none
r54c235,,99235.0,,none
r54c236,,105291.0,,none
r54c238,,86425.0,,none
r54c242,,86145.0,,none
r54c243,,84896.0,,none
r55c175,67213.0,86667.0,67213.0,observed
r55c176,67213.0,90308.0,67213.0,observed
r55c177,,93275.0,,none
r55c178,,87717.0,,none
r55c179,48000.0,86898.0,48000.0,observed
r55c180,48000.0,90250.0,48000.0,observed
r55c181,48000.0,89577.0,48000.0,observed
r55c182,,85127.0,,none
r55c183,,86077.0,,none
r55c184,,92705.0,,none
r55c185,42000.0,88892.0,42000.0,observed
r55c186,42000.0,84392.0,42000.0,observed
r55c187,,93832.0,,none
r55c188,,97629.0,,none
r55c189,,84392.0,,none
r55c194,86500.0,84821.0,86500.0,observed
r55c195,86500.0,84484.0,86500.0,observed
r55c196,,84462.0,,none
r55c197,,86296.0,,none
r55c198,,85851.0,,none
r55c199,,85232.0,,none
r55c200,,85484.0,,none
r55c210,,88555.0,,none
r55c212,,86753.0,,none
r55c213,,90966.0,,none
r55c214,,89415.0,,none
r55c215,,87223.0,,none
r55c216,,85049.0,,none
r55c232,,90436.0,,none
r55c235,,89201.0,,none
r55c238,,84804.0,,none
r56c173,,92421.0,,none
r56c174,,85327.0,,none
r56c176,67213.0,84358.0,67213.0,observed
r56c177,,92723.0,,none
r56c178,,91815.0,,none
r56c179,48000.0,85690.0,48000.0,observed
r56c180,48000.0,88842.0,48000.0,observed
r56c181,,91113.0,,none
r56c182,,84382.0,,none
r56c183,,84347.0,,none
r56c184,,84333.0,,none
r56c185,,84381.0,,none
r56c186,,84392.0,,none
r56c187,,91047.0,,none
r56c188,,89058.0,,none
r56c192,,84605.0,,none
r56c193,,84682.0,,none
r56c194,,85327.0,,none
r56c195,,85729.0,,none
r56c197,38794.0,84392.0,38794.0,observed
r56c198,,87349.0,,none
r56c199,,85927.0,,none
r56c200,,84617.0,,none
r56c212,,87365.0,,none
r56c213,,86409.0,,none
r56c214,,88955.0,,none
r56c232,,87079.0,,none
r56c233,,89020.0,,none
r56c235,,92172.0,,none
r57c170,,84322.0,,none
r57c173,,89145.0,,none
r57c174,,86149.0,,none
r57c175,,87662.0,,none
r57c176,,90371.0,,none
r57c177,,83508.0,,none
r57c178,,87208.0,,none
r57c179,,84311.0,,none
r57c180,,85161.0,,none
r57c181,,82917.0,,none
r57c182,66500.0,84392.0,66500.0,observed
r57c183,66500.0,84392.0,66500.0,observed
r57c186,,84835.0,,none
r57c187,,84409.0,,none
r57c193,,84392.0,,none
r57c196,38794.0,85034.0,38794.0,observed
r57c197,38794.0,85557.0,38794.0,observed
r57c198,38794.0,90279.0,38794.0,observed
r57c199,,84784.0,,none
r57c200,,84867.0,,none
r57c201,,84850.0,,none
r57c203,,97303.0,,none
r57c206,,101525.0,,none
r57c211,,89550.0,,none
r57c212,,89971.0,,none
r57c213,,84792.0,,none
r57c229,,91600.0,,none
r57c230,,90986.0,,none
r57c231,,86940.0,,none
r57c233,,86345.0,,none
r58c78,,87726.0,,none
r58c168,,109769.0,,none
r58c171,,87339.0,,none
r58c173,,84392.0,,none
r58c174,56000.0,84392.0,56000.0,observed
r58c178,,86940.0,,none
r58c180,,86784.0,,none
r58c181,66500.0,85459.0,66500.0,observed
r58c182,66500.0,84350.0,66500.0,observed
r58c185,,84392.0,,none
r58c191,,88411.0,,none
r58c192,,102870.0,,none
r58c193,,100904.0,,none
r58c195,,84392.0,,none
r58c196,,85156.0,,none
r58c197,38794.0,87066.0,38794.0,observed
r58c200,,84443.0,,none
r58c201,,84672.0,,none
r58c205,,87051.0,,none
r58c206,,101086.0,,none
r58c213,,85897.0,,none
r58c214,,87365.0,,none
r58c215,,87511.0,,none
r58c229,,89932.0,,none
r58c233,,92713.0,,none
r59c78,,86343.0,,none
r59c79,,90345.0,,none
r59c167,,88013.0,,none
r59c168,,94579.0,,none
r59c169,,91262.0,,none
r59c170,,98035.0,,none
r59c176,,84243.0,,none
r59c177,48000.0,84313.0,48000.0,observed
r59c178,48000.0,84392.0,48000.0,observed
r59c181,,84348.0,,none
r59c182,,85040.0,,none
r59c183,,84468.0,,none
r59c184,,84392.0,,none
r59c195,,97682.0,,none
r59c201,,85003.0,,none
r59c202,,94709.0,,none
r59c203,,88538.0,,none
r59c214,,85727.0,,none
r59c224,,85103.0,,none
r59c233,,90942.0,,none
r59c235,,89631.0,,none
r60c79,,89906.0,,none
r60c169,,125552.0,,none
r60c170,,122931.0,,none
r60c177,48000.0,87059.0,48000.0,observed
r60c178,48000.0,89971.0,48000.0,observed
r60c179,,88773.0,,none
r60c182,,84814.0,,none
r60c183,,85032.0,,none
r60c192,,106569.0,,none
r60c193,,99695.0,,none
r60c194,,97119.0,,none
r60c201,,99743.0,,none
r60c202,,94307.0,,none
r60c203,,89164.0,,none
r60c204,,104290.0,,none
r60c225,,88777.0,,none
r60c226,,87279.0,,none
r60c227,,85510.0,,none
r61c163,,99316.0,,none
r61c169,,84911.0,,none
r61c176,,91491.0,,none
r61c177,,88526.0,,none
r61c178,,90793.0,,none
r61c179,,88535.0,,none
r61c203,,102518.0,,none
r61c205,,93023.0,,none
r61c206,,92388.0,,none
r61c225,,87108.0,,none
r61c226,,89561.0,,none
r61c227,,88977.0,,none
r61c228,,85212.0,,none
r61c229,,86912.0,,none
r61c230,,88013.0,,none
r62c157,,84392.0,,none
r62c165,,85526.0,,none
r62c178,,110787.0,,none
r62c179,,104329.0,,none
r62c180,,96643.0,,none
r62c185,,89841.0,,none
r62c186,,88809.0,,none
r62c187,,90178.0,,none
r62c188,,85233.0,,none
r62c203,,92755.0,,none
r62c204,,98371.0,,none
r62c205,,98833.0,,none
r62c212,,96718.0,,none
r62c213,,92872.0,,none
r62c214,,92421.0,,none
r62c226,,88133.0,,none
r62c227,,87757.0,,none
r62c228,,90576.0,,none
r62c229,,92614.0,,none
r62c230,,94352.0,,none
r62c231,,98179.0,,none
r62c232,,91194.0,,none
r62c233,,92189.0,,none
r62c234,,85943.0,,none
r63c157,,83737.0,,none
r63c160,,87097.0,,none
r63c161,,90442.0,,none
r63c168,,96127.0,,none
r63c179,,88792.0,,none
r63c185,,93063.0,,none
r63c214,,87554.0,,none
r63c215,,96401.0,,none
r63c227,,88265.0,,none
r63c230,,98915.0,,none
r63c231,,99189.0,,none
r63c232,,95270.0,,none
r63c233,,84392.0,,none
r63c234,,88639.0,,none
r64c159,,88116.0,,none
r64c160,,85682.0,,none
r64c161,,85181.0,,none
r64c162,,84365.0,,none
r64c215,,105113.0,,none
r64c230,,108261.0,,none
r64c231,,117268.0,,none
r64c232,,110086.0,,none
r64c233,,84375.0,,none
r65c158,,85868.0,,none
r65c159,,83388.0,,none
r65c160,,84430.0,,none
r65c162,,84392.0,,none
r65c173,,84720.0,,none
r65c193,,86114.0,,none
r65c194,,98177.0,,none
r66c159,,84383.0,,none
r66c161,,84392.0,,none
r66c162,,84385.0,,none
r66c213,,89347.0,,none
r66c214,,92495.0,,none
r66c215,,86693.0,,none
r67c161,,84529.0,,none
r67c162,,84758.0,,none
r67c165,,97400.0,,none
r67c166,,99657.0,,none
r67c168,,84392.0,,none
r67c205,,91592.0,,none
r67c206,,92605.0,,none
r67c213,,88077.0,,none
r68c157,,88093.0,,none
r68c158,,87208.0,,none
r68c161,,84392.0,,none
r68c162,,99030.0,,none
r68c163,,102703.0,,none
r68c164,,99531.0,,none
r68c165,,102075.0,,none
r68c204,,84835.0,,none
r68c205,,93057.0,,none
r68c206,,94171.0,,none
r69c158,,88363.0,,none
r69c159,,86769.0,,none
r69c161,,85303.0,,none
r69c162,,88641.0,,none
r69c163,,86349.0,,none
r69c164,,84510.0,,none
r69c166,,84392.0,,none
r69c167,,84392.0,,none
r69c183,,85137.0,,none
r69c184,,84968.0,,none
r69c205,,86543.0,,none
r69c206,,85345.0,,none
r70c158,,99226.0,,none
r70c159,,85686.0,,none
r70c160,,119866.0,,none
r70c161,,109284.0,,none
r70c162,,85707.0,,none
r70c163,,85697.0,,none
r70c164,,88214.0,,none
r70c165,,84392.0,,none
r70c208,,109374.0,,none
r70c209,,104989.0,,none
r71c157,,105232.0,,none
r71c158,,86424.0,,none
r71c159,,85219.0,,none
r71c160,,98466.0,,none
r71c161,,86053.0,,none
r71c163,,99635.0,,none
r71c165,,95522.0,,none
r71c166,,102241.0,,none
r71c181,,85223.0,,none
r71c207,,84636.0,,none
r71c208,,84514.0,,none
r71c209,,84636.0,,none
r71c210,,87397.0,,none
r71c211,,87950.0,,none
r72c157,,88704.0,,none
r72c159,,124291.0,,none
r72c160,,97182.0,,none
r72c161,,103113.0,,none
r72c163,,86664.0,,none
r72c164,,98620.0,,none
r72c165,,102870.0,,none
r72c166,,100850.0,,none
r72c167,,95781.0,,none
r72c168,,92722.0,,none
r72c176,,92521.0,,none
r72c208,,84850.0,,none
r72c209,,84560.0,,none
r72c211,,98887.0,,none
r72c212,,102204.0,,none
r72c213,,90020.0,,none
r73c157,,85557.0,,none
r73c158,,94358.0,,none
r73c159,,89662.0,,none
r73c160,,86139.0,,none
r73c163,,84636.0,,none
r73c164,,105185.0,,none
r73c165,,103989.0,,none
r73c166,,114847.0,,none
r73c167,,94853.0,,none
r73c168,,89599.0,,none
r73c175,,88658.0,,none
r73c177,,102302.0,,none
r73c195,,85245.0,,none
r73c196,,93107.0,,none
r73c197,,89793.0,,none
r73c211,,101196.0,,none
r73c212,,105358.0,,none
r73c213,,95891.0,,none
r73c214,,90841.0,,none
r74c148,,84392.0,,none
r74c157,,86757.0,,none
r74c158,,101726.0,,none
r74c159,,89607.0,,none
r74c160,,99436.0,,none
r74c164,,84430.0,,none
r74c169,,84338.0,,none
r74c194,,91592.0,,none
r74c195,,90541.0,,none
r74c211,,89250.0,,none
r74c212,,93573.0,,none
r74c213,,92839.0,,none
r75c147,,90478.0,,none
r75c156,,93129.0,,none
r75c157,,93794.0,,none
r75c158,,97195.0,,none
r75c159,,91923.0,,none
r75c162,,89696.0,,none
r75c163,,87495.0,,none
r75c164,,85496.0,,none
r75c165,,88284.0,,none
r75c166,,84392.0,,none
r75c167,,84532.0,,none
r75c168,,84707.0,,none
r75c169,,85436.0,,none
r75c184,,87145.0,,none
r75c185,,87823.0,,none
r75c190,,90280.0,,none
r75c192,,90475.0,,none
r75c193,,88204.0,,none
r75c194,,89971.0,,none
r75c200,,91163.0,,none
r75c205,,93756.0,,none
r75c206,,91926.0,,none
r75c208,,106015.0,,none
r75c209,,106628.0,,none
r75c210,,89987.0,,none
r75c211,,90329.0,,none
r75c212,,98580.0,,none
r76c143,,84808.0,,none
r76c144,,83233.0,,none
r76c145,,85918.0,,none
r76c146,,93698.0,,none
r76c147,,97065.0,,none
r76c156,,95561.0,,none
r76c157,,95041.0,,none
r76c158,,87368.0,,none
r76c159,,90818.0,,none
r76c160,,84702.0,,none
r76c162,,84381.0,,none
r76c163,,86220.0,,none
r76c164,,84759.0,,none
r76c166,,84510.0,,none
r76c167,,84969.0,,none
r76c168,,85209.0,,none
r76c170,,84384.0,,none
r76c171,,84590.0,,none
r76c174,,84443.0,,none
r76c186,,91361.0,,none
r76c188,,92488.0,,none
r76c189,,93646.0,,none
r76c202,,103367.0,,none
r76c203,,107072.0,,none
r76c204,,93521.0,,none
r76c205,,91994.0,,none
r76c206,,91147.0,,none
r76c207,,89642.0,,none
r76c208,,90462.0,,none
r76c209,,88444.0,,none
r76c212,,101470.0,,none
r77c143,,93710.0,,none
r77c144,,89811.0,,none
r77c145,,86926.0,,none
r77c146,,93047.0,,none
r77c147,,89201.0,,none
r77c157,,90586.0,,none
r77c158,,90229.0,,none
r77c159,,89772.0,,none
r77c164,,85049.0,,none
r77c165,,84911.0,,none
r77c167,,84728.0,,none
r77c169,,84664.0,,none
r77c170,,84563.0,,none
r77c173,,84215.0,,none
r77c174,,84655.0,,none
r77c175,,85310.0,,none
r77c187,,89453.0,,none
r77c198,,97288.0,,none
r77c199,,90966.0,,none
r77c200,,95359.0,,none
r77c201,,94133.0,,none
r77c202,,93250.0,,none
r77c203,,84706.0,,none
r77c204,,84514.0,,none
r77c205,,89599.0,,none
r77c206,,85897.0,,none
r77c207,,88918.0,,none
r77c212,,91691.0,,none
r77c213,,87286.0,,none
r78c39,,90280.0,,none
r78c40,,87418.0,,none
r78c41,,88596.0,,none
r78c142,,92218.0,,none
r78c143,,87139.0,,none
r78c144,,82934.0,,none
r78c145,,86435.0,,none
r78c153,,84392.0,,none
r78c154,,86190.0,,none
r78c155,,87775.0,,none
r78c156,,87509.0,,none
r78c157,,92956.0,,none
r78c158,,106091.0,,none
r78c164,,84345.0,,none
r78c165,,84344.0,,none
r78c167,,84262.0,,none
r78c168,,84453.0,,none
r78c169,,84450.0,,none
r78c170,,85268.0,,none
r78c171,,84970.0,,none
r78c172,,84368.0,,none
r78c173,,84214.0,,none
r78c174,,84082.0,,none
r78c189,,84590.0,,none
r78c190,,85757.0,,none
r78c193,,87833.0,,none
r78c198,,86833.0,,none
r78c199,,86052.0,,none
r78c213,,85557.0,,none
r79c40,,95803.0,,none
r79c41,,90962.0,,none
r79c140,,99365.0,,none
r79c141,,92507.0,,none
r79c142,,88918.0,,none
r79c143,,81797.0,,none
r79c144,,81367.0,,none
r79c145,,94819.0,,none
r79c146,,86639.0,,none
r79c147,,84392.0,,none
r79c155,,100168.0,,none
r79c156,,102777.0,,none
r79c157,,93427.0,,none
r79c158,,86409.0,,none
r79c159,,94205.0,,none
r79c160,,102500.0,,none
r79c167,,84392.0,,none
r79c173,,84392.0,,none
r79c186,,84392.0,,none
r79c187,,84468.0,,none
r79c188,,86347.0,,none
r79c189,,85384.0,,none
r79c190,,88135.0,,none
r79c192,,93442.0,,none
r79c193,,97629.0,,none
r79c194,,99621.0,,none
r79c195,,100197.0,,none
r79c196,,90869.0,,none
r79c213,,90459.0,,none
r79c214,,89858.0,,none
r80c40,,87412.0,,none
r80c140,,119299.0,,none
r80c141,,109200.0,,none
r80c142,,103677.0,,none
r80c143,,97535.0,,none
r80c144,,90408.0,,none
r80c145,,107008.0,,none
r80c150,,84806.0,,none
r80c154,,108822.0,,none
r80c155,,93906.0,,none
r80c156,,84832.0,,none
r80c157,,86563.0,,none
r80c158,,95180.0,,none
r80c159,,89859.0,,none
r80c160,,95363.0,,none
r80c161,,95909.0,,none
r80c162,,92904.0,,none
r80c166,,85658.0,,none
r80c191,,92649.0,,none
r80c192,,96777.0,,none
r80c193,,108412.0,,none
r80c213,,85288.0,,none
r80c214,,86575.0,,none
r81c142,,138590.0,,none
r81c143,,128583.0,,none
r81c144,,110158.0,,none
r81c145,,101010.0,,none
r81c146,,102446.0,,none
r81c147,,99612.0,,none
r81c148,,102318.0,,none
r81c149,,86970.0,,none
r81c150,,86565.0,,none
r81c151,,86840.0,,none
r81c152,,86666.0,,none
r81c153,,91315.0,,none
r81c154,,88141.0,,none
r81c155,,86820.0,,none
r81c156,,89942.0,,none
r81c157,,85556.0,,none
r81c158,,86476.0,,none
r81c159,,104045.0,,none
r81c160,,93426.0,,none
r81c161,,95019.0,,none
r81c162,,94499.0,,none
r81c166,,84343.0,,none
r81c175,,84392.0,,none
r81c177,,84392.0,,none
r81c188,,91130.0,,none
r81c192,,84353.0,,none
r81c214,,89874.0,,none
r81c215,,88077.0,,none
r82c144,,169450.0,,none
r82c145,,118675.0,,none
r82c146,,111764.0,,none
r82c147,,99947.0,,none
r82c148,,106280.0,,none
r82c149,,100507.0,,none
r82c150,,97538.0,,none
r82c151,,95320.0,,none
r82c152,,94750.0,,none
r82c153,,98564.0,,none
r82c154,,97917.0,,none
r82c155,,92650.0,,none
r82c156,,91118.0,,none
r82c157,,98857.0,,none
r82c158,,86447.0,,none
r82c160,,91566.0,,none
r82c161,,94687.0,,none
r82c162,,93405.0,,none
r82c163,,88202.0,,none
r82c166,,87113.0,,none
r82c168,,84575.0,,none
r82c211,,84834.0,,none
r82c214,,89180.0,,none
r82c215,,87349.0,,none
r83c147,,144435.0,,none
r83c148,,103992.0,,none
r83c149,,111486.0,,none
r83c150,,100646.0,,none
r83c151,,94373.0,,none
r83c152,,97852.0,,none
r83c153,,94492.0,,none
r83c154,,92137.0,,none
r83c155,,92270.0,,none
r83c157,,88803.0,,none
r83c158,,88569.0,,none
r83c159,,93393.0,,none
r83c160,,95831.0,,none
r83c161,,95516.0,,none
r83c162,,93593.0,,none
r83c163,,86472.0,,none
r83c164,,103093.0,,none
r83c165,,90492.0,,none
r83c167,,87444.0,,none
r83c211,,85649.0,,none
r83c213,,87760.0,,none
r83c214,,92634.0,,none
r83c215,,86383.0,,none
r83c216,,84957.0,,none
r84c148,,95719.0,,none
r84c149,,93480.0,,none
r84c150,,97848.0,,none
r84c151,,96085.0,,none
r84c152,,91992.0,,none
r84c153,,89730.0,,none
r84c155,,84392.0,,none
r84c156,,89560.0,,none
r84c157,,93152.0,,none
r84c158,,87992.0,,none
r84c159,,93784.0,,none
r84c160,,95657.0,,none
r84c161,,93533.0,,none
r84c162,,86013.0,,none
r84c163,,84850.0,,none
r84c211,,88507.0,,none
r84c213,,85018.0,,none
r84c215,,85850.0,,none
r85c148,,93261.0,,none
r85c149,,89385.0,,none
r85c150,,89010.0,,none
r85c151,,88418.0,,none
r85c152,,97102.0,,none
r85c153,,94902.0,,none
r85c154,,84607.0,,none
r85c155,,86834.0,,none
r85c156,,90015.0,,none
r85c157,,88374.0,,none
r85c158,,86562.0,,none
r85c159,,85427.0,,none
r85c160,,88067.0,,none
r85c161,,87956.0,,none
r85c162,,84392.0,,none
r85c163,,84392.0,,none
r85c164,,84392.0,,none
r85c210,,88300.0,,none
r85c211,,89147.0,,none
r85c212,,87744.0,,none
r85c213,,85964.0,,none
r85c214,,95573.0,,none
r85c215,,92261.0,,none
r86c148,,94989.0,,none
r86c149,,92769.0,,none
r86c150,,91168.0,,none
r86c151,,85960.0,,none
r86c152,,94160.0,,none
r86c153,,93680.0,,none
r86c154,,85116.0,,none
r86c155,,90336.0,,none
r86c156,,89473.0,,none
r86c157,,87798.0,,none
r86c159,,84575.0,,none
r86c160,,84438.0,,none
r86c161,,84392.0,,none
r86c162,,84392.0,,none
r86c163,,84392.0,,none
r86c164,,84392.0,,none
r86c165,,84420.0,,none
r86c208,,84697.0,,none
r86c211,,87712.0,,none
r86c212,,84590.0,,none
r86c214,,105158.0,,none
r86c215,,99844.0,,none
r86c216,,84392.0,,none
r87c147,,83044.0,,none
r87c148,,86022.0,,none
r87c149,,94722.0,,none
r87c150,,93358.0,,none
r87c151,,86735.0,,none
r87c152,,94671.0,,none
r87c153,,94522.0,,none
r87c154,,86270.0,,none
r87c155,,92245.0,,none
r87c156,,92836.0,,none
r87c157,,92991.0,,none
r87c158,,87731.0,,none
r87c159,,85156.0,,none
r87c161,,84392.0,,none
r87c162,,84392.0,,none
r87c163,,84392.0,,none
r87c164,,84392.0,,none
r87c168,,84359.0,,none
r87c169,,84334.0,,none
r87c207,,84942.0,,none
r87c208,,85049.0,,none
r87c209,,85928.0,,none
r87c210,,84529.0,,none
r87c212,,94313.0,,none
r87c214,,98331.0,,none
r87c215,,109293.0,,none
r88c147,,86070.0,,none
r88c148,,85481.0,,none
r88c149,,85936.0,,none
r88c150,,85525.0,,none
r88c151,,84783.0,,none
r88c152,,89229.0,,none
r88c153,,90014.0,,none
r88c154,,85521.0,,none
r88c155,,87453.0,,none
r88c156,,93867.0,,none
r88c157,,95834.0,,none
r88c158,,88275.0,,none
r88c167,,84369.0,,none
r88c168,,84323.0,,none
r88c195,,84881.0,,none
r88c196,,86659.0,,none
r88c199,,84392.0,,none
r88c200,,84392.0,,none
r88c201,,84392.0,,none
r88c209,,85372.0,,none
r88c210,,86956.0,,none
r88c212,,104407.0,,none
r88c213,,112998.0,,none
r88c214,,118595.0,,none
r88c215,,99148.0,,none
r89c147,,85013.0,,none
r89c148,,84713.0,,none
r89c149,,84335.0,,none
r89c150,,84392.0,,none
r89c152,,85521.0,,none
r89c153,,86456.0,,none
r89c154,,86012.0,,none
r89c155,,97399.0,,none
r89c156,,91336.0,,none
r89c157,,93179.0,,none
r89c158,,88483.0,,none
r89c159,,85950.0,,none
r89c166,,85696.0,,none
r89c195,,84864.0,,none
r89c196,,85156.0,,none
r89c205,,86057.0,,none
r89c206,,87268.0,,none
r89c208,,84392.0,,none
r89c210,,94101.0,,none
r89c211,,113553.0,,none
r89c212,,117200.0,,none
r89c213,,109639.0,,none
r89c214,,101048.0,,none
r90c133,,85480.0,,none
r90c147,,84392.0,,none
r90c148,,84392.0,,none
r90c150,,84682.0,,none
r90c151,,83999.0,,none
r90c152,,85328.0,,none
r90c153,,85240.0,,none
r90c154,,93399.0,,none
r90c155,,117308.0,,none
r90c156,,92787.0,,none
r90c157,,86620.0,,none
r90c158,,92444.0,,none
r90c159,,86019.0,,none
r90c160,,88105.0,,none
r90c161,,88226.0,,none
r90c194,,84392.0,,none
r90c202,,84392.0,,none
r90c203,,94416.0,,none
r90c204,,93457.0,,none
r90c205,,88422.0,,none
r90c206,,87539.0,,none
r90c208,,94137.0,,none
r90c209,,109794.0,,none
r90c210,,119201.0,,none
r90c211,,127588.0,,none
r90c212,,121343.0,,none
r90c213,,101696.0,,none
r91c149,,84611.0,,none
r91c153,,84613.0,,none
r91c154,,84743.0,,none
r91c156,,88603.0,,none
r91c157,,86956.0,,none
r91c159,,90068.0,,none
r91c160,,110599.0,,none
r91c161,,94586.0,,none
r91c162,,98158.0,,none
r91c191,,84605.0,,none
r91c198,,95264.0,,none
r91c201,,86409.0,,none
r91c202,,97863.0,,none
r91c203,,100515.0,,none
r91c204,,87444.0,,none
r91c205,,84493.0,,none
r91c206,,89636.0,,none
r91c208,,106701.0,,none
r91c209,,115208.0,,none
r91c210,,107452.0,,none
r91c211,,105103.0,,none
r91c212,,104083.0,,none
r91c213,,100881.0,,none
r92c132,,84392.0,,none
r92c149,,84392.0,,none
r92c153,,84030.0,,none
r92c155,,84392.0,,none
r92c156,,85481.0,,none
r92c157,,85557.0,,none
r92c158,,84835.0,,none
r92c159,,95487.0,,none
r92c160,,111606.0,,none
r92c162,,91183.0,,none
r92c163,,88276.0,,none
r92c164,,87271.0,,none
r92c165,,84392.0,,none
r92c167,,84347.0,,none
r92c168,,84682.0,,none
r92c170,,85264.0,,none
r92c171,,84977.0,,none
r92c174,,86815.0,,none
r92c175,,87539.0,,none
r92c176,,94613.0,,none
r92c177,,91691.0,,none
r92c194,,88537.0,,none
r92c196,,89518.0,,none
r92c197,,94222.0,,none
r92c198,,98017.0,,none
r92c199,,91823.0,,none
r92c200,,85080.0,,none
r92c201,,97390.0,,none
r92c202,,97059.0,,none
r92c203,,91291.0,,none
r92c204,,95600.0,,none
r92c205,,98100.0,,none
r92c206,,101734.0,,none
r92c207,,110129.0,,none
r92c208,,111730.0,,none
r92c209,,110279.0,,none
r92c210,,116085.0,,none
r92c211,,112793.0,,none
r92c212,,108809.0,,none
r92c213,,102384.0,,none
r92c214,,105493.0,,none
r92c215,,96038.0,,none
r92c222,,94938.0,,none
r93c113,,88537.0,,none
r93c148,,84392.0,,none
r93c155,,84392.0,,none
r93c156,,84392.0,,none
r93c157,,84804.0,,none
r93c158,,84421.0,,none
r93c159,,84390.0,,none
r93c160,,90884.0,,none
r93c164,,90559.0,,none
r93c165,,86111.0,,none
r93c166,,84946.0,,none
r93c167,,86833.0,,none
r93c168,,84500.0,,none
r93c169,,86481.0,,none
r93c170,,85164.0,,none
r93c171,,85786.0,,none
r93c173,,85372.0,,none
r93c174,,88715.0,,none
r93c175,,88651.0,,none
r93c176,,88843.0,,none
r93c177,,90264.0,,none
r93c178,,91707.0,,none
r93c189,,84804.0,,none
r93c191,,93240.0,,none
r93c192,,96096.0,,none
r93c193,,93023.0,,none
r93c194,,95314.0,,none
r93c195,,103633.0,,none
r93c196,,99981.0,,none
r93c198,,87397.0,,none
r93c200,,86190.0,,none
r93c201,,93811.0,,none
r93c202,,95464.0,,none
r93c203,,97712.0,,none
r93c204,,97940.0,,none
r93c205,,106757.0,,none
r93c206,,104844.0,,none
r93c207,,102188.0,,none
r93c208,,99427.0,,none
r93c209,,103538.0,,none
r93c210,,101493.0,,none
r93c211,,110224.0,,none
r93c212,,106771.0,,none
r93c213,,103932.0,,none
r93c214,,114221.0,,none
r93c215,,112187.0,,none
r93c216,,91102.0,,none
r93c217,,97402.0,,none
r93c218,,91279.0,,none
r94c24,,96984.0,,none
r94c53,,88228.0,,none
r94c54,,86986.0,,none
r94c55,,85662.0,,none
r94c56,,89179.0,,none
r94c155,,88284.0,,none
r94c156,,84392.0,,none
r94c157,,84392.0,,none
r94c158,,84682.0,,none
r94c159,,86114.0,,none
r94c160,,97699.0,,none
r94c161,,85295.0,,none
r94c163,,84392.0,,none
r94c168,,84392.0,,none
r94c174,,91985.0,,none
r94c175,,86494.0,,none
r94c176,,85588.0,,none
r94c177,,86098.0,,none
r94c178,,86815.0,,none
r94c179,,88763.0,,none
r94c180,,89222.0,,none
r94c181,,89763.0,,none
r94c182,,87781.0,,none
r94c190,,105172.0,,none
r94c191,,95727.0,,none
r94c192,,92248.0,,none
r94c193,,89566.0,,none
r94c198,,88571.0,,none
r94c200,,92129.0,,none
r94c201,,92110.0,,none
r94c202,,89486.0,,none
r94c204,,97226.0,,none
r94c205,,99413.0,,none
r94c206,,113454.0,,none
r94c207,,116823.0,,none
r94c208,,112222.0,,none
r94c209,,96322.0,,none
r94c210,,110253.0,,none
r94c211,,114535.0,,none
r94c212,,103616.0,,none
r94c213,,93745.0,,none
r94c214,,93469.0,,none
r94c215,,92919.0,,none
r94c216,,85598.0,,none
r94c217,,87697.0,,none
r94c219,,84392.0,,none
r94c220,,84392.0,,none
r94c221,,84438.0,,none
r95c53,,85920.0,,none
r95c54,,86789.0,,none
r95c55,,85160.0,,none
r95c56,,94070.0,,none
r95c57,,92057.0,,none
r95c146,,87665.0,,none
r95c171,,84392.0,,none
r95c176,,84529.0,,none
r95c177,,84605.0,,none
r95c179,,89615.0,,none
r95c180,,95086.0,,none
r95c181,,89827.0,,none
r95c182,,96639.0,,none
r95c191,,91295.0,,none
r95c192,,89663.0,,none
r95c193,,87855.0,,none
r95c194,,88715.0,,none
r95c195,,90361.0,,none
r95c198,,91163.0,,none
r95c199,,94784.0,,none
r95c202,,85172.0,,none
r95c204,,103465.0,,none
r95c206,,106668.0,,none
r95c207,,109139.0,,none
r95c208,,110873.0,,none
r95c209,,112876.0,,none
r95c210,,113891.0,,none
r95c211,,101543.0,,none
r95c212,,85670.0,,none
r95c213,,84800.0,,none
r95c214,,91343.0,,none
r95c215,,88959.0,,none
r95c216,,87360.0,,none
r95c217,,86509.0,,none
r95c220,,84560.0,,none
r95c221,,88667.0,,none
r95c222,,100469.0,,none
r96c6,,84813.0,,none
r96c59,,90434.0,,none
r96c60,,88355.0,,none
r96c61,,86135.0,,none
r96c62,,88205.0,,none
r96c139,,84383.0,,none
r96c190,,87507.0,,none
r96c191,,86972.0,,none
r96c194,,94596.0,,none
r96c195,,94375.0,,none
r96c197,,88252.0,,none
r96c198,,86941.0,,none
r96c199,,90182.0,,none
r96c200,,95608.0,,none
r96c202,,89471.0,,none
r96c206,,99365.0,,none
r96c207,,104663.0,,none
r96c208,,100538.0,,none
r96c209,,111961.0,,none
r96c210,,103425.0,,none
r96c211,,90540.0,,none
r96c212,,86888.0,,none
r96c214,,87043.0,,none
r96c215,,90577.0,,none
r96c216,,94005.0,,none
r96c217,,89293.0,,none
r96c218,,84484.0,,none
r96c220,,84438.0,,none
r96c221,,84468.0,,none
r96c222,,84423.0,,none
r97c5,,84599.0,,none
r97c6,,85173.0,,none
r97c57,,85550.0,,none
r97c58,,89492.0,,none
r97c59,,92275.0,,none
r97c60,,78162.0,,none
r97c61,,83204.0,,none
r97c62,,85743.0,,none
r97c63,,88848.0,,none
r97c96,,85774.0,,none
r97c97,,87420.0,,none
r97c179,,84881.0,,none
r97c186,,88971.0,,none
r97c187,,87161.0,,none
r97c188,,88204.0,,none
r97c189,,88811.0,,none
r97c190,,87554.0,,none
r97c194,,86784.0,,none
r97c204,,86894.0,,none
r97c205,,102777.0,,none
r97c208,,111501.0,,none
r97c209,,103686.0,,none
r97c210,,96900.0,,none
r97c211,,87058.0,,none
r97c212,,100450.0,,none
r97c216,,84936.0,,none
r97c217,,86239.0,,none
r97c218,,85805.0,,none
r97c220,,84392.0,,none
r97c221,,84590.0,,none
r97c222,,84529.0,,none
r97c223,,84490.0,,none
r98c11,,84392.0,,none
r98c13,,84972.0,,none
r98c56,,97888.0,,none
r98c57,,93712.0,,none
r98c58,,91622.0,,none
r98c59,,88589.0,,none
r98c61,,88358.0,,none
r98c62,,85922.0,,none
r98c63,,84357.0,,none
r98c72,,87982.0,,none
r98c91,,84392.0,,none
r98c92,,85711.0,,none
r98c93,,86394.0,,none
r98c94,,84468.0,,none
r98c96,,83064.0,,none
r98c98,,89212.0,,none
r98c99,,92777.0,,none
r98c100,,92230.0,,none
r98c181,,84804.0,,none
r98c187,,88907.0,,none
r98c188,,90264.0,,none
r98c189,,88955.0,,none
r98c190,,90199.0,,none
r98c191,,97471.0,,none
r98c193,,91196.0,,none
r98c194,,91245.0,,none
r98c195,,92990.0,,none
r98c200,,125507.0,,none
r98c205,,106390.0,,none
r98c209,,85978.0,,none
r98c210,,91809.0,,none
r98c211,,97875.0,,none
r98c212,,101373.0,,none
r98c213,,84392.0,,none
r98c214,,84392.0,,none
r98c216,,92459.0,,none
r98c217,,89513.0,,none
r98c218,,88865.0,,none
r98c219,,102972.0,,none
r98c220,,109127.0,,none
r98c221,,108077.0,,none
r98c222,,85952.0,,none
r98c223,,85363.0,,none
r98c224,,86378.0,,none
r99c12,,91390.0,,none
r99c13,,86752.0,,none
r99c56,,93856.0,,none
r99c57,,119014.0,,none
r99c58,,100483.0,,none
r99c59,,88121.0,,none
r99c62,,84751.0,,none
r99c63,,89439.0,,none
r99c98,,86918.0,,none
r99c99,,89708.0,,none
r99c100,,97196.0,,none
r99c102,,89809.0,,none
r99c205,,84392.0,,none
r99c206,,85449.0,,none
r99c207,,84830.0,,none
r99c208,,86775.0,,none
r99c209,,85173.0,,none
r99c210,,101392.0,,none
r99c211,,93034.0,,none
r99c212,,92240.0,,none
r99c213,,91394.0,,none
r99c216,,100268.0,,none
r99c217,,111566.0,,none
r99c218,,106797.0,,none
r99c220,,96627.0,,none
r99c221,,106561.0,,none
r99c222,,85804.0,,none
r99c225,,86176.0,,none
r100c12,,87007.0,,none
r100c13,,87673.0,,none
r100c47,,84521.0,,none
r100c57,,87368.0,,none
r100c58,,85158.0,,none
r100c62,,84150.0,,none
r100c63,,84371.0,,none
r100c91,,84277.0,,none
r100c94,,84392.0,,none
r100c95,,84438.0,,none
r100c96,,84370.0,,none
r100c97,,88271.0,,none
r100c98,,89881.0,,none
r100c113,,86737.0,,none
r100c141,,84445.0,,none
r100c201,,84392.0,,none
r100c202,,84560.0,,none
r100c203,,84712.0,,none
r100c206,,84646.0,,none
r100c207,,86071.0,,none
r100c211,,87808.0,,none
r100c212,,86918.0,,none
r100c216,,102876.0,,none
r100c217,,105640.0,,none
r100c218,,84430.0,,none
r100c219,,84392.0,,none
r100c222,,101543.0,,none
r101c13,,85064.0,,none
r101c45,,84392.0,,none
r101c47,,84957.0,,none
r101c62,,87609.0,,none
r101c63,,90797.0,,none
r101c98,,84774.0,,none
r101c198,,84499.0,,none
r101c203,,84392.0,,none
r101c204,,84435.0,,none
r101c205,,85466.0,,none
r101c206,,84963.0,,none
r101c207,,84392.0,,none
r101c208,,84392.0,,none
r101c209,,84453.0,,none
r101c217,,102778.0,,none
r101c218,,84973.0,,none
r101c219,,84392.0,,none
r102c13,,84896.0,,none
r102c62,,89601.0,,none
r102c63,,86453.0,,none
r102c64,,84392.0,,none
r102c200,,84392.0,,none
r102c201,,82693.0,,none
r102c202,,83264.0,,none
r102c203,,84743.0,,none
r102c204,,86815.0,,none
r102c205,,88763.0,,none
r102c206,,87823.0,,none
r102c207,,84682.0,,none
r102c216,,86129.0,,none
r102c217,,84962.0,,none
r103c111,,85133.0,,none
r103c112,,85760.0,,none
r103c196,,84522.0,,none
r103c197,,84557.0,,none
r103c202,,86581.0,,none
r103c203,,86503.0,,none
r103c204,,88667.0,,none
r104c37,,85224.0,,none
r104c38,,86581.0,,none
r104c201,,92872.0,,none
r104c202,,91592.0,,none
r105c36,,86501.0,,none
r105c37,,84474.0,,none
r105c64,,84392.0,,none
r105c198,,89164.0,,none
r105c199,,89292.0,,none
r106c63,,85126.0,,none
r106c64,,84364.0,,none
r106c196,,91989.0,,none
r107c64,,84850.0,,none
r107c65,,87655.0,,none
r107c110,,93127.0,,none
r107c111,,86969.0,,none
r107c193,,88523.0,,none
r107c194,,95470.0,,none
r107c195,,87239.0,,none
r107c196,,88331.0,,none
r108c64,,89388.0,,none
r108c65,,88391.0,,none
r108c110,,86241.0,,none
r108c111,,84403.0,,none
r108c193,,89308.0,,none
r108c194,,94938.0,,none
r108c195,,93124.0,,none
r109c64,,86700.0,,none
r109c65,,93052.0,,none
r109c116,,86059.0,,none
r109c117,,85802.0,,none
r109c194,,89613.0,,none
r109c195,,91060.0,,none
r110c64,,86980.0,,none
r110c65,,88049.0,,none
r110c106,,84661.0,,none
r110c107,,89673.0,,none
r110c200,,100324.0,,none
r110c201,,103335.0,,none
r111c65,,91295.0,,none
r111c66,,90232.0,,none
r111c105,,87884.0,,none
r111c106,,93214.0,,none
r111c107,,91334.0,,none
r111c108,,84857.0,,none
r111c197,,99495.0,,none
r111c198,,99945.0,,none
r111c200,,85881.0,,none
r111c201,,95126.0,,none
r112c65,,92455.0,,none
r112c66,,92247.0,,none
r112c105,,85906.0,,none
r112c106,,86564.0,,none
r112c198,,91180.0,,none
r112c200,,90671.0,,none
r112c201,,97172.0,,none
r113c54,,84392.0,,none
r114c53,,86067.0,,none
r114c102,,85844.0,,none
r114c103,,87290.0,,none
r114c114,,84358.0,,none
r115c102,,85720.0,,none
r116c69,,85126.0,,none
r116c100,,87275.0,,none
r116c101,,91091.0,,none
r117c68,,84605.0,,none
r117c100,,84670.0,,none
r118c70,,88140.0,,none
r118c109,,89750.0,,none
r119c106,,84392.0,,none
r119c109,,90606.0,,none
r119c110,,91219.0,,none
r119c111,,85850.0,,none
r119c112,,84392.0,,none
r120c105,,94905.0,,none
r120c106,,91865.0,,none
r120c107,,86972.0,,none
r120c108,,89518.0,,none
r120c109,,94804.0,,none
r120c110,,95911.0,,none
r120c111,,90600.0,,none
r120c112,,84424.0,,none
r120c114,,84392.0,,none
r120c115,,86143.0,,none
r120c117,,84392.0,,none
r120c142,,87759.0,,none
r120c203,,100777.0,,none
r121c106,,91023.0,,none
r121c107,,87145.0,,none
r121c108,,85665.0,,none
r121c109,,90741.0,,none
r121c110,,92926.0,,none
r121c111,,86862.0,,none
r121c112,,84392.0,,none
r121c115,,91819.0,,none
r121c116,,84947.0,,none
r121c201,,91114.0,,none
r121c202,,98692.0,,none
r121c203,,107936.0,,none
r122c109,,85145.0,,none
r122c110,,88715.0,,none
r122c111,,98034.0,,none
r122c200,,93832.0,,none
r122c201,,89906.0,,none
r122c202,,95559.0,,none
r122c203,,101901.0,,none
r123c94,,86472.0,,none
r123c110,,85380.0,,none
r123c201,,108745.0,,none
r123c202,,117873.0,,none
r124c110,,95453.0,,none
r124c111,,91051.0,,none
r124c198,,84392.0,,none
r124c201,,111888.0,,none
r125c90,,89185.0,,none
r125c110,,90950.0,,none
r125c111,,86691.0,,none
r125c112,,84484.0,,none
r125c113,,84453.0,,none
r126c89,,91103.0,,none
r126c90,,90363.0,,none
r126c112,,84392.0,,none
r126c113,,84468.0,,none
r128c197,,87507.0,,none
r129c197,,87887.0,,none
r130c195,,86254.0,,none
r130c196,,87570.0,,none
r131c196,,86628.0,,none
r132c195,,92932.0,,none
r132c196,,95336.0,,none
r133c194,,89486.0,,none
r133c195,,89041.0,,none
r133c196,,90137.0,,none
r137c114,,108608.0,,none
r137c133,,82503.0,,none
r138c114,,106840.0,,none
r138c136,,92419.0,,none
r139c114,,110843.0,,none
r139c136,,89477.0,,none
r139c137,,82484.0,,none
r140c114,,111646.0,,none
r140c140,,84417.0,,none
r141c114,,111908.0,,none
r142c114,,112069.0,,none
r143c114,,100161.0,,none
r143c115,,114335.0,,none
r144c114,,97840.0,,none
r144c115,,104102.0,,none
r145c109,,108647.0,,none
r145c111,,95988.0,,none
r145c112,,97637.0,,none
r145c113,,93241.0,,none
r145c114,,88699.0,,none
r145c115,,97664.0,,none
r146c108,,103037.0,,none
r146c109,,89599.0,,none
r146c110,,101287.0,,none
r146c111,,95642.0,,none
r146c112,,94187.0,,none
r146c113,,108295.0,,none
r146c114,,91443.0,,none
r146c115,,88603.0,,none
r146c116,,88734.0,,none
r146c118,,89196.0,,none
r146c119,,87381.0,,none
r146c120,,88526.0,,none
r146c121,,91906.0,,none
r146c123,,88730.0,,none
r147c104,,106091.0,,none
r147c105,,89987.0,,none
r147c106,,95936.0,,none
r147c108,,109868.0,,none
r147c109,,89244.0,,none
r147c111,,88730.0,,none
r147c112,,87004.0,,none
r147c113,,93612.0,,none
r147c114,,86083.0,,none
r147c115,,86036.0,,none
r147c116,,84896.0,,none
r147c118,,85526.0,,none
r147c119,,85126.0,,none
r147c121,,85788.0,,none
r147c122,,89405.0,,none
r147c123,,87223.0,,none
r147c124,,87618.0,,none
r147c125,,99513.0,,none
r147c126,,93292.0,,none
r148c103,,98994.0,,none
r148c104,,95729.0,,none
r148c105,,86659.0,,none
r148c111,,86503.0,,none
r148c113,,84392.0,,none
r148c114,,86815.0,,none
r148c125,,85866.0,,none
r148c126,,87507.0,,none
r149c102,,92055.0,,none
r149c113,,86145.0,,none
r149c125,,87748.0,,none
r149c126,,89405.0,,none
r149c127,,85665.0,,none
r150c128,,85049.0,,none
r150c129,,89234.0,,none
r150c130,,93815.0,,none
r151c97,,115080.0,,none
r151c131,,84865.0,,none
r151c132,,93191.0,,none
r152c97,,96945.0,,none
r152c132,,92688.0,,none
r153c135,,92405.0,,none
r153c136,,93073.0,,none
r154c95,,86988.0,,none
r154c136,,88771.0,,none
r155c129,,89218.0,,none
r155c131,,85702.0,,none
r155c132,,86348.0,,none
r155c139,,101598.0,,none
r155c140,,101342.0,,none
r157c122,,84935.0,,none
r157c123,,84694.0,,none
r157c124,,85736.0,,none
