cell_id,res_share,villa_share,tower_share,green_share,mean_height
r1c229,0.9847,0.8907,0.0,0.0988,3.15
r1c230,0.9856,0.5299,0.0,0.0215,4.44
r1c231,1.0,0.8931,0.0,0.0329,2.95
r1c232,1.0,1.0,0.0,0.0337,2.5
r2c229,0.9702,0.8089,0.0,0.0122,4.07
r2c230,1.0,0.9676,0.0,0.0256,2.84
r2c231,1.0,1.0,0.0,0.0032,2.51
r3c228,1.0,1.0,0.0,0.0259,2.86
r3c229,1.0,1.0,0.0,0.0171,2.79
r4c227,0.9052,0.7298,0.0,0.0022,3.9
r4c228,0.8614,0.4932,0.0553,0.0057,5.42
r4c229,0.9845,0.7423,0.0,0.0035,3.65
r4c230,1.0,1.0,0.0,0.0094,2.5
r4c231,1.0,1.0,0.0,0.0106,2.5
r5c227,0.8406,0.6397,0.0403,0.0015,4.16
r5c228,0.7879,0.4119,0.1282,0.0006,6.16
r5c230,1.0,0.8555,0.0,0.0016,2.83
r6c227,0.7297,0.7789,0.0,0.0009,3.15
r6c228,0.9011,0.8194,0.0,0.0007,3.03
r7c227,0.9614,0.9774,0.0,0.0,2.79
r7c228,1.0,1.0,0.0,0.0,2.5
r8c227,1.0,0.9406,0.0,0.0247,2.9
r8c228,1.0,0.9398,0.0,0.0235,2.83
r9c225,0.9649,0.2876,0.0,0.0032,5.74
r9c226,0.9856,0.2939,0.0,0.0029,5.75
r9c227,1.0,0.878,0.0,0.0171,3.21
r9c228,1.0,1.0,0.0,0.0453,2.51
r10c225,0.9817,0.2691,0.0,0.0016,5.76
r10c226,0.9538,0.3903,0.0,0.004,5.07
r11c224,0.9896,0.0676,0.0,0.0009,7.05
r11c225,0.9864,0.0923,0.0,0.0011,7.32
r11c226,0.9532,0.9692,0.0,0.0065,2.88
r12c223,0.9507,0.1469,0.0,0.0109,6.13
r12c224,0.9816,0.1353,0.0,0.0063,6.46
r12c225,1.0,0.774,0.0,0.0249,3.26
r12c226,1.0,0.9152,0.0,0.028,2.66
r12c227,1.0,1.0,0.0,0.0033,2.5
r12c228,1.0,1.0,0.0,0.0,2.5
r13c222,0.8363,0.1285,0.0279,0.0059,7.29
r13c223,0.842,0.0668,0.0601,0.0135,8.39
r13c224,0.9402,0.2211,0.0257,0.0186,6.69
r13c225,0.9947,0.3966,0.0,0.0084,5.23
r13c226,0.9933,0.6642,0.0,0.0026,4.12
r13c227,1.0,0.8899,0.0,0.0016,3.08
r14c221,0.8532,0.1625,0.0227,0.0051,7.09
r14c222,0.8859,0.179,0.0382,0.0097,6.7
r14c223,0.9678,0.0934,0.0345,0.0109,7.62
r14c224,0.9912,0.1581,0.0,0.0099,6.78
r14c225,0.9886,0.0808,0.0,0.0069,7.59
r14c226,0.9734,0.4279,0.0,0.0021,5.18
r14c227,0.9676,1.0,0.0,0.0109,2.51
r15c220,0.8865,0.3657,0.0,0.0164,5.07
r15c221,0.9826,0.0737,0.0,0.008,7.37
r15c222,0.9929,0.3296,0.0,0.0329,5.36
r15c223,0.9529,0.2687,0.0655,0.0088,6.36
r15c224,1.0,0.7559,0.0049,0.003,4.17
r15c225,0.9997,0.6831,0.0,0.0036,3.76
r15c226,1.0,1.0,0.0,0.0099,2.58
r16c219,0.7996,0.2872,0.0,0.0173,5.59
r16c220,0.9299,0.0151,0.0,0.0142,9.72
r16c221,0.9941,0.0186,0.0024,0.0144,10.22
r16c222,1.0,0.081,0.0,0.0099,8.05
r16c223,1.0,0.7322,0.0,0.005,3.37
r16c224,0.9582,0.94,0.0,0.0133,2.73
r16c225,0.9221,1.0,0.0,0.0162,2.5
r16c226,1.0,1.0,0.0,0.011,2.5
r17c214,1.0,1.0,0.0,0.0154,2.5
r17c215,0.8896,0.8347,0.0,0.0101,3.45
r17c216,0.9849,0.7502,0.0,0.0282,3.67
r17c217,1.0,0.4539,0.0,0.0251,4.74
r17c218,0.9218,0.738,0.0,0.0101,3.43
r17c219,0.9943,0.5107,0.0085,0.0008,3.45
r17c220,1.0,0.0532,0.0769,0.002,8.68
r17c221,1.0,0.2294,0.1189,0.0018,7.45
r17c222,1.0,0.5058,0.0,0.0045,4.74
r17c223,0.9974,0.3658,0.0,0.0077,5.62
r17c224,1.0,1.0,0.0,0.0228,2.51
r17c225,1.0,1.0,0.0,0.003,2.5
r17c226,1.0,1.0,0.0,0.0006,2.5
r18c214,0.891,0.9577,0.0,0.0334,3.16
r18c215,0.887,0.8223,0.0,0.0061,3.76
r18c216,1.0,0.6626,0.0,0.0059,4.45
r18c217,1.0,0.6049,0.0,0.0047,4.19
r18c218,1.0,1.0,0.0,0.0182,2.5
r18c219,1.0,0.6691,0.0,0.0,4.68
r18c220,1.0,0.3462,0.0,0.0,5.6
r18c221,1.0,0.7624,0.0,0.0,3.37
r18c222,1.0,0.713,0.0,0.0079,3.75
r18c223,1.0,0.538,0.0,0.0478,4.71
r18c224,1.0,0.8007,0.0,0.0166,2.96
r18c225,1.0,0.7298,0.0,0.0019,2.78
r18c226,1.0,1.0,0.0,0.0,2.5
r19c213,0.8508,0.7292,0.0,0.1117,3.77
r19c214,0.4773,0.1825,0.1606,0.0173,8.78
r19c215,0.5221,0.1362,0.1047,0.008,8.96
r19c217,1.0,1.0,0.0,0.0,2.5
r19c218,1.0,1.0,0.0,0.0,2.56
r19c219,1.0,1.0,0.0,0.0008,2.65
r19c220,1.0,1.0,0.0,0.003,2.5
r19c221,1.0,1.0,0.0,0.0036,2.5
r19c222,0.9857,0.8994,0.0,0.007,3.05
r19c223,0.9939,0.6085,0.0,0.0149,4.52
r19c224,1.0,1.0,0.0,0.0097,2.53
r19c225,1.0,0.9389,0.0,0.0031,2.72
r19c226,1.0,1.0,0.0,0.0017,2.54
r20c212,1.0,1.0,0.0,0.056,2.5
r20c213,0.6265,0.5022,0.01,0.0072,4.98
r20c214,0.5519,0.1358,0.0316,0.0011,8.72
r20c215,0.6316,0.1607,0.0551,0.0047,7.98
r20c218,1.0,1.0,0.0,0.0,2.5
r20c219,1.0,1.0,0.0,0.0094,2.5
r20c220,1.0,1.0,0.0,0.006,2.5
r20c221,1.0,1.0,0.0,0.0268,2.5
r20c222,1.0,0.8185,0.0674,0.0256,2.9
r20c223,1.0,0.5397,0.0451,0.0285,4.25
r20c224,1.0,1.0,0.0,0.0411,2.5
r20c225,1.0,1.0,0.0,0.0218,2.5
r21c214,0.7433,0.2999,0.0,0.0,5.6
r21c219,1.0,1.0,0.0,0.0015,2.5
r21c220,1.0,1.0,0.0,0.028,2.5
r21c221,1.0,1.0,0.0,0.1486,2.5
r21c222,1.0,1.0,0.0,0.0992,2.5
r21c223,1.0,1.0,0.0,0.0796,2.5
r21c224,1.0,1.0,0.0,0.0128,2.5
r21c225,0.9895,1.0,0.0,0.0056,2.91
r21c226,1.0,1.0,0.0,0.0203,2.59
r22c210,0.9941,1.0,0.0,0.0001,2.7
r22c217,0.8774,1.0,0.0,0.0573,2.5
r22c219,1.0,1.0,0.0,0.0229,2.5
r22c220,1.0,1.0,0.0,0.074,2.54
r22c221,1.0,1.0,0.0,0.1349,2.5
r22c222,0.9955,1.0,0.0,0.0061,2.5
r22c223,1.0,1.0,0.0,0.027,2.5
r22c224,1.0,1.0,0.0,0.0368,2.51
r22c225,0.9979,0.7692,0.0,0.0123,3.59
r22c238,0.9836,0.2928,0.029,0.0376,5.74
r22c239,1.0,0.4313,0.0717,0.0277,4.84
r23c221,0.9582,1.0,0.0,0.0077,2.5
r23c222,0.9565,1.0,0.0,0.0074,2.5
r23c223,0.9915,1.0,0.0,0.0086,2.5
r23c224,1.0,1.0,0.0,0.0045,2.57
r23c225,1.0,1.0,0.0,0.0104,2.58
r23c236,1.0,0.8848,0.0,0.0189,2.77
r23c237,0.9735,0.8327,0.0,0.1443,3.18
r23c238,0.9737,0.2875,0.0003,0.0359,5.94
r23c239,0.8948,0.6935,0.0,0.0622,3.78
r23c240,0.6681,0.4668,0.0,0.0145,5.47
r23c241,1.0,1.0,0.0,0.021,2.62
r23c242,1.0,1.0,0.0,0.0348,2.5
r24c202,0.9782,0.9239,0.0,0.005,3.13
r24c203,0.9313,0.7079,0.0,0.0112,3.83
r24c221,1.0,1.0,0.0,0.0023,2.5
r24c222,1.0,1.0,0.0,0.0056,2.5
r24c223,0.9804,1.0,0.0,0.0067,2.5
r24c224,1.0,1.0,0.0,0.0003,2.5
r24c228,1.0,1.0,0.0,0.0,2.5
r24c236,1.0,1.0,0.0,0.1225,2.67
r24c237,0.9989,0.5588,0.0,0.0174,4.79
r24c238,0.921,0.4652,0.0,0.0046,5.35
r25c202,0.8392,0.2152,0.0,0.007,6.16
r25c203,0.9609,0.3293,0.0,0.009,4.99
r25c208,0.7082,0.9239,0.0,0.0002,3.01
r25c209,1.0,1.0,0.0,0.0024,2.55
r25c210,1.0,1.0,0.0,0.0036,2.5
r25c221,1.0,1.0,0.0,0.0291,2.5
r25c222,0.9894,1.0,0.0,0.0064,2.59
r25c223,0.9377,1.0,0.0,0.0034,2.85
r25c224,0.892,1.0,0.0,0.0007,2.85
r25c228,0.9894,0.9027,0.0,0.0029,3.19
r25c229,0.99,0.9088,0.0,0.0068,3.28
r25c234,1.0,0.7117,0.0,0.003,3.04
r25c235,1.0,0.7481,0.0,0.0021,3.29
r25c236,0.7326,1.0,0.0,0.0271,2.5
r25c242,1.0,1.0,0.0,0.057,2.53
r26c201,0.966,0.4004,0.0,0.0126,5.11
r26c202,0.967,0.1315,0.0,0.0036,7.1
r26c203,0.8667,0.6123,0.0,0.0278,4.2
r26c208,0.9107,0.6339,0.0,0.0002,4.47
r26c209,0.9629,1.0,0.0,0.0008,2.69
r26c210,1.0,1.0,0.0,0.0021,2.5
r26c211,1.0,0.8549,0.0,0.0,2.82
r26c223,1.0,1.0,0.0,0.0076,2.5
r26c224,1.0,1.0,0.0,0.0,2.5
r26c226,1.0,1.0,0.0,0.0004,2.5
r26c228,0.9879,0.8765,0.0,0.0004,2.92
r26c236,0.8655,1.0,0.0,0.0358,2.5
r26c241,1.0,1.0,0.0,0.033,2.51
r26c242,1.0,1.0,0.0,0.0455,2.51
r26c243,1.0,1.0,0.0,0.1125,2.5
r27c202,0.7917,0.8506,0.0,0.0034,3.06
r27c203,0.8468,0.8108,0.0,0.0053,3.19
r27c204,1.0,0.8101,0.0,0.0035,3.21
r27c220,1.0,1.0,0.0,0.0293,2.5
r27c225,1.0,1.0,0.0,0.0034,2.5
r27c228,1.0,1.0,0.0,0.0005,2.5
r27c229,1.0,1.0,0.0,0.0074,2.5
r27c230,1.0,1.0,0.0,0.0055,2.5
r27c234,1.0,1.0,0.0,0.0034,2.5
r27c241,1.0,1.0,0.0,0.1153,2.5
r27c242,0.9886,0.9016,0.0,0.0474,2.74
r27c243,0.9971,0.8817,0.0,0.0158,2.94
r28c201,0.8714,0.9514,0.0,0.0036,2.56
r28c202,0.7942,0.1744,0.0,0.0044,6.17
r28c203,0.8628,0.2257,0.0,0.0041,5.91
r28c204,0.9677,0.1352,0.0,0.0021,7.01
r28c205,0.9151,0.6436,0.0,0.0095,3.83
r28c226,1.0,1.0,0.0,0.0028,2.5
r28c227,1.0,1.0,0.0,0.0105,2.5
r28c228,1.0,1.0,0.0,0.0143,2.5
r28c242,1.0,1.0,0.0,0.0705,2.5
r28c243,1.0,1.0,0.0,0.106,2.5
r29c199,0.9538,0.758,0.0,0.0048,3.61
r29c200,0.909,0.7172,0.0,0.0107,3.49
r29c201,1.0,0.9231,0.0,0.0121,2.65
r29c202,0.852,1.0,0.0,0.0139,2.52
r29c203,0.9353,0.7567,0.0,0.0015,3.23
r29c204,0.9876,0.342,0.0,0.0003,5.14
r29c205,1.0,0.7544,0.0,0.0005,3.92
r29c206,1.0,0.998,0.0,0.007,2.53
r29c223,0.9262,1.0,0.0,0.0043,2.5
r29c224,0.9869,1.0,0.0,0.015,2.51
r29c225,1.0,1.0,0.0,0.0129,2.5
r29c228,1.0,1.0,0.0,0.0263,2.5
r29c229,1.0,0.7902,0.0,0.0139,2.86
r29c233,1.0,0.9887,0.0,0.0033,3.14
r29c234,1.0,0.9449,0.0,0.013,3.23
r29c242,1.0,0.8053,0.0,0.0217,3.17
r30c198,0.8518,0.9367,0.0,0.0,2.73
r30c199,0.8488,0.1183,0.1739,0.0029,8.74
r30c200,0.831,0.194,0.0987,0.0022,7.71
r30c201,0.7112,1.0,0.0,0.0108,2.5
r30c202,0.6446,0.8112,0.0,0.0064,3.08
r30c203,0.8478,0.7914,0.0,0.0003,2.95
r30c204,1.0,1.0,0.0,0.0,2.5
r30c210,1.0,1.0,0.0,0.0388,2.5
r30c223,0.9842,0.8603,0.0,0.0253,3.05
r30c224,1.0,0.99,0.0,0.0112,3.19
r30c225,1.0,0.8476,0.0,0.0125,2.99
r30c226,1.0,0.811,0.0,0.0185,2.75
r30c227,1.0,1.0,0.0,0.0109,2.5
r30c234,1.0,1.0,0.0,0.0385,2.5
r31c198,0.6718,0.3797,0.0,0.0042,4.81
r31c199,0.8446,0.3232,0.0,0.005,6.15
r31c200,0.8303,0.2654,0.0,0.0015,5.63
r31c201,0.8655,0.1652,0.0,0.0022,6.6
r31c202,0.805,0.4308,0.0,0.0024,5.41
r31c203,0.9122,0.8187,0.0,0.0074,3.77
r31c204,0.9539,1.0,0.0,0.0109,2.84
r31c205,1.0,1.0,0.0,0.0087,2.5
r31c206,1.0,1.0,0.0,0.0254,2.5
r31c208,1.0,1.0,0.0,0.0039,2.5
r31c210,1.0,1.0,0.0,0.0336,2.5
r31c211,1.0,1.0,0.0,0.004,2.5
r31c224,1.0,1.0,0.0,0.0004,2.5
r31c227,1.0,1.0,0.0,0.0118,2.5
r31c228,1.0,1.0,0.0,0.0075,2.51
r31c231,1.0,1.0,0.0,0.0176,2.93
r31c241,1.0,1.0,0.0,0.0832,2.59
r31c242,1.0,0.6911,0.0,0.0304,3.77
r32c196,0.9993,0.1829,0.3539,0.0092,8.18
r32c197,0.7227,0.2099,0.4154,0.0179,8.77
r32c198,0.8252,0.2842,0.0159,0.0247,5.58
r32c199,0.9744,0.1205,0.0,0.0168,7.19
r32c200,0.9782,0.0199,0.0122,0.0153,9.8
r32c201,0.9744,0.0701,0.0103,0.0001,8.15
r32c202,1.0,0.18,0.0,0.0002,5.44
r32c203,0.9766,0.8387,0.0,0.0178,2.83
r32c204,1.0,1.0,0.0,0.0383,2.5
r32c205,1.0,1.0,0.0,0.0926,2.5
r32c206,1.0,1.0,0.0,0.1029,2.5
r32c207,1.0,1.0,0.0,0.0088,2.5
r32c208,1.0,1.0,0.0,0.0176,2.5
r32c209,1.0,1.0,0.0,0.0251,2.5
r32c210,1.0,1.0,0.0,0.0194,2.5
r32c211,1.0,1.0,0.0,0.0008,2.5
r32c212,1.0,1.0,0.0,0.0028,2.5
r32c224,0.8735,1.0,0.0,0.0035,2.51
r32c225,0.9655,1.0,0.0,0.0074,2.5
r32c226,1.0,1.0,0.0,0.0132,2.5
r32c227,1.0,1.0,0.0,0.0102,2.5
r32c232,1.0,1.0,0.0,0.0234,2.69
r32c233,1.0,1.0,0.0,0.0409,2.61
r32c234,0.994,1.0,0.0,0.009,2.5
r32c241,0.9875,0.939,0.0,0.1089,2.63
r32c242,0.6883,0.6268,0.0,0.0336,4.18
r32c243,1.0,1.0,0.0,0.064,2.58
r33c196,0.9509,0.024,0.4031,0.0063,12.52
r33c197,0.8063,0.0184,0.5254,0.0174,13.69
r33c198,0.6093,0.0947,0.173,0.0063,9.96
r33c199,0.8374,0.0754,0.0316,0.0033,9.0
r33c200,0.9492,0.004,0.0447,0.0013,11.03
r33c201,0.998,0.2329,0.0,0.0072,6.55
r33c202,1.0,0.4127,0.0,0.0035,5.09
r33c203,1.0,1.0,0.0,0.0007,2.85
r33c204,1.0,1.0,0.0,0.0477,2.5
r33c205,1.0,1.0,0.0,0.0477,2.5
r33c206,0.9922,1.0,0.0,0.0836,2.5
r33c207,0.9557,1.0,0.0,0.0934,2.5
r33c216,1.0,1.0,0.0,0.0005,2.5
r33c217,1.0,1.0,0.0,0.0003,2.5
r33c223,0.7106,0.3999,0.0239,0.0012,5.03
r33c224,0.6725,0.3581,0.0985,0.0022,6.51
r33c227,1.0,0.6709,0.0,0.003,3.6
r33c228,1.0,0.5763,0.0,0.01,3.48
r33c232,1.0,1.0,0.0,0.0705,3.07
r33c233,1.0,1.0,0.0,0.0161,3.05
r33c241,1.0,1.0,0.0,0.0456,2.51
r33c242,0.9919,0.1846,0.0,0.0078,6.56
r33c243,0.9967,0.2784,0.0,0.0192,5.89
r34c194,0.9848,0.1404,0.3025,0.032,7.89
r34c195,0.9884,0.0142,0.2694,0.0151,12.14
r34c196,0.9552,0.0021,0.1032,0.0175,10.99
r34c197,0.9216,0.0074,0.2525,0.0041,12.33
r34c198,0.9373,0.0107,0.3338,0.0004,12.69
r34c199,1.0,0.0021,0.1903,0.0002,11.89
r34c200,0.9994,0.0667,0.036,0.0003,10.0
r34c201,1.0,0.4931,0.0,0.0011,4.55
r34c202,1.0,1.0,0.0,0.0046,2.5
r34c203,1.0,1.0,0.0,0.0,2.5
r34c204,1.0,1.0,0.0,0.0442,2.5
r34c205,1.0,1.0,0.0,0.1006,2.5
r34c206,1.0,1.0,0.0,0.1141,2.5
r34c207,1.0,1.0,0.0,0.0455,2.5
r34c208,1.0,1.0,0.0,0.0179,2.5
r34c209,1.0,1.0,0.0,0.0114,2.5
r34c214,1.0,1.0,0.0,0.0,2.5
r34c217,1.0,1.0,0.0,0.0042,2.5
r34c223,0.7985,0.5646,0.0328,0.0054,4.7
r34c224,0.6668,0.434,0.0508,0.0019,5.61
r34c233,1.0,1.0,0.0,0.0477,2.82
r34c240,1.0,1.0,0.0,0.0039,2.5
r34c241,1.0,0.7079,0.0,0.0011,3.03
r34c242,1.0,0.5833,0.0,0.0435,3.59
r34c243,1.0,1.0,0.0,0.0371,2.5
r35c193,0.7597,0.2326,0.1967,0.0023,7.61
r35c194,0.9507,0.0326,0.7699,0.0113,18.16
r35c195,0.9711,0.0,0.3853,0.0261,13.74
r35c196,0.9479,0.0035,0.2536,0.0304,12.01
r35c197,0.9015,0.0033,0.0128,0.0288,10.76
r35c198,0.9992,0.02,0.0001,0.0234,9.01
r35c199,0.9581,0.1902,0.0432,0.0158,6.37
r35c200,1.0,1.0,0.0,0.0098,2.74
r35c201,1.0,1.0,0.0,0.002,2.52
r35c202,1.0,1.0,0.0,0.0007,2.71
r35c203,1.0,0.9282,0.0,0.0038,3.44
r35c204,1.0,0.646,0.0,0.0074,4.01
r35c205,1.0,0.9422,0.0,0.0032,3.57
r35c206,0.5928,0.4331,0.037,0.0017,5.32
r35c207,0.6436,0.8505,0.0,0.0016,3.58
r35c208,1.0,1.0,0.0,0.1192,2.5
r35c217,0.9554,0.6974,0.0,0.004,3.42
r35c218,1.0,0.7703,0.0,0.0062,3.05
r35c219,1.0,0.991,0.0,0.0104,2.65
r35c222,0.921,1.0,0.0,0.0047,2.5
r35c223,0.9302,1.0,0.0,0.0134,2.5
r35c224,1.0,1.0,0.0,0.0097,2.5
r35c226,0.9862,1.0,0.0,0.0041,2.5
r35c241,0.8345,0.313,0.0,0.0134,4.54
r35c242,0.9605,0.4038,0.0,0.0424,5.12
r35c243,0.6269,0.9821,0.0,0.0048,3.16
r36c193,0.9824,0.1388,0.2131,0.0383,9.28
r36c194,0.9274,0.0936,0.7799,0.0451,19.07
r36c195,0.6457,0.0,0.4553,0.0177,15.59
r36c196,0.8202,0.0072,0.112,0.0338,10.54
r36c197,0.9165,0.0284,0.0688,0.0509,9.2
r36c198,0.8267,0.1233,0.0867,0.0228,7.79
r36c199,0.3265,0.1791,0.2843,0.0231,9.31
r36c200,0.5854,0.4015,0.1419,0.0268,5.59
r36c201,1.0,1.0,0.0,0.003,2.5
r36c202,1.0,1.0,0.0,0.0051,3.13
r36c203,1.0,0.9719,0.0,0.003,2.97
r36c204,1.0,0.7432,0.0,0.0005,4.16
r36c205,0.9408,0.8768,0.0,0.0009,3.82
r36c206,0.7808,0.5313,0.0,0.0005,5.09
r36c207,0.8619,0.8926,0.0,0.001,3.16
r36c208,0.9333,1.0,0.0,0.0008,2.5
r36c211,1.0,1.0,0.0,0.0435,2.5
r36c212,1.0,1.0,0.0,0.0177,2.5
r36c217,0.9862,1.0,0.0,0.0088,2.53
r36c218,1.0,0.8154,0.0,0.0079,2.94
r36c220,1.0,1.0,0.0,0.001,2.5
r36c221,1.0,1.0,0.0,0.0046,2.5
r36c222,1.0,1.0,0.0,0.0069,2.5
r36c223,0.9726,1.0,0.0,0.0177,2.5
r36c224,1.0,1.0,0.0,0.0262,2.5
r36c225,0.9874,0.8496,0.0,0.0032,2.8
r36c226,0.995,0.7374,0.0,0.0098,3.82
r36c233,1.0,0.8362,0.0,0.0321,2.87
r36c241,1.0,0.5525,0.0,0.0283,3.47
r36c242,0.975,0.143,0.0067,0.0169,6.87
r36c243,0.8463,0.9023,0.0,0.0343,3.57
r37c192,1.0,0.7129,0.0,0.1342,3.37
r37c193,0.8437,0.1609,0.611,0.0084,14.43
r37c194,0.34,0.026,0.8325,0.0137,17.45
r37c195,0.1168,0.0014,0.5004,0.0007,10.53
r37c196,0.3108,0.004,0.4678,0.0114,11.38
r37c197,0.6408,0.1071,0.3395,0.0151,10.21
r37c198,0.96,0.8281,0.053,0.0038,3.72
r37c199,0.6385,0.5364,0.1029,0.1047,5.7
r37c200,0.789,0.5156,0.0058,0.0996,5.36
r37c201,0.9947,0.3374,0.0302,0.0527,5.7
r37c202,0.9968,0.6316,0.059,0.1156,3.72
r37c203,1.0,1.0,0.0,0.0579,2.5
r37c204,0.9648,1.0,0.0,0.0193,2.5
r37c205,1.0,0.6403,0.0044,0.0018,4.16
r37c206,1.0,0.0578,0.0823,0.0001,9.54
r37c207,0.9815,0.2775,0.0,0.0003,6.35
r37c208,0.9458,0.704,0.0,0.0,3.04
r37c211,1.0,1.0,0.0,0.0076,2.5
r37c212,1.0,1.0,0.0,0.0054,2.5
r37c213,1.0,1.0,0.0,0.0247,2.5
r37c217,1.0,1.0,0.0,0.0034,2.5
r37c218,0.9905,1.0,0.0,0.0449,2.5
r37c219,1.0,1.0,0.0,0.0175,2.74
r37c220,1.0,1.0,0.0,0.0356,2.51
r37c221,1.0,1.0,0.0,0.037,2.5
r37c222,1.0,1.0,0.0,0.0143,2.5
r37c223,0.9911,1.0,0.0,0.013,2.54
r37c224,0.9603,0.9626,0.0,0.0098,2.61
r37c225,0.8639,0.8821,0.0,0.0267,3.26
r37c226,0.9506,0.7268,0.0,0.0213,3.65
r37c231,1.0,1.0,0.0,0.01,2.5
r37c233,0.922,0.9543,0.0,0.0963,3.07
r37c241,0.9612,0.2706,0.0,0.0048,5.52
r37c242,1.0,0.309,0.0,0.0129,5.17
r37c243,0.5933,0.6801,0.0589,0.0019,4.5
r38c189,1.0,1.0,0.0,0.0,2.5
r38c190,1.0,1.0,0.0,0.0,2.5
r38c191,0.8849,0.1221,0.0197,0.0168,7.13
r38c192,0.9792,0.1374,0.0271,0.0215,6.92
r38c193,0.8136,0.0499,0.7762,0.005,17.65
r38c194,0.6231,0.0016,0.6544,0.0017,16.41
r38c195,0.3377,0.0055,0.3258,0.0001,10.98
r38c196,0.2366,0.0016,0.6849,0.0004,12.46
r38c197,0.6346,0.0595,0.4916,0.0025,12.05
r38c198,0.9722,0.5377,0.06,0.0832,4.86
r38c199,0.9807,0.3191,0.1041,0.1077,6.16
r38c200,0.9952,0.0771,0.021,0.0445,8.34
r38c201,1.0,0.0502,0.079,0.0212,10.38
r38c202,0.9976,0.7478,0.041,0.0889,3.96
r38c203,0.977,1.0,0.0,0.1083,2.58
r38c204,0.9809,0.8938,0.0,0.0346,3.23
r38c205,0.8511,0.588,0.0707,0.0047,4.89
r38c206,0.9281,0.2311,0.0332,0.0005,7.13
r38c207,1.0,0.7941,0.0,0.0023,3.16
r38c208,1.0,1.0,0.0,0.0023,2.5
r38c215,1.0,1.0,0.0,0.0,2.5
r38c217,1.0,1.0,0.0,0.0022,2.56
r38c218,1.0,0.7251,0.0,0.0154,3.88
r38c219,0.9717,0.7481,0.0,0.0149,3.97
r38c220,1.0,1.0,0.0,0.0121,2.62
r38c221,1.0,1.0,0.0,0.026,2.5
r38c222,1.0,1.0,0.0,0.0086,2.5
r38c223,1.0,1.0,0.0,0.0035,2.5
r38c224,1.0,1.0,0.0,0.0021,2.5
r38c225,0.9908,0.6913,0.0,0.008,3.5
r38c226,0.976,1.0,0.0,0.0129,2.57
r38c227,0.9932,1.0,0.0,0.0,2.5
r38c228,0.9559,1.0,0.0,0.0015,2.5
r38c230,0.9661,1.0,0.0,0.0086,2.5
r38c231,0.9836,1.0,0.0,0.0251,2.5
r38c232,0.97,1.0,0.0,0.0301,2.57
r38c233,0.976,0.6879,0.0,0.0296,3.78
r38c242,0.9964,0.5168,0.0,0.029,3.71
r38c243,0.8631,0.3487,0.028,0.0364,5.4
r39c188,1.0,1.0,0.0,0.0,2.5
r39c189,0.9457,0.4947,0.0431,0.0004,4.23
r39c190,0.9236,0.1371,0.5546,0.0125,10.3
r39c191,0.9444,0.0124,0.2869,0.0128,12.56
r39c192,0.873,0.0033,0.4326,0.0182,13.5
r39c193,0.8409,0.012,0.5995,0.0315,14.32
r39c194,0.806,0.0113,0.5344,0.0147,13.46
r39c195,0.9134,0.041,0.1066,0.0029,9.64
r39c196,0.5736,0.0971,0.0881,0.0005,8.34
r39c197,0.4714,0.062,0.4732,0.0027,12.19
r39c198,0.8065,0.3258,0.2043,0.1017,6.53
r39c199,0.985,0.138,0.1433,0.0556,8.78
r39c200,1.0,0.0151,0.1764,0.0244,11.75
r39c201,1.0,0.16,0.0564,0.0312,7.5
r39c202,1.0,1.0,0.0,0.1774,2.5
r39c203,1.0,1.0,0.0,0.1995,2.5
r39c204,1.0,1.0,0.0,0.0246,2.5
r39c205,1.0,1.0,0.0,0.0247,2.51
r39c206,1.0,1.0,0.0,0.0,2.5
r39c207,1.0,1.0,0.0,0.0061,2.5
r39c209,1.0,1.0,0.0,0.0503,2.5
r39c211,1.0,1.0,0.0,0.0318,2.5
r39c212,1.0,1.0,0.0,0.0365,2.5
r39c214,1.0,1.0,0.0,0.0027,2.5
r39c217,1.0,1.0,0.0,0.0006,2.72
r39c218,0.9776,0.8317,0.0,0.021,3.62
r39c219,0.9616,0.8159,0.0,0.0167,3.8
r39c220,1.0,1.0,0.0,0.0166,2.5
r39c221,1.0,1.0,0.0,0.0168,2.5
r39c222,1.0,1.0,0.0,0.0077,2.5
r39c223,1.0,1.0,0.0,0.0014,2.5
r39c224,0.6319,0.9547,0.0,0.0002,2.94
r39c225,0.8298,0.7391,0.0,0.0071,2.94
r39c226,0.8613,1.0,0.0,0.0171,2.5
r39c227,1.0,1.0,0.0,0.0122,2.5
r39c230,1.0,1.0,0.0,0.0011,2.5
r39c233,1.0,1.0,0.0,0.0141,2.5
r39c234,1.0,1.0,0.0,0.0093,2.55
r39c239,1.0,1.0,0.0,0.0273,2.5
r39c242,1.0,0.18,0.0,0.0095,5.55
r39c243,0.9937,0.2655,0.0,0.04,5.66
r40c187,1.0,1.0,0.0,0.0,2.5
r40c188,0.827,0.696,0.0724,0.0011,4.51
r40c189,0.8786,0.0494,0.7136,0.0038,14.88
r40c190,0.9594,0.0199,0.8318,0.0311,18.42
r40c191,0.8859,0.0209,0.7719,0.0236,18.61
r40c192,0.7976,0.0821,0.5461,0.0125,11.82
r40c193,0.8594,0.0303,0.4757,0.0269,11.85
r40c194,0.882,0.0114,0.16,0.0167,11.28
r40c195,0.9935,0.0673,0.0701,0.0222,8.81
r40c196,0.991,0.0333,0.2422,0.0138,10.45
r40c197,1.0,0.0158,0.1887,0.0122,10.24
r40c198,0.9999,0.0224,0.0662,0.0126,9.33
r40c199,0.9416,0.1162,0.0,0.0177,7.31
r40c200,0.8334,0.3591,0.0,0.0058,5.44
r40c201,0.6465,0.763,0.0289,0.0011,3.83
r40c202,0.9654,1.0,0.0,0.0084,2.5
r40c203,0.9854,1.0,0.0,0.0207,2.5
r40c204,1.0,1.0,0.0,0.0156,2.5
r40c205,1.0,1.0,0.0,0.0,2.52
r40c206,1.0,1.0,0.0,0.0,2.5
r40c207,1.0,1.0,0.0,0.0,2.5
r40c211,1.0,1.0,0.0,0.0,2.5
r40c214,1.0,1.0,0.0,0.0,2.5
r40c216,1.0,1.0,0.0,0.0112,2.5
r40c217,1.0,1.0,0.0,0.0138,2.51
r40c218,0.9983,1.0,0.0,0.0041,3.05
r40c219,0.9987,1.0,0.0,0.0014,2.76
r40c220,1.0,1.0,0.0,0.0148,2.5
r40c221,1.0,1.0,0.0,0.0465,2.5
r40c222,1.0,1.0,0.0,0.0,2.5
r40c223,1.0,1.0,0.0,0.0094,2.5
r40c224,0.2898,0.767,0.0,0.006,3.57
r40c226,1.0,1.0,0.0,0.0215,2.5
r40c227,1.0,1.0,0.0,0.024,2.5
r40c228,1.0,1.0,0.0,0.0235,2.56
r40c229,0.9962,1.0,0.0,0.0289,2.58
r40c230,0.9399,1.0,0.0,0.0118,2.5
r40c233,1.0,0.7693,0.0,0.028,3.13
r40c242,0.9828,0.9719,0.0,0.0133,2.59
r40c243,1.0,0.9778,0.0,0.0334,2.56
r41c187,0.9217,0.998,0.0,0.0004,2.72
r41c188,0.8522,0.0621,0.4396,0.0228,10.63
r41c189,0.8595,0.0235,0.4245,0.0196,11.63
r41c190,0.8631,0.0456,0.5085,0.0635,12.33
r41c191,0.8184,0.1611,0.3786,0.1037,10.42
r41c192,0.8854,0.051,0.514,0.0414,12.18
r41c193,0.8681,0.0278,0.3197,0.0089,11.3
r41c194,0.8328,0.1221,0.2015,0.0147,9.08
r41c195,0.9787,0.1547,0.2951,0.0187,8.93
r41c196,1.0,0.0196,0.3595,0.0152,12.27
r41c197,0.9969,0.0204,0.1724,0.0284,10.74
r41c198,0.9954,0.253,0.0,0.0422,6.24
r41c199,1.0,0.4648,0.0,0.0423,4.77
r41c200,1.0,0.6996,0.0,0.0415,3.4
r41c201,0.8926,0.9567,0.0002,0.0074,2.86
r41c202,0.7668,0.8492,0.0,0.0012,2.99
r41c203,0.8547,1.0,0.0,0.0004,2.5
r41c204,1.0,0.6928,0.0,0.0028,3.43
r41c205,1.0,0.7016,0.0,0.0007,3.45
r41c206,1.0,1.0,0.0,0.0022,2.5
r41c207,1.0,1.0,0.0,0.0004,2.5
r41c209,1.0,1.0,0.0,0.199,2.5
r41c215,1.0,1.0,0.0,0.0057,2.5
r41c216,1.0,1.0,0.0,0.0019,2.5
r41c218,1.0,1.0,0.0,0.0,2.5
r41c219,1.0,1.0,0.0,0.0007,2.5
r41c220,1.0,1.0,0.0,0.0235,2.5
r41c221,1.0,1.0,0.0,0.0688,2.5
r41c222,1.0,1.0,0.0,0.0575,2.5
r41c224,0.4285,0.8528,0.0,0.016,3.17
r41c225,0.9128,1.0,0.0,0.0186,2.51
r41c228,0.9835,0.8948,0.0,0.0081,2.97
r41c229,0.9937,0.844,0.0,0.005,2.86
r41c230,0.9319,1.0,0.0,0.0009,2.5
r41c242,1.0,0.6469,0.0,0.0155,3.5
r41c243,1.0,1.0,0.0,0.0042,2.5
r42c186,0.9167,1.0,0.0,0.0011,2.5
r42c187,0.9766,0.0795,0.0007,0.017,7.79
r42c188,0.9524,0.0066,0.1166,0.0161,11.57
r42c189,0.717,0.1535,0.3678,0.0588,12.3
r42c190,0.9705,0.2969,0.0515,0.1036,5.6
r42c191,0.7917,0.3415,0.0671,0.051,5.99
r42c192,0.7938,0.4593,0.1282,0.0216,5.14
r42c193,0.8954,0.221,0.0051,0.0373,6.05
r42c194,0.9835,0.0537,0.0122,0.0125,7.96
r42c195,0.9794,0.0501,0.0421,0.0079,8.69
r42c196,0.9905,0.0234,0.0474,0.0351,10.6
r42c197,1.0,0.3072,0.1917,0.064,5.45
r42c198,1.0,1.0,0.0,0.1109,2.5
r42c199,1.0,1.0,0.0,0.1623,2.5
r42c200,0.9856,1.0,0.0,0.1387,2.5
r42c201,1.0,0.905,0.0,0.0468,2.66
r42c202,1.0,1.0,0.0,0.0007,2.5
r42c203,1.0,1.0,0.0,0.0005,2.5
r42c204,1.0,1.0,0.0,0.0,2.5
r42c205,1.0,1.0,0.0,0.0,2.5
r42c206,1.0,1.0,0.0,0.0003,2.5
r42c207,1.0,1.0,0.0,0.0058,2.5
r42c208,0.9769,1.0,0.0,0.038,2.5
r42c211,1.0,1.0,0.0,0.0206,2.5
r42c212,1.0,1.0,0.0,0.0138,2.5
r42c215,1.0,1.0,0.0,0.0087,2.5
r42c219,1.0,1.0,0.0,0.0,2.5
r42c220,1.0,1.0,0.0,0.0171,2.5
r42c221,1.0,1.0,0.0,0.0158,2.5
r42c222,1.0,1.0,0.0,0.0163,2.5
r42c224,0.9932,1.0,0.0,0.057,2.5
r42c226,0.8027,1.0,0.0,0.0085,2.5
r42c235,0.9834,1.0,0.0,0.0748,2.5
r42c241,1.0,1.0,0.0,0.0214,2.5
r42c242,0.7501,0.6901,0.0529,0.0013,3.89
r43c186,0.9636,0.1914,0.0,0.034,6.12
r43c187,0.9741,0.0204,0.0112,0.0289,9.19
r43c188,0.6947,0.0019,0.4323,0.027,14.16
r43c189,0.7148,0.1622,0.2258,0.0698,9.28
r43c190,1.0,1.0,0.0,0.0827,2.5
r43c191,0.8275,0.8759,0.0,0.0,2.68
r43c192,0.9169,1.0,0.0,0.001,2.5
r43c193,0.9399,0.2704,0.0,0.0201,5.13
r43c194,0.9793,0.0582,0.0,0.0108,7.88
r43c195,0.9914,0.0435,0.0159,0.0042,8.69
r43c196,0.9893,0.0802,0.1075,0.0035,8.81
r43c197,0.9949,0.2422,0.0,0.005,5.54
r43c198,1.0,1.0,0.0,0.1177,2.5
r43c199,1.0,1.0,0.0,0.1473,2.5
r43c200,0.98,1.0,0.0,0.1164,2.5
r43c201,0.9873,1.0,0.0,0.1306,2.5
r43c202,1.0,1.0,0.0,0.0157,2.5
r43c203,1.0,1.0,0.0,0.0245,2.5
r43c204,1.0,1.0,0.0,0.1296,2.5
r43c205,1.0,1.0,0.0,0.0648,2.5
r43c206,1.0,1.0,0.0,0.0,2.5
r43c207,1.0,1.0,0.0,0.0744,2.5
r43c208,1.0,1.0,0.0,0.1235,2.5
r43c211,1.0,1.0,0.0,0.0346,2.5
r43c212,0.9733,1.0,0.0,0.0045,2.5
r43c215,1.0,1.0,0.0,0.0002,2.5
r43c216,1.0,1.0,0.0,0.0,2.5
r43c220,1.0,1.0,0.0,0.0363,2.5
r43c221,1.0,1.0,0.0,0.0426,2.5
r43c222,0.9886,1.0,0.0,0.0155,2.5
r43c223,0.9881,1.0,0.0,0.0013,2.5
r43c225,1.0,1.0,0.0,0.0062,2.5
r43c236,1.0,1.0,0.0,0.0331,2.5
r43c242,0.5799,0.2323,0.0426,0.0,7.08
r43c243,0.5022,0.1689,0.0604,0.0,7.52
r44c185,0.9577,0.1466,0.0,0.0099,6.72
r44c186,0.9774,0.0206,0.0358,0.0431,9.5
r44c187,0.8305,0.0434,0.1927,0.0423,9.8
r44c188,0.7384,0.4564,0.0502,0.0289,6.5
r44c189,0.8245,0.8015,0.0,0.0141,3.98
r44c190,0.9842,1.0,0.0,0.0141,2.74
r44c191,0.989,0.3052,0.0,0.0076,4.81
r44c192,0.9635,0.0591,0.0284,0.003,7.84
r44c193,0.7292,0.0397,0.0561,0.0096,7.97
r44c194,0.8186,0.1495,0.0159,0.0083,6.31
r44c195,0.8981,0.0649,0.298,0.0199,9.2
r44c196,0.8689,0.067,0.1458,0.0059,8.85
r44c197,0.9957,0.3365,0.1026,0.0407,5.37
r44c199,1.0,1.0,0.0,0.0181,2.5
r44c201,1.0,1.0,0.0,0.0762,2.5
r44c202,1.0,1.0,0.0,0.1246,2.5
r44c203,1.0,1.0,0.0,0.0756,2.58
r44c204,1.0,1.0,0.0,0.05,2.5
r44c205,1.0,1.0,0.0,0.022,2.5
r44c206,1.0,1.0,0.0,0.0,2.5
r44c208,1.0,1.0,0.0,0.0065,2.5
r44c209,1.0,1.0,0.0,0.0041,2.5
r44c215,0.9356,1.0,0.0,0.0041,2.5
r44c216,0.9737,1.0,0.0,0.0,2.5
r44c218,1.0,1.0,0.0,0.0037,2.5
r44c219,1.0,1.0,0.0,0.0035,2.5
r44c220,1.0,1.0,0.0,0.0041,2.5
r44c221,1.0,1.0,0.0,0.0667,2.5
r44c222,1.0,1.0,0.0,0.0702,2.5
r44c223,1.0,1.0,0.0,0.0127,2.5
r44c225,1.0,1.0,0.0,0.0174,2.5
r44c229,0.9422,1.0,0.0,0.0183,2.6
r44c230,0.97,1.0,0.0,0.0179,2.6
r44c236,1.0,1.0,0.0,0.0702,2.5
r44c241,0.7636,1.0,0.0,0.0447,2.68
r44c242,0.5839,0.3515,0.1059,0.0021,6.75
r44c243,0.7928,0.7131,0.0,0.0,4.01
r45c68,1.0,1.0,0.0,0.0025,2.96
r45c184,1.0,0.4355,0.0,0.0,4.67
r45c185,0.9175,0.0189,0.0441,0.021,10.14
r45c186,0.6059,0.0055,0.3156,0.0218,12.45
r45c187,0.7659,0.009,0.2378,0.0034,11.61
r45c188,0.9987,0.116,0.026,0.0135,7.77
r45c189,0.994,0.8911,0.0,0.034,2.98
r45c190,0.9882,0.963,0.0,0.091,2.92
r45c191,0.9801,0.9169,0.0,0.1383,3.48
r45c192,0.9952,0.7309,0.0,0.115,3.97
r45c193,0.9391,0.7077,0.0441,0.0126,4.1
r45c194,0.8514,0.4182,0.094,0.0254,5.93
r45c195,0.9367,0.1701,0.3132,0.0496,9.27
r45c196,0.7173,0.4503,0.0606,0.0585,5.9
r45c197,0.763,0.9684,0.0,0.0685,2.79
r45c198,0.8606,0.8535,0.0,0.005,3.3
r45c199,0.8513,0.6609,0.0,0.0009,3.52
r45c200,1.0,1.0,0.0,0.0751,2.52
r45c201,1.0,1.0,0.0,0.1091,2.51
r45c202,1.0,1.0,0.0,0.1433,2.5
r45c203,1.0,1.0,0.0,0.0837,2.5
r45c206,1.0,1.0,0.0,0.0009,2.5
r45c207,1.0,1.0,0.0,0.1354,2.5
r45c208,1.0,1.0,0.0,0.0,2.5
r45c218,1.0,1.0,0.0,0.0202,2.5
r45c219,0.9475,1.0,0.0,0.0362,2.5
r45c222,1.0,1.0,0.0,0.0518,2.5
r45c223,1.0,1.0,0.0,0.022,2.5
r45c226,0.9738,1.0,0.0,0.0101,2.5
r45c230,1.0,1.0,0.0,0.0154,2.51
r45c231,1.0,0.7322,0.0,0.0181,3.05
r45c237,0.9783,0.8938,0.0,0.0205,2.66
r45c238,0.9244,1.0,0.0,0.0097,2.5
r45c241,0.955,0.4282,0.0,0.0058,4.55
r45c242,0.8944,0.2994,0.1202,0.0072,6.38
r46c68,1.0,0.8024,0.0,0.0446,3.2
r46c181,1.0,1.0,0.0,0.0879,2.5
r46c182,1.0,1.0,0.0,0.0268,2.5
r46c184,0.9516,0.135,0.1259,0.045,8.97
r46c185,0.2742,0.009,0.2055,0.0115,12.58
r46c186,0.1317,0.001,0.648,0.0026,12.19
r46c187,0.3726,0.0217,0.6114,0.0126,13.03
r46c188,0.7874,0.3433,0.2371,0.0006,6.94
r46c189,1.0,1.0,0.0,0.0348,2.71
r46c190,0.9733,0.9218,0.0,0.0457,2.87
r46c191,0.9789,0.8626,0.0,0.1661,3.03
r46c192,0.9983,1.0,0.0,0.025,3.12
r46c193,0.9978,0.9437,0.0,0.0072,3.7
r46c194,0.9247,0.8564,0.0,0.0144,2.95
r46c195,0.9832,0.7439,0.0066,0.0265,3.22
r46c196,0.8133,0.6897,0.2254,0.0261,4.27
r46c197,0.8872,1.0,0.0,0.0085,2.5
r46c198,0.725,1.0,0.0,0.0099,2.5
r46c199,1.0,1.0,0.0,0.0,2.5
r46c200,1.0,1.0,0.0,0.0513,2.5
r46c201,1.0,1.0,0.0,0.0443,2.55
r46c207,1.0,1.0,0.0,0.0286,2.5
r46c212,1.0,1.0,0.0,0.0342,2.5
r46c217,1.0,1.0,0.0,0.0026,2.5
r46c218,1.0,1.0,0.0,0.0621,2.53
r46c219,0.9562,1.0,0.0,0.0491,2.57
r46c220,1.0,1.0,0.0,0.0,2.5
r46c225,0.9055,1.0,0.0,0.0226,2.5
r46c236,1.0,0.9986,0.0,0.006,2.58
r46c237,1.0,0.8807,0.0,0.0032,2.86
r46c238,0.9586,1.0,0.0,0.0029,2.5
r46c239,0.8844,0.9255,0.0,0.0358,2.57
r46c240,0.9002,0.8555,0.0,0.0559,2.93
r46c241,0.9133,0.2872,0.0,0.0377,5.46
r46c242,0.9561,0.1402,0.0839,0.0325,7.29
r47c180,0.8969,1.0,0.0,0.0366,2.5
r47c181,0.9812,1.0,0.0,0.0262,2.56
r47c182,0.976,1.0,0.0,0.0371,2.52
r47c183,1.0,0.7763,0.0138,0.1488,3.39
r47c184,0.8087,0.3606,0.3046,0.0607,7.9
r47c185,0.4408,0.0284,0.7848,0.006,14.81
r47c186,0.1495,0.0015,0.7691,0.0009,11.49
r47c187,0.3471,0.365,0.2978,0.0036,7.16
r47c188,0.9859,1.0,0.0,0.0073,2.5
r47c189,0.917,1.0,0.0,0.097,2.5
r47c190,1.0,1.0,0.0,0.096,2.5
r47c191,0.9089,1.0,0.0,0.003,2.5
r47c192,0.9978,0.8112,0.0,0.0116,3.28
r47c193,0.9671,0.8163,0.0,0.0301,3.44
r47c194,0.8993,0.3457,0.0126,0.0944,5.94
r47c195,0.9469,0.5301,0.0,0.0536,4.94
r47c196,0.8479,1.0,0.0,0.0118,2.66
r47c200,1.0,1.0,0.0,0.0091,2.5
r47c201,1.0,1.0,0.0,0.0072,2.5
r47c204,0.9627,1.0,0.0,0.0067,2.5
r47c207,0.9046,1.0,0.0,0.0,2.5
r47c208,0.9376,1.0,0.0,0.0,2.5
r47c217,0.8886,1.0,0.0,0.0193,2.5
r47c218,0.9504,1.0,0.0,0.0105,2.51
r47c219,1.0,1.0,0.0,0.006,2.53
r47c223,1.0,1.0,0.0,0.0,2.5
r47c226,0.8744,1.0,0.0,0.0131,2.5
r47c238,0.943,1.0,0.0,0.0022,2.56
r47c239,0.6968,0.728,0.0546,0.0111,3.67
r47c240,0.6804,0.6158,0.095,0.0023,4.55
r47c241,0.8792,0.2286,0.2024,0.0189,8.49
r47c242,0.9458,0.1698,0.1337,0.0405,8.08
r48c180,0.9321,1.0,0.0,0.0051,2.5
r48c181,0.7492,1.0,0.0,0.037,2.54
r48c182,0.8978,0.3623,0.2467,0.0736,6.96
r48c183,0.8806,0.0499,0.5982,0.0649,13.56
r48c184,0.9642,0.0121,0.1299,0.0158,11.58
r48c185,0.9907,0.0079,0.3367,0.0142,12.82
r48c186,0.9122,0.1001,0.3489,0.0045,9.42
r48c187,1.0,0.6726,0.0,0.0006,3.47
r48c188,1.0,1.0,0.0,0.0,2.5
r48c189,0.9723,0.9282,0.0,0.0732,2.59
r48c190,1.0,0.9587,0.0,0.2392,3.03
r48c191,0.8683,0.5956,0.0,0.0951,3.3
r48c192,0.9911,0.6843,0.0,0.0699,3.25
r48c193,0.9901,1.0,0.0,0.0552,2.69
r48c194,0.8873,0.7999,0.0,0.0505,3.31
r48c195,0.9293,1.0,0.0,0.0121,2.5
r48c201,1.0,1.0,0.0,0.0013,2.5
r48c203,1.0,1.0,0.0,0.0583,2.5
r48c207,1.0,1.0,0.0,0.003,2.5
r48c208,1.0,1.0,0.0,0.0,2.5
r48c217,1.0,1.0,0.0,0.0,2.5
r48c218,1.0,1.0,0.0,0.0068,2.5
r48c222,0.9751,1.0,0.0,0.0068,2.5
r48c225,0.9384,1.0,0.0,0.0263,2.5
r48c226,0.951,1.0,0.0,0.0109,2.52
r48c237,0.9759,1.0,0.0,0.0103,2.5
r48c238,0.7708,0.8015,0.0,0.0044,3.84
r48c239,0.6404,0.6182,0.0,0.0034,4.57
r48c240,0.8012,0.7139,0.0,0.0,3.06
r48c241,0.981,0.9382,0.0,0.0209,2.69
r48c242,0.9845,0.8079,0.0,0.0232,3.06
r49c181,0.8356,0.1859,0.6195,0.0277,18.34
r49c182,0.9282,0.092,0.3167,0.0684,12.65
r49c183,0.99,0.2271,0.0005,0.2387,6.48
r49c184,1.0,0.2345,0.0,0.1084,6.03
r49c185,0.9988,0.2904,0.0,0.0067,6.33
r49c186,0.9937,0.2189,0.0,0.0019,6.16
r49c187,0.9825,0.5403,0.0,0.0033,4.5
r49c188,1.0,1.0,0.0,0.0031,2.5
r49c189,1.0,1.0,0.0,0.0048,2.53
r49c190,1.0,0.9776,0.0,0.0128,2.6
r49c191,0.9512,1.0,0.0,0.0012,2.5
r49c192,0.9924,1.0,0.0,0.1919,2.51
r49c193,0.999,1.0,0.0,0.0993,2.51
r49c194,0.9928,0.9622,0.0125,0.0823,2.59
r49c195,0.9179,0.9215,0.0391,0.1598,2.86
r49c197,1.0,1.0,0.0,0.0,2.5
r49c201,1.0,1.0,0.0,0.001,2.5
r49c202,1.0,1.0,0.0,0.0139,2.5
r49c203,1.0,1.0,0.0,0.0035,2.5
r49c205,1.0,1.0,0.0,0.0055,2.5
r49c206,1.0,1.0,0.0,0.0094,2.5
r49c207,1.0,1.0,0.0,0.0086,2.5
r49c218,1.0,1.0,0.0,0.01,2.5
r49c222,0.984,1.0,0.0,0.0212,2.5
r49c225,0.9522,1.0,0.0,0.0155,2.5
r49c226,0.9873,1.0,0.0,0.0183,2.5
r49c238,1.0,1.0,0.0,0.0007,2.53
r49c239,0.8586,0.7856,0.0,0.001,3.88
r49c240,0.9097,0.974,0.0,0.0043,2.68
r49c241,1.0,0.7803,0.0,0.0258,2.81
r49c242,0.9983,0.9965,0.0,0.0569,2.81
r49c243,0.9887,1.0,0.0,0.0295,3.27
r50c180,0.468,0.0716,0.4837,0.0035,11.48
r50c181,0.6981,0.2635,0.256,0.0126,8.0
r50c182,0.9872,0.1042,0.0079,0.1631,7.63
r50c183,0.9919,0.019,0.0,0.2295,8.87
r50c184,0.9874,0.244,0.0,0.1497,6.53
r50c185,0.9792,0.4345,0.0,0.0088,5.51
r50c186,0.918,0.8122,0.0,0.0005,3.59
r50c187,0.9855,0.8891,0.0,0.1031,3.16
r50c188,1.0,0.961,0.0,0.1925,3.83
r50c189,1.0,0.9452,0.0,0.1125,3.44
r50c190,1.0,0.7739,0.0,0.0358,3.48
r50c195,0.9434,1.0,0.0,0.0,2.5
r50c196,1.0,1.0,0.0,0.0,2.5
r50c203,0.8277,1.0,0.0,0.0761,2.5
r50c204,1.0,1.0,0.0,0.0488,2.5
r50c205,1.0,1.0,0.0,0.0355,2.5
r50c206,1.0,1.0,0.0,0.0119,2.5
r50c207,1.0,1.0,0.0,0.0178,2.5
r50c209,1.0,1.0,0.0,0.1224,2.5
r50c210,1.0,1.0,0.0,0.0984,2.5
r50c214,1.0,1.0,0.0,0.0045,2.5
r50c215,1.0,1.0,0.0,0.0068,2.5
r50c240,1.0,1.0,0.0,0.0014,2.5
r50c241,0.9833,0.8812,0.0,0.0232,2.88
r50c242,0.846,0.2884,0.0147,0.0234,5.92
r50c243,0.9878,0.1086,0.0253,0.0382,7.1
r51c179,0.3928,0.1946,0.2977,0.0281,10.8
r51c180,0.6364,0.232,0.2145,0.0255,8.33
r51c181,0.9135,0.1353,0.223,0.1456,9.56
r51c182,0.9843,0.2118,0.1085,0.0999,6.58
r51c183,0.9591,0.4498,0.0376,0.0801,5.53
r51c184,0.7573,0.5026,0.006,0.035,5.09
r51c185,0.9401,0.5117,0.0245,0.105,4.99
r51c186,0.914,0.5749,0.029,0.1081,4.99
r51c187,0.9669,0.5451,0.0314,0.1118,5.14
r51c188,0.968,0.9151,0.0,0.0752,4.04
r51c189,0.9982,0.9086,0.0,0.0023,3.41
r51c190,0.9418,1.0,0.0,0.0,2.5
r51c191,1.0,1.0,0.0,0.0,2.5
r51c195,1.0,1.0,0.0,0.0049,2.5
r51c196,0.9848,1.0,0.0,0.0054,2.5
r51c197,1.0,1.0,0.0,0.0005,2.5
r51c203,0.9967,1.0,0.0,0.0352,2.5
r51c204,0.9757,1.0,0.0,0.0935,2.5
r51c205,1.0,1.0,0.0,0.0432,2.5
r51c206,1.0,1.0,0.0,0.0069,2.5
r51c207,1.0,1.0,0.0,0.0147,2.5
r51c209,0.9834,1.0,0.0,0.099,2.5
r51c215,1.0,1.0,0.0,0.0089,2.5
r51c216,1.0,1.0,0.0,0.0054,2.5
r51c217,1.0,1.0,0.0,0.0106,2.5
r51c240,0.9157,1.0,0.0,0.0068,2.51
r51c241,0.9028,0.9754,0.0,0.0242,2.57
r51c242,0.9828,0.1363,0.0,0.0075,6.53
r51c243,1.0,0.1593,0.0,0.0092,6.43
r52c177,0.5741,0.1912,0.3343,0.0,8.3
r52c178,0.5498,0.3425,0.1936,0.002,7.65
r52c179,0.4153,0.1494,0.1925,0.0038,9.5
r52c180,0.8942,0.4789,0.002,0.0029,4.34
r52c181,0.9823,0.8048,0.0,0.0007,3.14
r52c182,0.9632,0.4049,0.0815,0.0295,4.75
r52c183,0.8969,0.6803,0.1511,0.0113,3.93
r52c184,0.7668,0.8851,0.0,0.0918,3.5
r52c185,0.9974,1.0,0.0,0.1677,2.63
r52c186,1.0,1.0,0.0,0.0247,2.5
r52c187,0.9915,1.0,0.0,0.0039,2.56
r52c188,1.0,0.9502,0.0,0.0065,3.2
r52c189,0.9905,0.8754,0.0,0.0095,3.12
r52c190,0.9868,0.8954,0.0,0.002,3.05
r52c192,0.8938,1.0,0.0,0.0014,2.5
r52c193,0.8743,0.8587,0.0,0.0029,3.02
r52c194,0.8947,1.0,0.0,0.0,2.51
r52c195,1.0,1.0,0.0,0.0,2.5
r52c196,1.0,1.0,0.0,0.0005,2.5
r52c197,1.0,1.0,0.0,0.0083,2.5
r52c201,0.9255,1.0,0.0,0.0,2.5
r52c202,0.8779,1.0,0.0,0.0,2.5
r52c203,1.0,1.0,0.0,0.0423,2.5
r52c204,1.0,1.0,0.0,0.0713,2.5
r52c205,0.9486,1.0,0.0,0.0346,2.5
r52c206,1.0,1.0,0.0,0.0481,2.5
r52c208,0.9984,1.0,0.0,0.072,2.5
r52c215,1.0,1.0,0.0,0.001,2.5
r52c216,0.9708,1.0,0.0,0.0136,2.5
r52c217,1.0,1.0,0.0,0.0089,2.5
r52c218,0.9613,1.0,0.0,0.0242,2.5
r52c219,0.9621,1.0,0.0,0.0432,2.5
r52c220,0.9934,1.0,0.0,0.074,2.5
r52c222,1.0,1.0,0.0,0.0823,2.5
r52c240,0.9563,1.0,0.0,0.0059,2.54
r52c241,0.9999,0.7655,0.0,0.0022,3.69
r52c242,0.9795,0.4495,0.0,0.0037,4.72
r52c243,0.8662,0.8507,0.0,0.0099,2.76
r53c176,1.0,1.0,0.0,0.1048,2.5
r53c177,0.4461,0.1458,0.3708,0.0076,11.23
r53c178,0.5511,0.0274,0.7379,0.0017,13.82
r53c179,0.3837,0.0501,0.1961,0.0021,10.43
r53c180,0.9053,0.0255,0.0545,0.0048,9.84
r53c181,0.9204,0.0663,0.1794,0.0001,9.82
r53c182,0.9378,0.0757,0.113,0.085,8.55
r53c183,0.9655,0.1245,0.0013,0.1863,7.42
r53c184,0.9921,0.6599,0.0,0.0122,4.12
r53c185,1.0,0.2253,0.0,0.0085,4.9
r53c187,0.9802,1.0,0.0,0.0242,2.82
r53c188,0.9873,1.0,0.0,0.0,2.52
r53c189,0.988,1.0,0.0,0.0025,2.68
r53c190,0.9901,1.0,0.0,0.0075,3.06
r53c192,1.0,1.0,0.0,0.0,2.5
r53c193,0.9938,1.0,0.0,0.0,2.6
r53c194,1.0,1.0,0.0,0.0027,2.94
r53c195,1.0,1.0,0.0,0.004,3.14
r53c198,1.0,1.0,0.0,0.126,2.5
r53c203,1.0,1.0,0.0,0.0449,2.5
r53c207,0.9504,1.0,0.0,0.0225,2.5
r53c208,0.9922,1.0,0.0,0.0216,2.5
r53c212,1.0,1.0,0.0,0.0,2.5
r53c213,1.0,1.0,0.0,0.0077,2.5
r53c214,1.0,1.0,0.0,0.0186,2.5
r53c215,1.0,1.0,0.0,0.0098,2.5
r53c216,1.0,1.0,0.0,0.0061,2.5
r53c217,1.0,1.0,0.0,0.0042,2.5
r53c218,0.9391,1.0,0.0,0.0299,2.5
r53c219,0.9912,1.0,0.0,0.0172,2.5
r53c220,0.9949,1.0,0.0,0.0316,2.5
r53c221,1.0,1.0,0.0,0.0452,2.5
r53c222,1.0,1.0,0.0,0.1135,2.5
r53c235,0.9671,1.0,0.0,0.0383,2.5
r53c241,1.0,1.0,0.0,0.0172,2.57
r53c242,1.0,1.0,0.0,0.0147,2.51
r54c174,1.0,1.0,0.0,0.0,2.5
r54c175,0.9963,1.0,0.0,0.0955,2.5
r54c176,0.9747,0.9647,0.0,0.1052,2.58
r54c177,0.459,0.0906,0.2958,0.0062,9.01
r54c178,0.2675,0.0282,0.6076,0.0047,11.84
r54c179,0.269,0.0153,0.4588,0.0038,12.21
r54c180,0.6271,0.0639,0.3613,0.0004,10.23
r54c181,0.9145,0.0593,0.1886,0.0001,8.48
r54c182,0.8381,0.0516,0.0833,0.0059,9.3
r54c183,0.8379,0.0209,0.0876,0.0083,10.55
r54c184,0.8587,0.0215,0.0562,0.0069,8.68
r54c185,0.7728,0.0565,0.0338,0.011,8.88
r54c193,1.0,1.0,0.0,0.0056,2.5
r54c194,1.0,1.0,0.0,0.0,2.5
r54c195,1.0,1.0,0.0,0.0,2.5
r54c196,0.9054,1.0,0.0,0.0399,2.5
r54c197,0.7263,1.0,0.0,0.0011,2.5
r54c199,0.9658,1.0,0.0,0.024,2.5
r54c200,0.9609,1.0,0.0,0.0012,2.5
r54c213,0.9954,1.0,0.0,0.0256,2.53
r54c214,0.9961,1.0,0.0,0.0171,2.51
r54c215,1.0,1.0,0.0,0.0057,2.5
r54c216,1.0,1.0,0.0,0.0057,2.5
r54c217,1.0,1.0,0.0,0.0051,2.5
r54c221,1.0,1.0,0.0,0.0504,2.5
r54c231,0.9473,1.0,0.0,0.0633,2.5
r54c235,0.9644,1.0,0.0,0.0901,2.5
r54c236,1.0,1.0,0.0,0.1227,2.5
r54c238,1.0,1.0,0.0,0.0132,2.5
r54c242,1.0,1.0,0.0,0.0114,2.5
r54c243,1.0,1.0,0.0,0.0033,2.5
r55c175,0.9656,0.8471,0.0,0.005,2.87
r55c176,0.7697,0.6086,0.0,0.0124,3.79
r55c177,0.5045,0.2795,0.1136,0.0233,7.32
r55c178,0.4361,0.0372,0.3453,0.0048,12.01
r55c179,0.6062,0.0268,0.3758,0.0017,12.6
r55c180,0.6296,0.3975,0.0437,0.0,6.51
r55c181,0.8984,0.5433,0.0,0.0001,4.69
r55c182,0.8196,0.9203,0.0,0.0,2.94
r55c183,0.9304,0.6229,0.0757,0.0008,3.65
r55c184,0.6866,0.2237,0.0422,0.0041,6.57
r55c185,0.3843,0.1301,0.1961,0.0051,7.33
r55c186,1.0,1.0,0.0,0.0,2.5
r55c187,1.0,1.0,0.0,0.0588,2.5
r55c188,1.0,1.0,0.0,0.0808,2.5
r55c189,1.0,1.0,0.0,0.0,2.5
r55c194,1.0,1.0,0.0,0.002,2.73
r55c195,0.9973,1.0,0.0,0.0002,2.62
r55c196,0.9658,1.0,0.0,0.0007,2.5
r55c197,0.968,1.0,0.0,0.0126,2.5
r55c198,1.0,1.0,0.0,0.0094,2.53
r55c199,1.0,1.0,0.0,0.0044,2.81
r55c200,0.9891,1.0,0.0,0.0071,2.53
r55c210,1.0,1.0,0.0,0.0267,2.5
r55c212,1.0,1.0,0.0,0.0153,2.5
r55c213,1.0,1.0,0.0,0.0416,2.5
r55c214,0.9947,1.0,0.0,0.0321,2.5
r55c215,1.0,1.0,0.0,0.0183,2.5
r55c216,1.0,1.0,0.0,0.0043,2.5
r55c232,0.992,1.0,0.0,0.0382,2.56
r55c235,1.0,1.0,0.0,0.0307,2.51
r55c238,1.0,1.0,0.0,0.0027,2.5
r56c173,0.7484,0.2024,0.0,0.0,4.44
r56c174,0.6543,0.8757,0.0,0.0,2.92
r56c176,0.9685,1.0,0.0,0.0,2.5
r56c177,0.752,0.3565,0.0221,0.013,4.97
r56c178,0.7785,0.1342,0.1646,0.0097,8.64
r56c179,0.8147,0.5369,0.1954,0.0095,5.97
r56c180,0.8387,0.6022,0.0,0.0,4.49
r56c181,0.9421,0.3643,0.0,0.0,4.42
r56c182,0.9902,1.0,0.0,0.0,2.5
r56c183,0.9581,1.0,0.0,0.0,2.5
r56c184,0.9451,1.0,0.0,0.0,2.5
r56c185,0.9895,1.0,0.0,0.0,2.5
r56c186,1.0,1.0,0.0,0.0,2.5
r56c187,0.9846,1.0,0.0,0.0422,2.5
r56c188,0.9922,1.0,0.0,0.0299,2.5
r56c192,1.0,1.0,0.0,0.0014,2.5
r56c193,1.0,1.0,0.0,0.0019,2.5
r56c194,1.0,1.0,0.0,0.0053,2.73
r56c195,1.0,1.0,0.0,0.0078,2.76
r56c197,1.0,1.0,0.0,0.0,2.5
r56c198,1.0,0.838,0.0,0.0088,2.81
r56c199,1.0,0.9491,0.0,0.0065,2.67
r56c200,1.0,1.0,0.0,0.0013,2.55
r56c212,1.0,1.0,0.0,0.0192,2.5
r56c213,1.0,1.0,0.0,0.0131,2.5
r56c214,0.9859,1.0,0.0,0.0293,2.5
r56c232,0.9728,1.0,0.0,0.0175,2.52
r56c233,0.9865,1.0,0.0,0.0297,2.5
r56c235,1.0,1.0,0.0,0.0489,2.5
r57c170,0.9342,1.0,0.0,0.0,2.5
r57c173,1.0,0.5125,0.0,0.0,3.26
r57c174,0.6916,1.0,0.0,0.0136,2.5
r57c175,0.8658,1.0,0.0,0.0215,2.65
r57c176,0.8804,1.0,0.0,0.0388,2.5
r57c177,0.6992,0.8722,0.0762,0.0,3.62
r57c178,0.806,0.5646,0.0709,0.0006,4.8
r57c179,0.9043,1.0,0.0,0.0,2.54
r57c180,0.9323,0.8862,0.0726,0.012,2.86
r57c181,0.9108,0.6898,0.2297,0.0115,4.41
r57c182,1.0,1.0,0.0,0.0,2.5
r57c183,1.0,1.0,0.0,0.0,2.5
r57c186,1.0,1.0,0.0,0.0029,2.5
r57c187,0.9875,1.0,0.0,0.0002,2.5
r57c193,1.0,1.0,0.0,0.0,2.5
r57c196,1.0,1.0,0.0,0.0042,2.5
r57c197,1.0,1.0,0.0,0.0076,2.5
r57c198,1.0,0.7925,0.0,0.0238,3.01
r57c199,1.0,1.0,0.0,0.0025,2.52
r57c200,1.0,1.0,0.0,0.0029,2.56
r57c201,1.0,1.0,0.0,0.003,2.5
r57c203,0.9071,1.0,0.0,0.0796,2.5
r57c206,1.0,1.0,0.0,0.1025,2.5
r57c211,1.0,1.0,0.0,0.0329,2.5
r57c212,1.0,1.0,0.0,0.0355,2.5
r57c213,0.9888,1.0,0.0,0.0027,2.5
r57c229,1.0,0.9541,0.0,0.0427,2.54
r57c230,0.989,1.0,0.0,0.0418,2.5
r57c231,0.9848,1.0,0.0,0.0166,2.5
r57c233,0.9835,1.0,0.0,0.0128,2.5
r58c78,0.9709,1.0,0.0,0.0188,3.32
r58c168,1.0,1.0,0.0,0.1458,2.5
r58c171,0.9625,1.0,0.0,0.0193,2.5
r58c173,1.0,1.0,0.0,0.0,2.5
r58c174,1.0,1.0,0.0,0.0,2.5
r58c178,0.9994,1.0,0.0,0.0165,2.5
r58c180,0.8791,0.6588,0.0443,0.0001,4.07
r58c181,0.9964,0.8609,0.0169,0.0,3.18
r58c182,0.9603,1.0,0.0,0.0,2.5
r58c185,1.0,1.0,0.0,0.0,2.5
r58c191,1.0,1.0,0.0,0.0258,2.5
r58c192,1.0,1.0,0.0,0.1098,2.5
r58c193,1.0,1.0,0.0,0.0991,2.5
r58c195,1.0,1.0,0.0,0.0,2.5
r58c196,1.0,1.0,0.0,0.005,2.5
r58c197,1.0,1.0,0.0,0.0173,2.5
r58c200,1.0,1.0,0.0,0.0003,2.51
r58c201,0.9575,1.0,0.0,0.0021,2.51
r58c205,1.0,1.0,0.0,0.0172,2.5
r58c206,1.0,1.0,0.0,0.1001,2.5
r58c213,0.9717,1.0,0.0,0.01,2.5
r58c214,1.0,1.0,0.0,0.0192,2.5
r58c215,0.8049,1.0,0.0,0.0215,2.5
r58c229,0.9957,0.8688,0.0,0.0272,2.68
r58c233,0.9361,1.0,0.0,0.0526,2.5
r59c78,0.6451,0.7583,0.0764,0.0072,5.11
r59c79,0.5296,0.4069,0.1267,0.0117,8.32
r59c167,1.0,1.0,0.0,0.0233,2.5
r59c168,1.0,1.0,0.0,0.0632,2.5
r59c169,1.0,1.0,0.0,0.0434,2.5
r59c170,1.0,1.0,0.0,0.0831,2.5
r59c176,0.861,1.0,0.0,0.0,2.5
r59c177,0.9261,1.0,0.0,0.0,2.5
r59c178,1.0,1.0,0.0,0.0,2.5
r59c181,0.9587,1.0,0.0,0.0,2.5
r59c182,0.9715,0.936,0.0,0.0001,2.7
r59c183,1.0,1.0,0.0,0.0005,2.5
r59c184,1.0,1.0,0.0,0.0,2.5
r59c195,1.0,1.0,0.0,0.0811,2.5
r59c201,1.0,1.0,0.0,0.004,2.5
r59c202,0.9236,1.0,0.0,0.0645,2.5
r59c203,0.9709,1.0,0.0,0.0268,2.5
r59c214,1.0,1.0,0.0,0.0087,2.5
r59c224,0.9935,1.0,0.0,0.0047,2.5
r59c233,0.9224,1.0,0.0,0.042,2.5
r59c235,1.0,1.0,0.0,0.0334,2.5
r60c79,0.7096,0.5761,0.0,0.0061,4.47
r60c169,1.0,1.0,0.0,0.2203,2.5
r60c170,1.0,1.0,0.0,0.2086,2.5
r60c177,0.9326,0.7521,0.0,0.0005,3.39
r60c178,0.5915,0.5529,0.0,0.0021,5.58
r60c179,0.908,0.6277,0.0,0.0017,4.16
r60c182,0.9663,1.0,0.0,0.003,2.5
r60c183,0.828,1.0,0.0,0.0054,2.5
r60c192,0.9704,1.0,0.0,0.1296,2.5
r60c193,0.9969,1.0,0.0,0.0924,2.51
r60c194,0.9967,1.0,0.0,0.0776,2.59
r60c201,0.9827,1.0,0.0,0.0928,2.5
r60c202,0.915,1.0,0.0,0.0622,2.5
r60c203,1.0,1.0,0.0,0.0305,2.5
r60c204,1.0,1.0,0.0,0.1174,2.5
r60c225,0.956,1.0,0.0,0.0284,2.5
r60c226,0.9263,1.0,0.0,0.0191,2.52
r60c227,1.0,1.0,0.0,0.0073,2.5
r61c163,1.0,1.0,0.0,0.0903,2.5
r61c169,1.0,1.0,0.0,0.0034,2.5
r61c176,0.9927,0.9207,0.0,0.0391,2.85
r61c177,0.982,1.0,0.0,0.0252,2.91
r61c178,0.7558,0.5149,0.0,0.0046,5.36
r61c179,0.9282,0.6682,0.0,0.0036,3.81
r61c203,1.0,1.0,0.0,0.1079,2.5
r61c205,1.0,1.0,0.0,0.054,2.5
r61c206,1.0,1.0,0.0,0.0502,2.5
r61c225,0.9564,1.0,0.0,0.0178,2.52
r61c226,0.9191,0.7679,0.0071,0.0199,3.02
r61c227,0.8174,0.6238,0.0429,0.0137,3.62
r61c228,0.8181,0.9514,0.0,0.003,2.75
r61c229,0.9029,1.0,0.0,0.017,2.5
r61c230,1.0,1.0,0.0,0.0233,2.5
r62c157,1.0,1.0,0.0,0.0,2.5
r62c165,1.0,1.0,0.0,0.0074,2.5
r62c178,0.9255,0.5773,0.0,0.1181,5.14
r62c179,0.9692,0.8842,0.0,0.1074,3.59
r62c180,0.9304,0.9794,0.0,0.0735,2.78
r62c185,1.0,1.0,0.0,0.0347,2.5
r62c186,0.9896,0.9961,0.0,0.028,2.54
r62c187,0.4188,0.9351,0.0,0.0333,3.6
r62c188,1.0,1.0,0.0,0.0055,2.5
r62c203,1.0,1.0,0.0,0.0524,2.5
r62c204,1.0,1.0,0.0,0.085,2.5
r62c205,1.0,1.0,0.0,0.0876,2.5
r62c212,1.0,1.0,0.0,0.0756,2.5
r62c213,1.0,1.0,0.0,0.0531,2.5
r62c214,1.0,1.0,0.0,0.0504,2.5
r62c226,1.0,0.8509,0.0,0.0129,3.26
r62c227,0.9748,0.8947,0.0,0.0151,2.72
r62c228,0.955,0.889,0.0,0.0328,2.62
r62c229,0.9879,0.9131,0.0,0.0449,3.01
r62c230,0.9998,1.0,0.0,0.0606,2.86
r62c231,0.9881,1.0,0.0,0.084,2.5
r62c232,0.9981,1.0,0.0,0.043,2.5
r62c233,0.9585,1.0,0.0,0.0493,2.5
r62c234,1.0,1.0,0.0,0.0101,2.5
r63c157,0.3867,1.0,0.0,0.0,2.5
r63c160,0.6615,0.7203,0.0,0.0001,3.6
r63c161,0.4546,0.4341,0.0,0.0009,5.1
r63c168,1.0,1.0,0.0,0.0722,2.5
r63c179,1.0,0.5314,0.0,0.0,2.94
r63c185,0.9631,1.0,0.0,0.0545,2.5
r63c214,1.0,1.0,0.0,0.0204,2.5
r63c215,0.9547,1.0,0.0,0.0741,2.5
r63c227,0.9694,1.0,0.0,0.0251,2.5
r63c230,0.9845,1.0,0.0,0.0876,2.66
r63c231,0.9781,0.5124,0.0,0.0566,4.04
r63c232,0.9878,0.696,0.0,0.048,3.08
r63c233,1.0,1.0,0.0,0.0,2.5
r63c234,0.9757,1.0,0.0,0.0274,2.5
r64c159,0.9258,0.5098,0.0507,0.0003,4.27
r64c160,0.7416,0.8772,0.0,0.0017,2.94
r64c161,0.6371,0.8922,0.0,0.0,2.95
r64c162,0.9748,1.0,0.0,0.0,2.5
r64c215,0.9804,1.0,0.0,0.1219,2.5
r64c230,0.8762,1.0,0.0,0.139,2.5
r64c231,0.9783,1.0,0.0,0.1826,2.5
r64c232,0.9713,1.0,0.0,0.1476,2.5
r64c233,0.9837,1.0,0.0,0.0,2.5
r65c158,0.7086,0.4877,0.1659,0.0036,5.75
r65c159,0.7102,0.4842,0.2549,0.0008,6.82
r65c160,1.0,1.0,0.0,0.0,2.57
r65c162,1.0,1.0,0.0,0.0,2.5
r65c173,0.8938,1.0,0.0,0.0029,2.5
r65c193,1.0,1.0,0.0,0.0112,2.5
r65c194,0.9719,1.0,0.0,0.0841,2.5
r66c159,0.991,1.0,0.0,0.0,2.5
r66c161,1.0,1.0,0.0,0.0,2.5
r66c162,0.9929,1.0,0.0,0.0,2.5
r66c213,1.0,0.6834,0.0,0.011,3.25
r66c214,0.9976,0.6056,0.0,0.0234,3.93
r66c215,1.0,0.9841,0.0,0.0138,2.56
r67c161,1.0,1.0,0.0,0.0009,2.5
r67c162,1.0,1.0,0.0,0.0024,2.5
r67c165,1.0,1.0,0.0,0.0795,2.5
r67c166,1.0,1.0,0.0,0.0922,2.5
r67c168,1.0,1.0,0.0,0.0,2.5
r67c205,1.0,1.0,0.0,0.0454,2.5
r67c206,1.0,1.0,0.0,0.0515,2.5
r67c213,1.0,1.0,0.0,0.0237,2.5
r68c157,1.0,1.0,0.0,0.0238,2.5
r68c158,1.0,1.0,0.0,0.0182,2.5
r68c161,1.0,1.0,0.0,0.0,2.5
r68c162,1.0,1.0,0.0,0.0887,2.5
r68c163,1.0,1.0,0.0,0.1089,2.5
r68c164,1.0,1.0,0.0,0.0915,2.5
r68c165,1.0,1.0,0.0,0.1055,2.5
r68c204,1.0,1.0,0.0,0.0029,2.5
r68c205,1.0,1.0,0.0,0.0542,2.5
r68c206,1.0,1.0,0.0,0.0608,2.5
r69c158,1.0,1.0,0.0,0.0255,2.5
r69c159,1.0,1.0,0.0,0.0154,2.5
r69c161,0.894,1.0,0.0,0.0067,2.5
r69c162,0.9991,0.9187,0.0,0.0198,3.3
r69c163,1.0,1.0,0.0,0.0107,3.07
r69c164,1.0,1.0,0.0,0.0007,2.52
r69c166,1.0,1.0,0.0,0.0,2.5
r69c167,1.0,1.0,0.0,0.0,2.5
r69c183,0.9062,0.5129,0.1536,0.0003,4.67
r69c184,0.9956,1.0,0.0,0.0038,2.5
r69c205,1.0,1.0,0.0,0.0129,2.8
r69c206,1.0,1.0,0.0,0.0058,2.62
r70c158,1.0,1.0,0.0,0.0898,2.5
r70c159,1.0,1.0,0.0,0.0084,2.51
r70c160,1.0,1.0,0.0,0.1946,2.5
r70c161,1.0,1.0,0.0,0.1432,2.54
r70c162,1.0,1.0,0.0,0.0073,2.86
r70c163,1.0,0.8921,0.0343,0.0043,3.86
r70c164,0.9948,1.0,0.0,0.0246,2.5
r70c165,1.0,1.0,0.0,0.0,2.5
r70c208,1.0,1.0,0.0,0.1438,2.5
r70c209,0.9442,1.0,0.0,0.1215,2.5
r71c157,1.0,0.7752,0.0,0.1088,2.73
r71c158,1.0,0.9453,0.0,0.0092,2.75
r71c159,1.0,1.0,0.0,0.0053,2.53
r71c160,1.0,1.0,0.0,0.0849,2.68
r71c161,1.0,1.0,0.0,0.0071,3.55
r71c163,0.9117,1.0,0.0,0.0927,2.5
r71c165,1.0,1.0,0.0,0.0687,2.5
r71c166,1.0,1.0,0.0,0.1064,2.5
r71c181,0.9624,1.0,0.0,0.0057,2.5
r71c207,1.0,1.0,0.0,0.0016,2.5
r71c208,1.0,1.0,0.0,0.0008,2.5
r71c209,1.0,1.0,0.0,0.0016,2.5
r71c210,1.0,1.0,0.0,0.0194,2.5
r71c211,1.0,1.0,0.0,0.0229,2.5
r72c157,1.0,1.0,0.0,0.0276,2.51
r72c159,1.0,1.0,0.0,0.2147,2.5
r72c160,1.0,1.0,0.0,0.0779,2.6
r72c161,1.0,1.0,0.0,0.111,2.53
r72c163,0.99,1.0,0.0,0.0148,2.5
r72c164,1.0,1.0,0.0,0.0864,2.5
r72c165,1.0,1.0,0.0,0.1098,2.5
r72c166,1.0,1.0,0.0,0.0988,2.5
r72c167,1.0,1.0,0.0,0.0702,2.5
r72c168,1.0,1.0,0.0,0.0522,2.5
r72c176,1.0,1.0,0.0,0.051,2.5
r72c208,1.0,1.0,0.0,0.003,2.5
r72c209,1.0,1.0,0.0,0.0011,2.5
r72c211,1.0,1.0,0.0,0.0879,2.5
r72c212,1.0,1.0,0.0,0.1062,2.5
r72c213,1.0,1.0,0.0,0.0358,2.5
r73c157,1.0,1.0,0.0,0.0076,2.5
r73c158,1.0,1.0,0.0,0.0619,2.5
r73c159,1.0,0.9293,0.0,0.027,3.23
r73c160,1.0,0.9277,0.0,0.0027,3.79
r73c163,1.0,1.0,0.0,0.0016,2.5
r73c164,0.9346,1.0,0.0,0.1226,2.5
r73c165,1.0,1.0,0.0,0.1158,2.5
r73c166,0.9967,1.0,0.0,0.1709,2.5
r73c167,0.9435,1.0,0.0,0.0652,2.5
r73c168,0.9863,1.0,0.0,0.0333,2.5
r73c175,0.8648,1.0,0.0,0.0283,2.5
r73c177,0.883,0.9306,0.0,0.1028,2.73
r73c195,0.9111,1.0,0.0,0.0062,2.5
r73c196,1.0,1.0,0.0,0.0545,2.5
r73c197,1.0,1.0,0.0,0.0344,2.5
r73c211,1.0,1.0,0.0,0.1007,2.5
r73c212,1.0,0.8365,0.0,0.1121,2.97
r73c213,1.0,0.9308,0.0,0.0656,2.87
r73c214,1.0,1.0,0.0,0.0408,2.51
r74c148,1.0,1.0,0.0,0.0,2.5
r74c157,1.0,1.0,0.0,0.0142,2.82
r74c158,1.0,1.0,0.0,0.1036,2.5
r74c159,1.0,0.9471,0.0,0.0258,3.76
r74c160,1.0,1.0,0.0,0.0903,2.69
r74c164,1.0,1.0,0.0,0.0,2.57
r74c169,0.9496,1.0,0.0,0.0,2.5
r74c194,1.0,1.0,0.0,0.0454,2.5
r74c195,1.0,1.0,0.0,0.039,2.5
r74c211,1.0,1.0,0.0,0.031,2.51
r74c212,1.0,1.0,0.0,0.056,2.86
r74c213,1.0,1.0,0.0,0.0529,2.5
r75c147,1.0,1.0,0.0,0.0383,2.59
r75c156,1.0,0.4522,0.0,0.0145,5.05
r75c157,1.0,0.6227,0.0,0.0329,3.7
r75c158,1.0,0.8269,0.0,0.068,2.64
r75c159,1.0,0.6663,0.0,0.0241,3.73
r75c162,1.0,1.0,0.0,0.0338,2.5
r75c163,0.9666,1.0,0.0,0.0198,2.63
r75c164,0.9553,1.0,0.0,0.0065,2.79
r75c165,1.0,1.0,0.0,0.025,2.5
r75c166,1.0,1.0,0.0,0.0,2.5
r75c167,1.0,1.0,0.0,0.0,2.76
r75c168,1.0,1.0,0.0,0.0015,2.66
r75c169,0.9176,1.0,0.0,0.0074,2.5
r75c184,1.0,1.0,0.0,0.0178,2.5
r75c185,1.0,1.0,0.0,0.0221,2.5
r75c190,1.0,1.0,0.0,0.0374,2.5
r75c192,1.0,1.0,0.0,0.0386,2.5
r75c193,1.0,1.0,0.0,0.0245,2.5
r75c194,1.0,1.0,0.0,0.0355,2.5
r75c200,1.0,1.0,0.0,0.0428,2.5
r75c205,0.9505,1.0,0.0,0.0587,2.5
r75c206,0.9604,1.0,0.0,0.0477,2.5
r75c208,1.0,1.0,0.0,0.1265,2.5
r75c209,0.971,1.0,0.0,0.1299,2.5
r75c210,1.0,1.0,0.0,0.0356,2.5
r75c211,1.0,1.0,0.0,0.0377,2.5
r75c212,0.9828,1.0,0.0,0.0863,2.5
r76c143,0.9103,0.9577,0.0,0.0,2.77
r76c144,0.9435,0.7224,0.163,0.0023,4.37
r76c145,0.991,1.0,0.0,0.01,2.5
r76c146,0.926,0.984,0.0,0.0572,2.62
r76c147,0.8639,0.9577,0.0,0.0754,2.71
r76c156,1.0,0.6027,0.0,0.0407,4.1
r76c157,1.0,1.0,0.0,0.0659,2.5
r76c158,0.9843,0.8852,0.0,0.0097,3.38
r76c159,0.9856,0.6298,0.0,0.0145,3.99
r76c160,1.0,1.0,0.0,0.002,2.51
r76c162,0.99,1.0,0.0,0.0,2.5
r76c163,1.0,0.9675,0.0,0.0088,2.85
r76c164,0.9955,1.0,0.0,0.0024,2.51
r76c166,1.0,1.0,0.0,0.0007,2.52
r76c167,0.9985,1.0,0.0,0.0034,2.61
r76c168,0.9962,1.0,0.0,0.0053,2.52
r76c170,0.9921,1.0,0.0,0.0,2.5
r76c171,1.0,1.0,0.0,0.0013,2.5
r76c174,1.0,1.0,0.0,0.0003,2.51
r76c186,1.0,1.0,0.0,0.044,2.5
r76c188,1.0,1.0,0.0,0.0508,2.5
r76c189,1.0,1.0,0.0,0.0577,2.5
r76c202,0.996,1.0,0.0,0.1125,2.5
r76c203,1.0,1.0,0.0,0.132,2.5
r76c204,0.9092,1.0,0.0,0.0576,2.5
r76c205,0.9479,1.0,0.0,0.0482,2.5
r76c206,1.0,1.0,0.0,0.0427,2.5
r76c207,0.9812,1.0,0.0,0.0336,2.5
r76c208,0.9885,1.0,0.0,0.0386,2.5
r76c209,0.9724,1.0,0.0,0.0262,2.5
r76c212,1.0,1.0,0.0,0.1022,2.5
r77c143,0.5843,0.1605,0.0759,0.0076,8.33
r77c144,0.9623,0.2946,0.1313,0.0056,6.7
r77c145,1.0,0.8787,0.0,0.0069,3.24
r77c146,0.9109,0.6254,0.0,0.0308,3.26
r77c147,0.9585,0.7954,0.0,0.0182,2.84
r77c157,1.0,1.0,0.0,0.0391,2.55
r77c158,0.9849,0.8207,0.0,0.0233,3.55
r77c159,1.0,0.827,0.0,0.0213,3.39
r77c164,1.0,1.0,0.0,0.0043,2.5
r77c165,1.0,1.0,0.0,0.0034,2.5
r77c167,1.0,1.0,0.0,0.0022,2.5
r77c169,1.0,1.0,0.0,0.0015,2.58
r77c170,0.96,1.0,0.0,0.0013,2.53
r77c173,0.7612,1.0,0.0,0.0002,2.59
r77c174,0.9416,1.0,0.0,0.0021,2.51
r77c175,1.0,1.0,0.0,0.006,2.5
r77c187,1.0,1.0,0.0,0.0323,2.5
r77c198,0.9941,1.0,0.0,0.0789,2.5
r77c199,0.9715,0.6873,0.0,0.0223,2.99
r77c200,0.9928,0.8198,0.0,0.0558,3.0
r77c201,0.9698,0.5485,0.0,0.031,3.67
r77c202,0.967,0.3687,0.0,0.0136,4.23
r77c203,0.9937,1.0,0.0,0.0021,2.5
r77c204,1.0,1.0,0.0,0.0008,2.5
r77c205,1.0,1.0,0.0,0.0332,2.5
r77c206,1.0,1.0,0.0,0.0098,2.5
r77c207,0.9815,1.0,0.0,0.0291,2.5
r77c212,1.0,1.0,0.0,0.046,2.5
r77c213,1.0,1.0,0.0,0.0187,2.5
r78c39,1.0,1.0,0.0,0.0374,2.5
r78c40,1.0,0.9526,0.0,0.0167,2.54
r78c41,0.9953,0.8853,0.0,0.0191,2.89
r78c142,1.0,0.3379,0.6124,0.1014,11.05
r78c143,0.9888,0.0454,0.8773,0.0449,28.18
r78c144,0.9835,0.2409,0.5553,0.0139,14.47
r78c145,0.9713,0.6397,0.1552,0.0142,5.11
r78c153,1.0,1.0,0.0,0.0,2.5
r78c154,0.9743,0.9286,0.0,0.007,2.73
r78c155,0.8024,0.8452,0.0,0.0122,3.12
r78c156,0.9692,0.8188,0.0,0.0083,2.99
r78c157,1.0,1.0,0.0,0.0536,2.5
r78c158,1.0,1.0,0.0,0.1269,2.5
r78c164,0.9564,1.0,0.0,0.0,2.5
r78c165,0.9555,1.0,0.0,0.0,2.5
r78c167,0.8786,1.0,0.0,0.0,2.5
r78c168,1.0,1.0,0.0,0.0004,2.5
r78c169,0.9891,1.0,0.0,0.0,2.63
r78c170,0.9696,0.9377,0.0,0.0006,3.01
r78c171,0.9525,0.9577,0.0,0.0002,2.93
r78c172,0.9725,1.0,0.0,0.0,2.51
r78c173,0.8336,1.0,0.0,0.0,2.5
r78c174,0.7105,1.0,0.0,0.0,2.5
r78c189,1.0,1.0,0.0,0.0013,2.5
r78c190,1.0,1.0,0.0,0.0089,2.5
r78c193,1.0,0.6835,0.0,0.001,3.4
r78c198,1.0,0.7874,0.0,0.002,2.99
r78c199,1.0,0.8576,0.0,0.0008,3.04
r78c213,1.0,1.0,0.0,0.0076,2.5
r79c40,0.9759,0.9018,0.0,0.0634,2.93
r79c41,0.8945,0.8402,0.0,0.0314,3.02
r79c140,1.0,0.8099,0.021,0.0811,3.29
r79c141,0.9715,0.6683,0.1276,0.0499,4.59
r79c142,0.9885,0.0563,0.8447,0.0616,24.99
r79c143,0.9776,0.0139,0.9002,0.0241,24.92
r79c144,0.9968,0.124,0.6238,0.0165,12.63
r79c145,0.9992,0.8938,0.0,0.0566,3.06
r79c146,0.9969,0.8193,0.0,0.0021,3.13
r79c147,1.0,1.0,0.0,0.0,2.5
r79c155,0.7603,0.861,0.0,0.0859,3.33
r79c156,1.0,1.0,0.0,0.1093,2.5
r79c157,1.0,1.0,0.0,0.0564,2.5
r79c158,1.0,1.0,0.0,0.0131,2.5
r79c159,1.0,1.0,0.0,0.061,2.5
r79c160,1.0,1.0,0.0,0.1078,2.5
r79c167,1.0,1.0,0.0,0.0,2.5
r79c173,1.0,1.0,0.0,0.0,2.5
r79c186,1.0,1.0,0.0,0.0,2.5
r79c187,1.0,1.0,0.0,0.0005,2.5
r79c188,1.0,1.0,0.0,0.0127,2.5
r79c189,0.9686,1.0,0.0,0.0067,2.5
r79c190,0.9528,1.0,0.0,0.0244,2.5
r79c192,1.0,0.4362,0.0,0.0199,3.79
r79c193,1.0,1.0,0.0,0.0808,2.5
r79c194,1.0,1.0,0.0,0.092,2.5
r79c195,1.0,1.0,0.0,0.0952,2.5
r79c196,0.987,1.0,0.0,0.0411,2.5
r79c213,1.0,1.0,0.0,0.0385,2.5
r79c214,1.0,1.0,0.0,0.0348,2.5
r80c40,1.0,0.804,0.0,0.0055,3.31
r80c140,0.9919,0.9012,0.0359,0.1902,3.42
r80c141,0.9957,0.19,0.1848,0.1097,9.14
r80c142,0.9889,0.0498,0.0641,0.0444,10.54
r80c143,0.9876,0.0234,0.316,0.0444,14.51
r80c144,0.9701,0.1095,0.5286,0.0525,13.52
r80c145,0.9925,0.4405,0.009,0.0911,5.5
r80c150,0.931,1.0,0.0,0.0032,2.5
r80c154,1.0,1.0,0.0,0.1405,2.64
r80c155,0.9948,0.9337,0.0,0.0542,2.87
r80c156,1.0,0.9928,0.0,0.0024,2.52
r80c157,1.0,0.7834,0.0,0.0004,2.89
r80c158,1.0,0.8281,0.0,0.0532,3.56
r80c159,1.0,0.9981,0.0,0.0335,2.84
r80c160,1.0,0.1023,0.0,0.0025,6.54
r80c161,1.0,0.0558,0.0,0.0014,7.0
r80c162,1.0,0.2592,0.0,0.0006,5.5
r80c166,0.9941,1.0,0.0,0.0083,2.5
r80c191,1.0,0.5465,0.026,0.0253,4.14
r80c192,1.0,0.4727,0.0362,0.047,4.22
r80c193,1.0,1.0,0.0,0.1389,2.5
r80c213,0.8238,1.0,0.0,0.0071,2.5
r80c214,0.8244,1.0,0.0,0.0154,2.5
r81c142,1.0,0.4401,0.0,0.2324,5.58
r81c143,1.0,0.3998,0.0,0.1871,5.99
r81c144,0.9727,0.1683,0.1522,0.1074,9.05
r81c145,0.9548,0.0056,0.1112,0.0326,11.76
r81c146,0.9557,0.0563,0.0449,0.035,10.43
r81c147,0.9607,0.1722,0.0386,0.0327,8.18
r81c148,0.9462,0.6514,0.0065,0.0834,3.99
r81c149,0.6739,0.3611,0.1663,0.0008,6.6
r81c150,0.9086,0.7635,0.044,0.0065,3.47
r81c151,0.784,0.8344,0.0,0.0055,3.2
r81c152,0.9512,1.0,0.0,0.0147,2.61
r81c153,0.9814,0.6624,0.0,0.0205,3.68
r81c154,0.993,0.789,0.0,0.0069,3.99
r81c155,0.9634,0.8886,0.0,0.0069,3.28
r81c156,0.8804,0.6606,0.0958,0.0299,4.13
r81c157,0.9427,0.6466,0.0914,0.0011,3.84
r81c158,0.9613,1.0,0.0,0.0138,2.5
r81c159,1.0,1.0,0.0,0.1161,2.5
r81c160,1.0,0.2248,0.0,0.0014,5.6
r81c161,1.0,0.107,0.0,0.0008,6.53
r81c162,0.9932,0.1522,0.0,0.0015,6.21
r81c166,0.9544,1.0,0.0,0.0,2.5
r81c175,1.0,1.0,0.0,0.0,2.5
r81c177,1.0,1.0,0.0,0.0,2.5
r81c188,1.0,1.0,0.0,0.0426,2.5
r81c192,0.8929,1.0,0.0,0.0005,2.5
r81c214,1.0,1.0,0.0,0.0349,2.5
r81c215,1.0,1.0,0.0,0.0237,2.5
r82c144,1.0,0.7636,0.0,0.3699,3.42
r82c145,1.0,0.2689,0.0,0.1329,6.64
r82c146,0.9776,0.4009,0.0481,0.1165,6.7
r82c147,0.9354,0.2638,0.1502,0.0638,7.62
r82c148,0.9507,0.6203,0.0145,0.1012,4.85
r82c149,0.9762,0.3544,0.0757,0.0645,5.54
r82c150,0.9792,0.4509,0.0,0.0404,5.0
r82c151,0.9963,0.9287,0.0,0.0617,3.01
r82c152,1.0,0.3726,0.0,0.0187,5.29
r82c153,0.9855,0.0371,0.0,0.0123,7.93
r82c154,0.9949,0.0883,0.0,0.0122,7.73
r82c155,0.9887,0.3964,0.0,0.0077,5.29
r82c156,0.8499,1.0,0.0,0.0433,2.58
r82c157,0.9266,0.8175,0.0,0.0747,3.4
r82c158,0.9652,1.0,0.0,0.0132,2.61
r82c160,1.0,0.4956,0.0,0.0115,3.94
r82c161,1.0,0.2707,0.0,0.0112,5.67
r82c162,1.0,0.2128,0.0487,0.007,6.49
r82c163,1.0,0.6551,0.0,0.0003,3.8
r82c166,1.0,1.0,0.0,0.0176,2.5
r82c168,1.0,1.0,0.0,0.0012,2.5
r82c211,1.0,1.0,0.0,0.0024,2.64
r82c214,1.0,1.0,0.0,0.0306,2.5
r82c215,1.0,1.0,0.0,0.0191,2.5
r83c147,1.0,1.0,0.0,0.298,2.5
r83c148,0.9358,0.8957,0.0,0.1084,3.05
r83c149,0.9649,0.4338,0.0,0.1121,5.44
r83c150,0.9919,0.2346,0.0,0.0386,6.93
r83c151,0.9971,0.7806,0.0,0.0458,3.56
r83c152,0.9993,0.5106,0.0,0.0478,4.33
r83c153,0.9888,0.2299,0.0,0.0094,5.22
r83c154,0.9988,0.4289,0.0,0.0094,4.44
r83c155,0.9939,0.6557,0.0,0.0257,3.71
r83c157,1.0,0.613,0.0,0.0004,4.16
r83c158,1.0,0.6336,0.0,0.0006,4.02
r83c159,0.9973,0.4793,0.0,0.0183,4.86
r83c160,0.9991,0.1776,0.0,0.0107,6.2
r83c161,1.0,0.1511,0.0,0.0062,6.53
r83c162,1.0,0.3133,0.0004,0.0075,5.6
r83c163,1.0,1.0,0.0,0.0135,2.5
r83c164,1.0,1.0,0.0,0.111,2.5
r83c165,1.0,1.0,0.0,0.0387,2.5
r83c167,1.0,1.0,0.0,0.0197,2.5
r83c211,1.0,1.0,0.0,0.0082,2.5
r83c213,1.0,1.0,0.0,0.0217,2.5
r83c214,0.7901,0.9487,0.0,0.0495,2.71
r83c215,0.9622,1.0,0.0,0.0132,2.5
r83c216,1.0,1.0,0.0,0.0037,2.5
r84c148,0.3096,0.0613,0.0329,0.0024,9.7
r84c149,0.2375,0.0197,0.1068,0.0013,9.87
r84c150,0.2565,0.0185,0.0068,0.0076,9.65
r84c151,0.5617,0.5136,0.0321,0.0411,6.07
r84c152,1.0,0.5195,0.0,0.0143,4.26
r84c153,1.0,0.8439,0.0,0.0244,2.71
r84c155,1.0,1.0,0.0,0.0,2.5
r84c156,1.0,0.6483,0.0,0.0063,4.39
r84c157,1.0,0.3079,0.0,0.004,5.74
r84c158,1.0,0.7735,0.0,0.008,3.15
r84c159,0.9444,0.322,0.0,0.0082,5.95
r84c160,0.9908,0.1466,0.0,0.0064,6.65
r84c161,1.0,0.2813,0.0,0.005,5.67
r84c162,1.0,0.8645,0.0,0.002,2.74
r84c163,1.0,1.0,0.0,0.003,2.5
r84c211,1.0,1.0,0.0,0.0264,2.5
r84c213,1.0,1.0,0.0,0.0041,2.5
r84c215,1.0,1.0,0.0,0.0095,2.5
r85c148,0.3946,0.0543,0.1089,0.0018,9.72
r85c149,0.2906,0.0311,0.251,0.0003,11.2
r85c150,0.2817,0.0065,0.2644,0.0,10.99
r85c151,0.3815,0.4519,0.0915,0.0004,7.2
r85c152,0.998,0.1339,0.0,0.0107,7.57
r85c153,0.9922,0.3934,0.0,0.0204,5.41
r85c154,0.9492,1.0,0.0,0.0,3.0
r85c155,1.0,0.9647,0.0,0.01,3.58
r85c156,0.9939,0.58,0.0,0.0045,4.61
r85c157,1.0,0.6859,0.0,0.0014,4.29
r85c158,1.0,0.8907,0.0,0.0031,3.85
r85c159,1.0,1.0,0.0,0.0063,2.63
r85c160,1.0,0.7054,0.0,0.0016,4.0
r85c161,1.0,0.6999,0.0,0.0038,3.09
r85c162,1.0,1.0,0.0,0.0,2.5
r85c163,1.0,1.0,0.0,0.0,2.5
r85c164,1.0,1.0,0.0,0.0,2.5
r85c210,1.0,1.0,0.0,0.0251,2.5
r85c211,1.0,1.0,0.0,0.0304,2.5
r85c212,1.0,1.0,0.0,0.0216,2.5
r85c213,0.9621,1.0,0.0,0.0105,2.5
r85c214,1.0,0.2943,0.0378,0.0237,6.07
r85c215,0.9229,0.6639,0.0176,0.0296,3.84
r86c148,0.3315,0.0216,0.0735,0.0019,10.21
r86c149,0.294,0.0,0.2159,0.008,12.4
r86c150,0.3011,0.0632,0.1769,0.0006,10.6
r86c151,0.7285,0.1457,0.3115,0.0038,8.4
r86c152,0.9904,0.0547,0.1128,0.0078,8.56
r86c153,1.0,0.2631,0.0135,0.0072,5.75
r86c154,0.9874,0.9419,0.0,0.0005,2.79
r86c155,0.9925,0.8942,0.0,0.0285,3.43
r86c156,1.0,0.8304,0.0,0.0171,4.11
r86c157,1.0,0.7541,0.0,0.002,4.19
r86c159,1.0,1.0,0.0,0.0012,2.5
r86c160,1.0,1.0,0.0,0.0003,2.5
r86c161,1.0,1.0,0.0,0.0,2.5
r86c162,1.0,1.0,0.0,0.0,2.5
r86c163,1.0,1.0,0.0,0.0,2.5
r86c164,1.0,1.0,0.0,0.0,2.5
r86c165,0.8417,1.0,0.0,0.0013,2.5
r86c208,1.0,1.0,0.0,0.002,2.5
r86c211,1.0,1.0,0.0,0.0214,2.5
r86c212,1.0,1.0,0.0,0.0013,2.5
r86c214,1.0,0.0591,0.0474,0.0553,8.88
r86c215,1.0,0.3144,0.0,0.0439,5.44
r86c216,1.0,1.0,0.0,0.0,2.5
r87c147,0.5253,0.1156,0.4189,0.0085,7.53
r87c148,0.4831,0.0512,0.3499,0.006,8.99
r87c149,0.4757,0.1837,0.0107,0.0024,8.46
r87c150,0.4538,0.2732,0.023,0.0048,7.67
r87c151,0.8063,0.2003,0.2682,0.0056,7.62
r87c152,0.993,0.087,0.0661,0.0052,8.07
r87c153,0.9856,0.2165,0.0028,0.0054,6.35
r87c154,0.9977,0.9345,0.0,0.0067,3.01
r87c155,0.9354,0.7646,0.0,0.0325,3.61
r87c156,0.9988,0.3594,0.0135,0.0083,5.57
r87c157,1.0,0.3223,0.0,0.004,5.7
r87c158,1.0,0.8869,0.0,0.0141,2.78
r87c159,1.0,1.0,0.0,0.005,2.5
r87c161,1.0,1.0,0.0,0.0,2.5
r87c162,1.0,1.0,0.0,0.0,2.5
r87c163,1.0,1.0,0.0,0.0,2.5
r87c164,1.0,1.0,0.0,0.0,2.5
r87c168,0.969,1.0,0.0,0.0,2.5
r87c169,0.9459,1.0,0.0,0.0,2.5
r87c207,1.0,1.0,0.0,0.0036,2.5
r87c208,1.0,1.0,0.0,0.0043,2.5
r87c209,1.0,1.0,0.0,0.01,2.5
r87c210,1.0,1.0,0.0,0.0009,2.5
r87c212,1.0,0.3711,0.0,0.0206,4.0
r87c214,1.0,0.5646,0.0,0.0553,3.84
r87c215,0.9842,0.376,0.0,0.1002,4.72
r88c147,0.5134,0.8708,0.0,0.0063,2.7
r88c148,0.6614,0.8823,0.0,0.0003,3.21
r88c149,0.6918,0.862,0.0,0.0011,3.43
r88c150,0.7449,0.6435,0.0968,0.0,4.74
r88c151,0.9581,0.9944,0.0,0.0,3.22
r88c152,0.9977,0.6559,0.0,0.0047,4.39
r88c153,1.0,0.5354,0.0,0.0029,4.33
r88c154,0.9994,0.9367,0.0,0.0012,3.23
r88c155,0.9725,0.8973,0.0,0.0103,3.58
r88c156,0.979,0.3615,0.0,0.012,5.58
r88c157,0.9957,0.0805,0.0048,0.002,7.38
r88c158,0.9992,0.694,0.0,0.0041,3.48
r88c167,0.9787,1.0,0.0,0.0,2.5
r88c168,0.9357,1.0,0.0,0.0,2.5
r88c195,1.0,1.0,0.0,0.0032,2.5
r88c196,1.0,1.0,0.0,0.0147,2.5
r88c199,1.0,1.0,0.0,0.0,2.5
r88c200,1.0,1.0,0.0,0.0,2.5
r88c201,1.0,1.0,0.0,0.0,2.5
r88c209,1.0,1.0,0.0,0.0064,2.5
r88c210,1.0,1.0,0.0,0.0166,2.5
r88c212,1.0,0.1675,0.0,0.0573,6.3
r88c213,1.0,0.5966,0.0,0.1326,4.3
r88c214,1.0,0.4392,0.0,0.1481,4.97
r88c215,0.8706,0.4272,0.0,0.0483,5.17
r89c147,0.8673,1.0,0.0,0.005,2.5
r89c148,0.9003,1.0,0.0,0.0027,2.53
r89c149,0.9463,1.0,0.0,0.0,2.5
r89c150,1.0,1.0,0.0,0.0,2.5
r89c152,1.0,1.0,0.0,0.0073,2.52
r89c153,1.0,0.8795,0.0,0.0038,3.28
r89c154,0.9571,0.9188,0.0,0.0021,3.67
r89c155,0.989,0.8605,0.0,0.0691,3.22
r89c156,0.9906,0.675,0.0,0.021,3.76
r89c157,0.9924,0.6629,0.0,0.03,4.15
r89c158,0.999,0.9343,0.0,0.0215,2.79
r89c159,0.9977,0.8492,0.0,0.0,2.95
r89c166,0.9719,1.0,0.0,0.0087,2.5
r89c195,0.9986,1.0,0.0,0.0031,2.5
r89c196,1.0,1.0,0.0,0.005,2.5
r89c205,0.6269,0.8097,0.0,0.0,3.25
r89c206,0.7773,0.8832,0.0,0.012,2.93
r89c208,1.0,1.0,0.0,0.0,2.5
r89c210,0.9262,0.3478,0.0,0.017,4.44
r89c211,0.9752,0.1255,0.0,0.0976,7.45
r89c212,0.9837,0.1172,0.0,0.1152,7.28
r89c213,0.9984,0.2896,0.03,0.0982,6.03
r89c214,0.9969,0.1895,0.0377,0.0461,6.79
r90c133,1.0,1.0,0.0,0.0071,2.5
r90c147,1.0,1.0,0.0,0.0,2.5
r90c148,1.0,1.0,0.0,0.0,2.5
r90c150,1.0,1.0,0.0,0.0019,2.5
r90c151,0.6325,1.0,0.0,0.0,2.5
r90c152,0.9378,1.0,0.0,0.005,2.94
r90c153,1.0,1.0,0.0,0.0042,2.88
r90c154,1.0,1.0,0.0,0.0562,2.51
r90c155,1.0,1.0,0.0,0.1826,2.51
r90c156,1.0,0.3176,0.0,0.0034,5.45
r90c157,1.0,0.769,0.0,0.0003,2.79
r90c158,1.0,0.278,0.0,0.0016,4.74
r90c159,1.0,0.8398,0.0,0.0,2.92
r90c160,1.0,0.7114,0.0,0.0043,3.4
r90c161,1.0,0.7045,0.0,0.0046,3.42
r90c194,1.0,1.0,0.0,0.0,2.5
r90c202,1.0,1.0,0.0,0.0,2.5
r90c203,1.0,0.2661,0.0,0.0097,5.57
r90c204,1.0,0.8572,0.0,0.0473,2.83
r90c205,0.8396,1.0,0.0,0.0246,3.18
r90c206,0.9168,1.0,0.0,0.0181,3.29
r90c208,1.0,1.0,0.0,0.0606,2.5
r90c209,0.95,0.1857,0.0,0.0874,6.07
r90c210,0.9995,0.0138,0.0,0.1108,9.49
r90c211,0.9725,0.0363,0.0,0.1516,9.03
r90c212,0.9622,0.403,0.0,0.157,5.54
r90c213,0.9991,0.2095,0.0431,0.0526,6.57
r91c149,0.9912,1.0,0.0,0.0015,2.5
r91c153,0.8084,1.0,0.0,0.0028,2.5
r91c154,1.0,1.0,0.0,0.0023,2.5
r91c156,1.0,1.0,0.0,0.027,2.5
r91c157,1.0,1.0,0.0,0.0166,2.5
r91c159,1.0,1.0,0.0,0.0361,2.5
r91c160,0.9406,0.6264,0.0,0.1268,3.17
r91c161,0.9825,0.6977,0.0,0.0447,2.92
r91c162,1.0,1.0,0.0,0.0838,2.5
r91c191,1.0,1.0,0.0,0.0014,2.5
r91c198,1.0,1.0,0.0,0.0672,2.5
r91c201,1.0,0.8361,0.0,0.0029,2.75
r91c202,1.0,0.0738,0.074,0.0219,8.76
r91c203,1.0,0.1122,0.0222,0.0325,7.7
r91c204,1.0,1.0,0.0,0.0191,2.67
r91c205,0.9806,1.0,0.0,0.0002,2.67
r91c206,0.933,1.0,0.0,0.0338,2.53
r91c208,1.0,0.1866,0.0622,0.0827,6.28
r91c209,0.9982,0.071,0.0,0.1012,7.78
r91c210,0.9711,0.0534,0.0225,0.0647,8.19
r91c211,0.9832,0.1088,0.0495,0.0608,8.19
r91c212,0.9656,0.1562,0.0231,0.0554,7.52
r91c213,0.9891,0.1555,0.02,0.0404,6.63
r92c132,1.0,1.0,0.0,0.0,2.5
r92c149,1.0,1.0,0.0,0.0,2.5
r92c153,0.6617,1.0,0.0,0.0,2.5
r92c155,1.0,1.0,0.0,0.0,2.5
r92c156,1.0,0.9047,0.0,0.0012,2.64
r92c157,1.0,0.9347,0.0,0.0035,2.61
r92c158,1.0,1.0,0.0,0.0029,2.5
r92c159,1.0,1.0,0.0,0.0685,2.5
r92c160,1.0,1.0,0.0,0.155,2.5
r92c162,0.9609,0.5476,0.0,0.0153,3.12
r92c163,0.9565,0.6058,0.0,0.0012,2.97
r92c164,1.0,1.0,0.0,0.0186,2.5
r92c165,1.0,1.0,0.0,0.0,2.5
r92c167,0.9583,1.0,0.0,0.0,2.5
r92c168,1.0,1.0,0.0,0.0019,2.5
r92c170,1.0,1.0,0.0,0.0057,2.5
r92c171,1.0,1.0,0.0,0.0033,2.65
r92c174,1.0,1.0,0.0,0.0157,2.5
r92c175,1.0,1.0,0.0,0.0203,2.5
r92c176,1.0,1.0,0.0,0.0634,2.5
r92c177,1.0,1.0,0.0,0.046,2.5
r92c194,0.9739,0.6635,0.0,0.005,3.25
r92c196,1.0,1.0,0.0,0.0327,2.5
r92c197,1.0,1.0,0.0,0.0611,2.5
r92c198,1.0,1.0,0.0,0.083,2.5
r92c199,1.0,1.0,0.0,0.0468,2.5
r92c200,1.0,1.0,0.0,0.0045,2.5
r92c201,1.0,0.2406,0.0,0.024,5.98
r92c202,0.995,0.2051,0.0,0.0172,6.81
r92c203,0.9759,0.54,0.0,0.0103,4.57
r92c204,1.0,0.0756,0.0507,0.0087,7.56
r92c205,1.0,0.203,0.0,0.029,5.1
r92c206,1.0,0.1784,0.0,0.0447,5.97
r92c207,1.0,0.1654,0.0,0.0861,6.49
r92c208,1.0,0.3469,0.0,0.1071,5.73
r92c209,1.0,0.2859,0.0369,0.1015,6.33
r92c210,0.9907,0.1543,0.0,0.1139,6.73
r92c211,0.9048,0.1059,0.0,0.0934,7.41
r92c212,0.9409,0.0744,0.1372,0.0935,8.77
r92c213,0.9993,0.1015,0.245,0.0795,9.48
r92c214,0.9988,0.3139,0.0,0.0731,5.81
r92c215,1.0,0.9825,0.0,0.0702,2.64
r92c222,1.0,1.0,0.0,0.0653,2.5
r93c113,1.0,0.8323,0.0,0.0142,3.31
r93c148,1.0,1.0,0.0,0.0,2.5
r93c155,1.0,1.0,0.0,0.0,2.5
r93c156,1.0,1.0,0.0,0.0,2.5
r93c157,1.0,1.0,0.0,0.0027,2.5
r93c158,0.9986,1.0,0.0,0.0002,2.5
r93c159,0.9983,1.0,0.0,0.0,2.5
r93c160,1.0,1.0,0.0,0.0411,2.5
r93c164,1.0,0.3484,0.0,0.0,3.09
r93c165,1.0,0.815,0.0,0.0,2.69
r93c166,1.0,0.9374,0.0,0.0,2.52
r93c167,1.0,0.746,0.0,0.0,2.89
r93c168,1.0,1.0,0.0,0.0006,2.53
r93c169,1.0,0.8311,0.0,0.0005,3.48
r93c170,1.0,0.9735,0.0,0.0022,2.88
r93c171,1.0,1.0,0.0,0.0082,2.75
r93c173,1.0,1.0,0.0,0.0064,2.5
r93c174,1.0,1.0,0.0,0.0277,2.5
r93c175,1.0,1.0,0.0,0.0273,2.5
r93c176,1.0,1.0,0.0,0.0285,2.5
r93c177,1.0,1.0,0.0,0.0373,2.5
r93c178,1.0,1.0,0.0,0.0461,2.5
r93c189,1.0,1.0,0.0,0.0027,2.5
r93c191,1.0,0.3399,0.0,0.0104,4.59
r93c192,1.0,0.6699,0.0,0.0515,3.0
r93c193,1.0,1.0,0.0,0.054,2.5
r93c194,1.0,0.8134,0.0,0.0553,2.95
r93c195,1.0,1.0,0.0,0.1139,2.5
r93c196,1.0,1.0,0.0,0.094,2.5
r93c198,1.0,1.0,0.0,0.0194,2.5
r93c200,1.0,0.9685,0.0,0.0099,2.5
r93c201,1.0,0.2006,0.0,0.0016,5.8
r93c202,1.0,0.2039,0.0,0.0143,5.0
r93c203,1.0,0.8176,0.0,0.0696,2.87
r93c204,0.9962,0.3579,0.0,0.0383,4.71
r93c205,1.0,0.3023,0.0353,0.0874,5.4
r93c206,1.0,0.2085,0.044,0.0723,5.81
r93c207,1.0,0.2589,0.0,0.0521,5.87
r93c208,0.9946,0.2534,0.1078,0.0548,6.71
r93c209,0.9923,0.36,0.1198,0.0882,6.0
r93c210,0.9897,0.2804,0.0,0.0494,5.93
r93c211,0.9933,0.0704,0.0,0.0753,8.17
r93c212,1.0,0.025,0.0,0.0517,9.11
r93c213,0.9998,0.1121,0.0,0.047,7.61
r93c214,0.9968,0.2702,0.0,0.1133,6.21
r93c215,1.0,0.2016,0.0,0.0968,6.95
r93c216,1.0,1.0,0.0,0.0419,2.65
r93c217,0.7823,0.8695,0.0,0.0725,2.82
r93c218,0.9209,0.8617,0.0,0.035,2.84
r94c24,0.9464,1.0,0.0,0.0775,2.5
r94c53,0.9506,1.0,0.0,0.025,2.5
r94c54,0.9742,1.0,0.0,0.0169,2.52
r94c55,0.725,0.7942,0.0295,0.0,3.72
r94c56,0.9977,0.9775,0.0,0.0293,2.51
r94c155,1.0,1.0,0.0,0.025,2.5
r94c156,1.0,1.0,0.0,0.0,2.5
r94c157,1.0,1.0,0.0,0.0,2.5
r94c158,1.0,1.0,0.0,0.0019,2.5
r94c159,1.0,1.0,0.0,0.0112,2.5
r94c160,1.0,1.0,0.0,0.0812,2.5
r94c161,1.0,1.0,0.0,0.0059,2.5
r94c163,1.0,1.0,0.0,0.0,2.5
r94c168,1.0,1.0,0.0,0.0,2.5
r94c174,1.0,0.5931,0.0,0.0201,3.79
r94c175,1.0,0.8654,0.0,0.0055,2.64
r94c176,1.0,1.0,0.0,0.0078,2.5
r94c177,1.0,1.0,0.0,0.0111,2.5
r94c178,1.0,1.0,0.0,0.0157,2.5
r94c179,1.0,1.0,0.0,0.028,2.5
r94c180,1.0,0.9925,0.0,0.0304,2.51
r94c181,1.0,0.8627,0.0,0.0256,2.73
r94c182,1.0,0.9895,0.0,0.0212,2.51
r94c190,0.996,1.0,0.0,0.1221,2.5
r94c191,1.0,0.9331,0.0,0.0657,2.61
r94c192,1.0,0.9451,0.0,0.0461,2.54
r94c193,1.0,1.0,0.0,0.033,2.5
r94c198,1.0,1.0,0.0,0.0268,2.5
r94c200,1.0,0.4338,0.0,0.0093,4.53
r94c201,1.0,0.6404,0.0,0.0252,3.32
r94c202,1.0,1.0,0.0,0.0325,2.5
r94c204,1.0,1.0,0.0,0.0784,2.53
r94c205,1.0,0.1504,0.0,0.0313,5.69
r94c206,1.0,0.3331,0.0,0.117,5.11
r94c207,0.9967,0.9747,0.0025,0.178,2.9
r94c208,0.997,0.507,0.0431,0.1324,4.23
r94c209,0.9332,0.5494,0.0,0.0412,4.48
r94c210,0.9723,0.1248,0.0,0.0814,7.4
r94c211,0.9943,0.1892,0.0,0.1078,6.9
r94c212,0.973,0.2927,0.0,0.0618,5.9
r94c213,0.9927,0.2603,0.0,0.0031,6.24
r94c214,0.8486,0.7013,0.0,0.0358,3.9
r94c215,0.9791,0.5504,0.0,0.0224,4.08
r94c216,1.0,1.0,0.0,0.0078,2.52
r94c217,1.0,1.0,0.0,0.0213,2.5
r94c219,1.0,1.0,0.0,0.0,2.5
r94c220,1.0,1.0,0.0,0.0,2.5
r94c221,1.0,1.0,0.0,0.0003,2.5
r95c53,0.7027,0.8433,0.0,0.0,3.39
r95c54,0.6983,0.7866,0.0,0.0026,3.33
r95c55,0.7171,0.9219,0.0,0.0,3.23
r95c56,0.9475,0.6606,0.0,0.0373,3.63
r95c57,0.9792,1.0,0.0,0.0479,2.63
r95c146,0.9809,0.6549,0.0,0.0,2.96
r95c171,1.0,1.0,0.0,0.0,2.5
r95c176,1.0,1.0,0.0,0.0009,2.5
r95c177,1.0,1.0,0.0,0.0014,2.5
r95c179,1.0,1.0,0.0,0.0333,2.5
r95c180,1.0,0.8756,0.0,0.058,2.81
r95c181,1.0,0.6662,0.0,0.0137,3.05
r95c182,1.0,0.9963,0.0,0.0749,2.51
r95c191,1.0,1.0,0.0,0.0436,2.5
r95c192,1.0,1.0,0.0,0.0336,2.5
r95c193,1.0,1.0,0.0,0.0223,2.5
r95c194,1.0,1.0,0.0,0.0277,2.5
r95c195,1.0,1.0,0.0,0.0379,2.5
r95c198,1.0,1.0,0.0,0.0428,2.5
r95c199,1.0,1.0,0.0,0.0644,2.5
r95c202,1.0,1.0,0.0,0.0051,2.5
r95c204,1.0,1.0,0.0,0.113,2.5
r95c206,1.0,0.6218,0.0,0.1052,3.41
r95c207,1.0,0.2173,0.0539,0.0963,6.01
r95c208,1.0,0.1132,0.0135,0.0857,7.57
r95c209,1.0,0.0505,0.0621,0.0993,8.22
r95c210,1.0,0.0449,0.0056,0.0922,8.41
r95c211,1.0,0.164,0.0,0.0391,7.03
r95c212,1.0,0.8887,0.0,0.0,3.07
r95c213,1.0,0.9672,0.0,0.0,2.73
r95c214,0.5656,0.4421,0.0581,0.0146,5.91
r95c215,0.4268,0.4673,0.0869,0.007,6.19
r95c216,0.2965,0.5074,0.0923,0.0019,5.99
r95c217,0.5163,0.845,0.0,0.0046,3.56
r95c220,1.0,1.0,0.0,0.0011,2.5
r95c221,1.0,1.0,0.0,0.0274,2.5
r95c222,1.0,1.0,0.0,0.0967,2.5
r96c6,0.9132,1.0,0.0,0.0033,2.52
r96c59,0.6885,0.4849,0.0,0.0029,4.87
r96c60,0.5089,0.4349,0.0924,0.0004,6.61
r96c61,0.5409,0.1263,0.3418,0.0042,10.35
r96c62,0.5481,0.2653,0.2051,0.0033,8.97
r96c139,0.9913,1.0,0.0,0.0,2.5
r96c190,1.0,1.0,0.0,0.0201,2.5
r96c191,1.0,1.0,0.0,0.0167,2.5
r96c194,1.0,1.0,0.0,0.0633,2.5
r96c195,1.0,1.0,0.0,0.062,2.5
r96c197,1.0,1.0,0.0,0.0248,2.5
r96c198,1.0,1.0,0.0,0.0165,2.5
r96c199,1.0,1.0,0.0,0.0368,2.5
r96c200,1.0,1.0,0.0,0.0692,2.5
r96c202,1.0,0.6498,0.0,0.0082,3.72
r96c206,1.0,0.119,0.0,0.0266,6.44
r96c207,1.0,0.2121,0.0,0.0625,5.93
r96c208,1.0,0.8442,0.0,0.0871,2.82
r96c209,1.0,0.1928,0.0111,0.0975,6.91
r96c210,1.0,0.0532,0.0247,0.0401,9.22
r96c211,1.0,0.4223,0.1071,0.0177,5.18
r96c212,1.0,0.7618,0.0926,0.0176,3.4
r96c214,0.5828,0.7683,0.0123,0.0039,4.04
r96c215,0.2567,0.458,0.0,0.0006,6.2
r96c216,0.2035,0.1854,0.0,0.001,7.64
r96c217,0.3775,0.5187,0.0,0.001,4.58
r96c218,1.0,1.0,0.0,0.0006,2.5
r96c220,1.0,1.0,0.0,0.0003,2.5
r96c221,1.0,1.0,0.0,0.0005,2.5
r96c222,1.0,1.0,0.0,0.0002,2.5
r97c5,0.8894,1.0,0.0,0.0015,2.68
r97c6,0.8146,1.0,0.0,0.005,2.9
r97c57,0.8292,0.8632,0.0,0.0,2.78
r97c58,0.571,0.4877,0.0,0.0002,4.27
r97c59,0.517,0.2767,0.0,0.0001,5.82
r97c60,0.5599,0.1681,0.583,0.0001,10.28
r97c61,0.6001,0.1385,0.449,0.0065,10.29
r97c62,0.5492,0.3892,0.2021,0.0028,6.49
r97c63,0.4475,0.5232,0.0251,0.0022,4.78
r97c96,0.8599,0.8877,0.0,0.0022,2.9
r97c97,0.8888,0.7224,0.0,0.0006,3.62
r97c179,1.0,1.0,0.0,0.0032,2.5
r97c186,1.0,1.0,0.0,0.0293,2.5
r97c187,1.0,1.0,0.0,0.0179,2.5
r97c188,1.0,1.0,0.0,0.0245,2.5
r97c189,1.0,1.0,0.0,0.0283,2.5
r97c190,1.0,1.0,0.0,0.0204,2.5
r97c194,1.0,1.0,0.0,0.0155,2.5
r97c204,1.0,1.0,0.0,0.0162,2.5
r97c205,1.0,1.0,0.0,0.1093,2.5
r97c208,1.0,0.9535,0.0,0.1512,2.68
r97c209,1.0,0.2859,0.0,0.0622,5.73
r97c210,1.0,0.1982,0.0,0.0171,6.46
r97c211,1.0,1.0,0.0,0.017,2.57
r97c212,1.0,1.0,0.0,0.0966,2.5
r97c216,0.8697,0.9591,0.0,0.0018,2.6
r97c217,1.0,0.9488,0.0,0.0074,2.98
r97c218,1.0,1.0,0.0,0.0091,2.53
r97c220,1.0,1.0,0.0,0.0,2.5
r97c221,1.0,1.0,0.0,0.0013,2.5
r97c222,1.0,1.0,0.0,0.0009,2.5
r97c223,1.0,1.0,0.0,0.0005,2.54
r98c11,1.0,1.0,0.0,0.0,2.5
r98c13,1.0,1.0,0.0,0.0038,2.5
r98c56,1.0,1.0,0.0,0.0822,2.52
r98c57,0.9995,0.7104,0.0,0.038,3.53
r98c58,0.5401,0.529,0.0,0.0156,4.33
r98c59,0.4917,0.593,0.0,0.0002,4.53
r98c61,0.7835,1.0,0.0,0.0259,2.81
r98c62,0.534,0.9532,0.0,0.0078,3.29
r98c63,0.4955,0.9724,0.0,0.0008,2.77
r98c72,1.0,1.0,0.0,0.0231,2.5
r98c91,1.0,1.0,0.0,0.0,2.5
r98c92,1.0,1.0,0.0,0.0086,2.5
r98c93,1.0,1.0,0.0,0.013,2.5
r98c94,1.0,1.0,0.0,0.0005,2.5
r98c96,0.9211,0.7216,0.1573,0.0008,4.19
r98c98,1.0,1.0,0.0,0.0308,2.5
r98c99,0.9663,0.8193,0.0,0.0407,3.01
r98c100,1.0,0.7513,0.0,0.0324,3.27
r98c181,1.0,1.0,0.0,0.0027,2.5
r98c187,1.0,1.0,0.0,0.0289,2.5
r98c188,1.0,1.0,0.0,0.0373,2.5
r98c189,1.0,1.0,0.0,0.0292,2.5
r98c190,1.0,1.0,0.0,0.0369,2.5
r98c191,1.0,1.0,0.0,0.0799,2.5
r98c193,1.0,1.0,0.0,0.043,2.5
r98c194,1.0,1.0,0.0,0.0433,2.5
r98c195,1.0,1.0,0.0,0.0538,2.5
r98c200,1.0,1.0,0.0,0.2201,2.5
r98c205,0.9798,1.0,0.0,0.1286,2.5
r98c209,1.0,0.8742,0.0,0.0006,3.23
r98c210,1.0,0.679,0.0,0.0224,4.22
r98c211,1.0,0.9272,0.0,0.0764,2.97
r98c212,1.0,0.8819,0.0,0.0939,2.8
r98c213,1.0,1.0,0.0,0.0,2.5
r98c214,1.0,1.0,0.0,0.0,2.5
r98c216,1.0,0.5587,0.0,0.0175,4.78
r98c217,1.0,0.6767,0.0,0.0084,4.17
r98c218,1.0,0.8931,0.0,0.0196,3.34
r98c219,1.0,0.231,0.0,0.0538,6.14
r98c220,1.0,0.0929,0.0,0.0737,7.4
r98c221,1.0,0.2769,0.0,0.0867,5.16
r98c222,1.0,0.9325,0.0,0.006,2.59
r98c223,1.0,1.0,0.0,0.0062,2.54
r98c224,1.0,1.0,0.0,0.0129,2.5
r99c12,0.96,1.0,0.0,0.0428,2.97
r99c13,0.9647,1.0,0.0,0.0124,3.39
r99c56,1.0,0.6981,0.0,0.0384,3.46
r99c57,1.0,0.1146,0.0,0.1219,7.72
r99c58,1.0,0.3309,0.0,0.0464,6.0
r99c59,1.0,0.8396,0.0,0.0125,3.17
r99c62,0.8273,0.9818,0.0,0.0019,2.68
r99c63,0.1359,0.5242,0.0,0.0,5.69
r99c98,1.0,0.7944,0.0,0.0028,3.03
r99c99,1.0,0.8841,0.0,0.0263,2.78
r99c100,0.9856,1.0,0.0,0.0784,2.51
r99c102,1.0,1.0,0.0,0.0345,2.5
r99c205,1.0,1.0,0.0,0.0,2.5
r99c206,1.0,1.0,0.0,0.0069,2.5
r99c207,1.0,1.0,0.0,0.0028,2.52
r99c208,1.0,1.0,0.0,0.0147,2.71
r99c209,1.0,1.0,0.0,0.002,3.38
r99c210,1.0,1.0,0.0,0.0992,3.23
r99c211,1.0,0.3755,0.0,0.0088,5.27
r99c212,1.0,0.336,0.0,0.0,5.78
r99c213,1.0,1.0,0.0,0.0442,2.5
r99c216,1.0,0.2394,0.092,0.0596,5.56
r99c217,1.0,0.1209,0.0198,0.0915,7.38
r99c218,1.0,0.1831,0.0,0.0706,6.34
r99c220,1.0,0.9715,0.0,0.073,2.63
r99c221,1.0,0.6388,0.0,0.1072,2.96
r99c222,1.0,1.0,0.0,0.0092,2.5
r99c225,1.0,1.0,0.0,0.0116,2.5
r100c12,0.9985,1.0,0.0,0.0151,3.02
r100c13,0.9257,1.0,0.0,0.0209,2.72
r100c47,0.9494,1.0,0.0,0.0012,2.5
r100c57,1.0,0.7475,0.0,0.0,3.88
r100c58,0.9933,0.9837,0.0,0.003,2.82
r100c62,0.7734,1.0,0.0,0.0,2.5
r100c63,0.9801,1.0,0.0,0.0,2.5
r100c91,0.8921,1.0,0.0,0.0,2.5
r100c94,1.0,1.0,0.0,0.0,2.5
r100c95,1.0,1.0,0.0,0.0003,2.5
r100c96,0.9789,1.0,0.0,0.0,2.5
r100c97,0.9622,0.6406,0.0,0.0024,3.17
r100c98,0.97,0.5195,0.0,0.0028,3.93
r100c113,1.0,1.0,0.0,0.0152,2.5
r100c141,0.9644,1.0,0.0,0.0006,2.5
r100c201,1.0,1.0,0.0,0.0,2.5
r100c202,1.0,1.0,0.0,0.0011,2.5
r100c203,1.0,1.0,0.0,0.0021,2.5
r100c206,1.0,1.0,0.0,0.0011,2.66
r100c207,0.995,0.8579,0.0,0.002,2.75
r100c211,1.0,0.7247,0.0,0.0005,4.16
r100c212,1.0,0.7948,0.0,0.0,3.83
r100c216,1.0,0.4055,0.0,0.0716,3.76
r100c217,1.0,0.2378,0.0391,0.0742,6.66
r100c218,1.0,1.0,0.0,0.0,2.57
r100c219,1.0,1.0,0.0,0.0,2.5
r100c222,1.0,1.0,0.0,0.1026,2.5
r101c13,1.0,1.0,0.0,0.0044,2.5
r101c45,1.0,1.0,0.0,0.0,2.5
r101c47,1.0,1.0,0.0,0.0037,2.5
r101c62,0.9918,0.7793,0.0,0.003,3.99
r101c63,0.9183,0.5111,0.0,0.0063,4.5
r101c98,1.0,0.9974,0.0,0.002,2.6
r101c198,1.0,1.0,0.0,0.0007,2.5
r101c203,1.0,1.0,0.0,0.0,2.5
r101c204,1.0,0.5845,0.1376,0.0,3.53
r101c205,0.9711,0.9183,0.0,0.0019,2.69
r101c206,0.9912,1.0,0.0,0.0038,2.5
r101c207,1.0,1.0,0.0,0.0,2.5
r101c208,1.0,1.0,0.0,0.0,2.5
r101c209,1.0,1.0,0.0,0.0004,2.5
r101c217,1.0,0.4376,0.0,0.0688,4.92
r101c218,1.0,1.0,0.0,0.0037,2.53
r101c219,1.0,1.0,0.0,0.0,2.5
r102c13,1.0,1.0,0.0,0.0033,2.5
r102c62,0.9869,0.7169,0.0,0.0133,3.61
r102c63,0.9925,0.8084,0.0,0.0006,3.05
r102c64,1.0,1.0,0.0,0.0,2.5
r102c200,1.0,1.0,0.0,0.0,2.5
r102c201,1.0,0.6293,0.2021,0.0025,3.85
r102c202,1.0,0.5984,0.1819,0.0,4.02
r102c203,1.0,1.0,0.0,0.0023,2.5
r102c204,1.0,1.0,0.0,0.0157,2.5
r102c205,1.0,1.0,0.0,0.028,2.5
r102c206,1.0,1.0,0.0,0.0221,2.5
r102c207,1.0,1.0,0.0,0.0019,2.5
r102c216,1.0,1.0,0.0,0.0113,2.5
r102c217,0.9335,1.0,0.0,0.0042,2.5
r103c111,0.952,0.9261,0.0,0.0007,2.58
r103c112,0.8226,0.8391,0.0,0.0,2.79
r103c196,1.0,1.0,0.0,0.0005,2.6
r103c197,0.9935,1.0,0.0,0.0006,2.65
r103c202,1.0,1.0,0.0,0.0142,2.5
r103c203,1.0,0.9102,0.0,0.008,2.67
r103c204,1.0,1.0,0.0,0.0274,2.5
r104c37,0.951,1.0,0.0,0.0031,3.26
r104c38,1.0,0.9306,0.0,0.0086,2.97
r104c201,1.0,1.0,0.0,0.0531,2.5
r104c202,1.0,1.0,0.0,0.0454,2.5
r105c36,0.7729,0.8167,0.0,0.0,3.88
r105c37,0.7403,1.0,0.0,0.0005,3.03
r105c64,1.0,1.0,0.0,0.0,2.5
r105c198,1.0,1.0,0.0,0.0305,2.5
r105c199,1.0,1.0,0.0,0.0313,2.5
r106c63,1.0,1.0,0.0,0.0048,2.5
r106c64,0.9735,1.0,0.0,0.0,2.5
r106c196,1.0,1.0,0.0,0.0478,2.5
r107c64,1.0,1.0,0.0,0.0,3.35
r107c65,1.0,0.6994,0.0,0.0,3.62
r107c110,0.5481,0.24,0.0,0.0,6.64
r107c111,0.4634,0.7437,0.0,0.0,4.17
r107c193,1.0,1.0,0.0,0.0265,2.5
r107c194,1.0,1.0,0.0,0.0684,2.5
r107c195,1.0,1.0,0.0,0.0184,2.5
r107c196,1.0,1.0,0.0,0.0253,2.5
r108c64,1.0,0.6083,0.0,0.0006,5.06
r108c65,1.0,0.6814,0.0,0.0015,4.22
r108c110,0.6691,0.8022,0.0,0.0,3.38
r108c111,1.0,1.0,0.0,0.0,2.52
r108c193,1.0,1.0,0.0,0.0314,2.5
r108c194,1.0,1.0,0.0,0.0653,2.5
r108c195,1.0,1.0,0.0,0.0546,2.5
r109c64,0.8794,0.9984,0.0,0.0148,2.76
r109c65,0.7566,0.9606,0.0,0.0522,2.91
r109c116,0.9938,1.0,0.0,0.0087,3.12
r109c117,0.9987,1.0,0.0,0.0069,3.15
r109c194,1.0,0.5971,0.0,0.0075,3.32
r109c195,1.0,0.4947,0.0,0.0089,3.79
r110c64,0.9786,1.0,0.0,0.0169,2.5
r110c65,0.9747,1.0,0.0,0.0237,2.5
r110c106,0.8739,0.9934,0.0,0.0021,2.55
r110c107,0.807,0.5015,0.0,0.0003,4.31
r110c200,1.0,1.0,0.0,0.0959,2.5
r110c201,1.0,1.0,0.0,0.1123,2.5
r111c65,0.9801,0.724,0.0,0.0234,3.82
r111c66,0.9948,0.7449,0.0,0.0194,3.42
r111c105,0.823,0.9816,0.0,0.0217,2.78
r111c106,0.7864,0.4686,0.0281,0.0215,5.46
r111c107,0.6711,0.1913,0.1077,0.0014,8.14
r111c108,0.9345,0.9488,0.0,0.0,2.67
r111c197,1.0,1.0,0.0,0.0913,2.5
r111c198,1.0,1.0,0.0,0.0938,2.5
r111c200,1.0,1.0,0.0,0.0097,2.5
r111c201,1.0,1.0,0.0,0.0664,2.5
r112c65,0.9889,0.5793,0.0,0.0201,4.39
r112c66,0.9664,1.0,0.0,0.0462,3.46
r112c105,0.7087,0.4189,0.163,0.0,5.57
r112c106,0.7333,0.3815,0.1544,0.0,5.64
r112c198,1.0,1.0,0.0,0.0429,2.5
r112c200,1.0,1.0,0.0,0.0398,2.5
r112c201,1.0,1.0,0.0,0.0782,2.5
r113c54,1.0,1.0,0.0,0.0,2.5
r114c53,1.0,1.0,0.0,0.0109,2.5
r114c102,0.8637,0.8496,0.0,0.0,3.03
r114c103,0.8944,0.8875,0.0,0.0117,2.89
r114c114,0.9677,1.0,0.0,0.0,2.5
r115c102,0.7827,0.8847,0.0,0.0012,3.19
r116c69,1.0,1.0,0.0,0.0048,2.5
r116c100,0.9489,0.7591,0.0,0.0024,3.32
r116c101,1.0,0.4783,0.0,0.0041,4.94
r117c68,1.0,1.0,0.0,0.0014,2.5
r117c100,0.7385,0.9723,0.0,0.0005,2.95
r118c70,1.0,1.0,0.0,0.0241,2.5
r118c109,0.9907,0.7083,0.0,0.0154,3.13
r119c106,1.0,1.0,0.0,0.0,2.5
r119c109,1.0,1.0,0.0,0.0394,2.5
r119c110,1.0,1.0,0.0,0.043,2.54
r119c111,1.0,1.0,0.0,0.0095,2.5
r119c112,1.0,1.0,0.0,0.0,2.5
r120c105,1.0,0.74,0.0,0.0498,2.65
r120c106,1.0,0.8332,0.0,0.0369,2.69
r120c107,1.0,1.0,0.0,0.0167,2.5
r120c108,1.0,1.0,0.0,0.0327,2.5
r120c109,1.0,0.7061,0.0,0.0452,3.24
r120c110,1.0,0.5209,0.0,0.0366,4.52
r120c111,1.0,0.4759,0.0,0.0016,4.76
r120c112,1.0,1.0,0.0,0.0,2.56
r120c114,1.0,1.0,0.0,0.0,2.5
r120c115,0.9197,0.9701,0.0,0.0099,2.6
r120c117,1.0,1.0,0.0,0.0,2.5
r120c142,0.8113,0.652,0.0,0.0006,3.25
r120c203,1.0,1.0,0.0,0.0984,2.5
r121c106,1.0,0.5196,0.0,0.0114,3.42
r121c107,1.0,1.0,0.0,0.0178,2.5
r121c108,1.0,1.0,0.0,0.0083,2.5
r121c109,1.0,0.5157,0.0,0.0055,4.54
r121c110,1.0,0.5085,0.0,0.0179,4.65
r121c111,1.0,1.0,0.0,0.016,2.5
r121c112,1.0,1.0,0.0,0.0,2.5
r121c115,0.8455,0.9325,0.0,0.0423,2.99
r121c116,0.9888,1.0,0.0,0.0035,2.56
r121c201,1.0,1.0,0.0,0.0425,2.5
r121c202,1.0,0.5923,0.0,0.0594,3.7
r121c203,1.0,0.528,0.0,0.1042,4.04
r122c109,1.0,1.0,0.0,0.0045,2.62
r122c110,1.0,0.9532,0.0,0.0243,2.71
r122c111,1.0,0.8946,0.0,0.0764,2.7
r122c200,1.0,1.0,0.0,0.0588,2.5
r122c201,1.0,1.0,0.0,0.0351,2.5
r122c202,1.0,0.8426,0.0,0.0587,2.86
r122c203,1.0,0.7854,0.0,0.0908,2.94
r123c94,1.0,1.0,0.0,0.0135,2.5
r123c110,1.0,0.9466,0.0,0.0001,3.44
r123c201,1.0,1.0,0.0,0.1406,2.5
r123c202,1.0,1.0,0.0,0.1853,2.5
r124c110,1.0,0.0864,0.0,0.0005,7.0
r124c111,1.0,0.4078,0.0,0.0002,4.84
r124c198,1.0,1.0,0.0,0.0,2.5
r124c201,1.0,1.0,0.0,0.1564,2.5
r125c90,0.9833,0.9632,0.0,0.0282,2.63
r125c110,1.0,0.4566,0.0,0.0001,5.48
r125c111,1.0,0.9575,0.0,0.0091,3.46
r125c112,1.0,1.0,0.0,0.0006,2.5
r125c113,1.0,1.0,0.0,0.0004,2.5
r126c89,0.9726,0.7577,0.0,0.0266,3.14
r126c90,0.8761,0.7211,0.0,0.0199,3.36
r126c112,1.0,1.0,0.0,0.0,2.5
r126c113,1.0,1.0,0.0,0.0005,2.5
r128c197,1.0,1.0,0.0,0.0201,2.5
r129c197,1.0,1.0,0.0,0.0225,2.5
r130c195,1.0,1.0,0.0,0.0121,2.5
r130c196,1.0,1.0,0.0,0.0205,2.5
r131c196,1.0,1.0,0.0,0.0145,2.5
r132c195,1.0,0.2957,0.0,0.0003,6.22
r132c196,0.9907,0.1836,0.0,0.0065,6.69
r133c194,1.0,0.5513,0.0,0.0052,3.01
r133c195,1.0,0.6389,0.0,0.0071,3.1
r133c196,0.9966,0.7095,0.0,0.017,3.36
r137c114,1.0,1.0,0.0,0.1399,2.5
r137c133,0.8296,0.3569,0.3241,0.0033,5.99
r138c114,1.0,1.0,0.0,0.1308,2.5
r138c136,0.808,1.0,0.0,0.0516,2.54
r139c114,1.0,1.0,0.0,0.1512,2.5
r139c136,0.7894,0.7371,0.0,0.0156,3.46
r139c137,0.7281,0.4426,0.3208,0.0085,5.88
r140c114,1.0,1.0,0.0,0.1552,2.5
r140c140,0.9832,1.0,0.0,0.0,2.58
r141c114,1.0,1.0,0.0,0.1565,2.5
r142c114,1.0,1.0,0.0,0.1573,2.5
r143c114,1.0,1.0,0.0,0.095,2.5
r143c115,1.0,1.0,0.0,0.1684,2.5
r144c114,1.0,1.0,0.0,0.082,2.5
r144c115,1.0,1.0,0.0,0.1164,2.5
r145c109,1.0,1.0,0.0,0.1401,2.5
r145c111,1.0,1.0,0.0,0.0714,2.5
r145c112,0.9643,1.0,0.0,0.0811,2.5
r145c113,1.0,1.0,0.0,0.0553,2.5
r145c114,1.0,1.0,0.0,0.0276,2.5
r145c115,1.0,1.0,0.0,0.081,2.5
r146c108,1.0,1.0,0.0,0.1107,2.5
r146c109,1.0,1.0,0.0,0.0332,2.5
r146c110,1.0,1.0,0.0,0.1012,2.5
r146c111,1.0,1.0,0.0,0.0694,2.5
r146c112,0.9994,1.0,0.0,0.0609,2.5
r146c113,1.0,1.0,0.0,0.1383,2.5
r146c114,1.0,1.0,0.0,0.0445,2.5
r146c115,1.0,1.0,0.0,0.027,2.5
r146c116,1.0,0.7678,0.0,0.0136,2.79
r146c118,1.0,1.0,0.0,0.0307,2.5
r146c119,1.0,1.0,0.0,0.0193,2.5
r146c120,1.0,0.7698,0.0,0.0128,2.68
r146c121,1.0,1.0,0.0,0.0473,2.5
r146c123,1.0,1.0,0.0,0.0278,2.5
r147c104,1.0,1.0,0.0,0.1269,2.5
r147c105,1.0,1.0,0.0,0.0356,2.5
r147c106,1.0,1.0,0.0,0.0711,2.5
r147c108,1.0,1.0,0.0,0.1463,2.5
r147c109,1.0,1.0,0.0,0.031,2.5
r147c111,1.0,1.0,0.0,0.0278,2.5
r147c112,1.0,1.0,0.0,0.0169,2.5
r147c113,1.0,1.0,0.0,0.0575,2.5
r147c114,1.0,1.0,0.0,0.011,2.5
r147c115,1.0,1.0,0.0,0.0107,2.5
r147c116,1.0,1.0,0.0,0.0033,2.5
r147c118,1.0,1.0,0.0,0.0074,2.5
r147c119,1.0,1.0,0.0,0.0048,2.5
r147c121,1.0,1.0,0.0,0.0091,2.5
r147c122,1.0,1.0,0.0,0.032,2.5
r147c123,1.0,1.0,0.0,0.0183,2.5
r147c124,1.0,1.0,0.0,0.0208,2.5
r147c125,1.0,1.0,0.0,0.0914,2.5
r147c126,1.0,1.0,0.0,0.0556,2.5
r148c103,1.0,1.0,0.0,0.0885,2.5
r148c104,1.0,1.0,0.0,0.0699,2.5
r148c105,1.0,1.0,0.0,0.0147,2.5
r148c111,1.0,1.0,0.0,0.0137,2.5
r148c113,1.0,1.0,0.0,0.0,2.5
r148c114,1.0,1.0,0.0,0.0157,2.5
r148c125,1.0,1.0,0.0,0.0096,2.5
r148c126,1.0,1.0,0.0,0.0201,2.5
r149c102,1.0,1.0,0.0,0.0482,2.5
r149c113,1.0,1.0,0.0,0.0114,2.5
r149c125,1.0,0.7381,0.0,0.0042,3.22
r149c126,1.0,1.0,0.0,0.032,2.5
r149c127,1.0,1.0,0.0,0.0083,2.5
r150c128,1.0,1.0,0.0,0.0043,2.5
r150c129,1.0,0.7844,0.0,0.0177,2.78
r150c130,1.0,1.0,0.0,0.0587,2.5
r151c97,1.0,1.0,0.0,0.172,2.5
r151c131,1.0,1.0,0.0,0.0031,2.5
r151c132,1.0,1.0,0.0,0.055,2.5
r152c97,1.0,1.0,0.0,0.0769,2.5
r152c132,1.0,1.0,0.0,0.052,2.5
r153c135,1.0,1.0,0.0,0.0503,2.5
r153c136,1.0,1.0,0.0,0.0543,2.5
r154c95,1.0,1.0,0.0,0.0168,2.5
r154c136,0.9366,1.0,0.0,0.0285,2.5
r155c129,1.0,0.6056,0.0,0.0056,3.3
r155c131,0.9915,1.0,0.0,0.0086,2.5
r155c132,0.9156,1.0,0.0,0.0133,2.5
r155c139,1.0,1.0,0.0,0.1029,2.5
r155c140,1.0,1.0,0.0,0.1015,2.5
r157c122,0.6778,1.0,0.0,0.0012,3.81
r157c123,0.6345,0.9977,0.0,0.001,3.47
r157c124,0.4892,0.8399,0.0,0.0009,3.17
