area,contracts,median_rent,median_rent_per_sqm,villa_contract_share,lat,lng,matched_to,match
AL Athbah,15,264000.0,373.69207772795215,1.0,25.175974,55.4784778,Al Athbah,osm_place
AL MIZHAR FOURTH,5,120000.0,292.13483146067415,1.0,25.2639056,55.4477997,Al Mizhar 4,osm_place
AL QUSAIS,3150,47355.0,590.84375,0.0,25.27917,55.36833,Al Qusais,cells_named
AL TWAR FIFTH,698,51538.07,609.3057607090104,0.015759312320916905,25.2694033,55.3876996,Al Twar 5,osm_place
Abu Hail,246,79379.5,471.41277633614453,0.6626016260162602,25.2860287,55.328865,Abu Hail,osm_place
Al Aweer First,65,170000.0,424.24242424242425,0.9230769230769231,25.1992772,55.5716401,Al Awir 1,osm_place
Al Aweer Second,5,25000.0,333.3333333333333,0.4,25.1652565,55.583541,Al Awir 2,osm_place
Al Bada,1028,75337.5,817.3076923076923,0.2772373540856031,25.2246261,55.2684831,Al Bada'a,osm_place
Al Baraha,840,26500.0,712.3765706346885,0.03333333333333333,25.2809884,55.3195255,Al Baraha,osm_place
Al Barsha First,4477,77000.0,823.4325373485472,0.05785123966942149,25.109134,55.1955266,Al Barsha 1,osm_place
Al Barsha Second,79,350000.0,308.4648493543759,1.0,25.1023751,55.2160653,Al Barsha 2,osm_place
Al Barsha South Fifth,1109,66000.0,909.0909090909091,0.16771866546438233,25.0463175,55.1898328,Al Barsha South 5,osm_place
Al Barsha South Fourth,12545,63000.0,961.5384615384615,0.027341570346751692,25.0571859,55.2083161,Al Barsha South 4,osm_place
Al Barsha Third,72,375000.0,330.9425339931855,1.0,25.092612,55.1967007,Al Barsha 3,osm_place
Al Barshaa South First,47,300000.0,401.4583333333333,1.0,25.0901531,55.2352191,Al Barsha South 1,osm_place
Al Barshaa South Second,623,70000.0,934.492103541725,0.15730337078651685,25.0697267,55.2261173,Al Barsha South 2,osm_place
Al Barshaa South Third,5120,60000.0,908.4318950075661,0.0,25.0610805,55.2417407,Al Barsha South 3,osm_place
Al Buteen,133,46200.0,875.9189750155183,0.0,25.2693607,55.2998713,Al Buteen,osm_place
Al Dhagaya,211,42000.0,1110.8737956239024,0.004739336492890996,,,,unmatched
Al Garhoud,609,82000.0,756.3025210084033,0.2594417077175698,25.2406551,55.3519978,Al Garhoud,osm_place
Al Goze First,84,100000.0,418.3826894162254,0.6666666666666666,25.1681196,55.2543081,Al Quoz 1,osm_place
Al Goze Fourth,695,46305.0,731.5045719035744,0.014388489208633094,25.1508742,55.2540843,Al Quoz 4,osm_place
Al Goze Industrial Second,1845,51150.0,603.3974283354961,0.0,25.1339771,55.247928,Al Quoz Industrial 2,osm_place
Al Goze Industrial Third,4,360000.0,1065.1856842880957,0.0,25.125063,55.2183603,Al Quoz Industrial 3,osm_place
Al Goze Third,266,35000.0,761.497695554061,0.0,25.1587525,55.2428174,Al Quoz 3,osm_place
Al Hamriya,1150,57000.0,800.0,0.0017391304347826088,25.2599297,55.3031938,Al Hamriya,osm_place
Al Hebiah Fifth,2994,60000.0,818.1818181818181,0.15564462257849032,25.0062843,55.2425394,Al Hebiah 5,osm_place
Al Hebiah First,641,80000.0,774.7090625000001,0.059282371294851796,25.0486208,55.2403706,Al Hebiah 1,osm_place
Al Hebiah Fourth,3714,55000.0,860.3400850212554,0.1494345718901454,25.0334367,55.2205444,Al Hebiah 4,osm_place
Al Hebiah Second,667,60000.0,999.6717005909389,0.004497751124437781,25.0357683,55.2458412,Al Hebiah 2,osm_place
Al Hebiah Sixth,430,190000.0,855.2571772294646,0.9255813953488372,25.0202874,55.2697761,Al Hebiah 6,osm_place
Al Hebiah Third,1828,65100.0,1042.4676395813615,0.23796498905908095,25.0171721,55.2553972,Al Hebiah 3,osm_place
Al Hudaiba,510,74156.25,655.8410082404266,0.023529411764705882,25.2428328,55.279212,Al Hudaiba,osm_place
Al Jadaf,2762,73500.0,912.5665512344351,0.0,25.2142622,55.3245395,Al Jadaf,osm_place
Al Jafliya,164,99000.0,538.6143410852713,0.49390243902439024,25.23917,55.28833,Al Jafiliya,cells_named
Al Karama,3070,63272.0,714.217292664482,0.0,25.2482136,55.3050609,Karama,osm_place
Al Khabeesi,27,51840.0,412.0571086859022,0.07407407407407407,25.2680638,55.3359972,Al Khabisi,osm_place
Al Khairan First,10194,110000.0,1290.0,9.809691975671964e-05,25.2005,55.352,Dubai Creek Harbour,alias
Al Khawaneej First,64,247500.0,316.05562579013906,1.0,25.2407108,55.4890201,Al Khawaneej 1,osm_place
Al Khawaneej Second,52,200000.0,465.47735226813836,0.7884615384615384,25.2269753,55.5215613,Al Khawaneej 2,osm_place
Al Kheeran,236,145000.0,881.5801376678701,0.01694915254237288,25.2152399,55.3639198,Al Kheeran,osm_place
Al Kifaf,230,138000.0,1075.9299108515215,0.0,25.2345845,55.2971134,Al Kifaf,osm_place
Al Lusaily,44,38794.0,756.6723377194933,0.045454545454545456,24.9185792,55.444718,Al Lesaily,osm_place
Al Mamzer,1531,66150.0,586.5921787709498,0.007838014369693011,25.3005332,55.3596332,Al Mamzar,osm_place
Al Manara,110,287500.0,473.1182795698925,1.0,25.1448185,55.2144527,Al Manara,osm_place
Al Mararr,2119,35000.0,800.0,0.0,25.2765621,55.3088749,Al Murar,osm_place
Al Marmoom,6,60000.0,1935.483870967742,0.0,24.9756162,55.4517933,Al Marmoom,osm_place
Al Merkadh,4755,72000.0,1324.6382718565314,0.02124079915878023,25.169213,55.2924727,MBR- Al Merkad,osm_place
Al Mizhar First,40,200000.0,200.44543429844097,1.0,25.2453456,55.4401969,Al Mizhar 1,osm_place
Al Mizhar Second,22,162000.16,263.2711621233859,1.0,25.2431351,55.4607968,Al Mizhar 2,osm_place
Al Mizhar Third,21,150000.0,219.10604732690624,1.0,25.2635292,55.4648198,Al Mizhar 3,osm_place
Al Murqabat,3341,66000.0,729.8332094273609,0.001197246333433104,25.2653508,55.3226201,Al Muraqqabat,osm_place
Al Muteena,1430,53000.0,750.0,0.025874125874125874,25.2741549,55.3225565,Al Muteena,osm_place
Al Nahda First,3266,58000.0,582.1754664549424,0.0,25.290288,55.3641471,Al Nahda 1,osm_place
Al Nahda Second,4235,53000.0,583.3333333333334,0.0,25.2913041,55.3744578,Al Nahda 2,osm_place
Al Qusais Industrial Fifth,1709,48000.0,512.6014523707817,0.0,25.2870378,55.4136842,Al Qusais Industrial 5,osm_place
Al Qusais Industrial First,449,45000.0,711.222508898946,0.0,25.285531,55.3860582,Al Qusais Industrial 1,osm_place
Al Qusais Industrial Fourth,218,50000.0,566.9150528451926,0.0,25.2923312,55.3993786,Al Qusais Industrial 4,osm_place
Al Qusais Industrial Second,188,50000.0,481.14689709348,0.0,25.281887,55.3930667,Al Qusais Industrial 2,osm_place
Al Qusais Industrial Third,103,58000.0,677.5700934579439,0.0,25.2973305,55.3902334,Al Qusais Industrial 3,osm_place
Al Raffa,2087,60000.0,686.699659758738,0.0019166267369429804,25.2542057,55.2879667,Al Raffa,osm_place
Al Ras,182,55000.0,956.8233464896543,0.0,25.2691524,55.2965792,Al Ras,osm_place
Al Rashidiya,281,80000.0,538.9221556886228,0.6227758007117438,25.3969159,55.4472268,Al Rashidiya,osm_place
Al Rega,530,60000.0,810.4674779689468,0.0,25.2672384,55.312186,Al Rigga,osm_place
Al Rowaiyah First,144,21600.0,890.3013009327442,0.0,25.1257628,55.4331735,Al Rowaiyah 1,osm_place
Al Rowaiyah Third,64,95000.0,635.1116459419708,0.84375,25.1142777,55.4778109,Al Rowaiyah 3,osm_place
Al Sabkha,69,40000.0,901.3412816691506,0.0,25.2700269,55.302361,Al Sabkha,osm_place
Al Saffa First,386,193200.0,847.0968901671761,0.5466321243523317,25.1774533,55.2389124,Al Safa 1,osm_place
Al Saffa Second,116,230500.0,707.9569065991479,0.8706896551724138,25.1597638,55.2263876,Al Safa 2,osm_place
Al Safouh First,206,105000.0,871.9105918317085,0.32038834951456313,25.1195886,55.1824832,Al Sufouh 1,osm_place
Al Safouh Second,278,176041.44,722.6816267438799,0.5827338129496403,25.0983566,55.1611169,Al Sufouh 2,osm_place
Al Satwa,1686,75000.0,942.4218951717016,0.025504151838671413,25.2208602,55.2737617,Al Satwa,osm_place
Al Suq Al Kabeer,1546,42000.0,826.7195767195767,0.000646830530401035,,,,unmatched
Al Thanayah Fourth,889,208500.0,722.155355985557,1.0,25.0643727,55.1751883,Al Thanyah 4,osm_place
Al Thanyah Fifth,3529,90000.0,1033.1467929401636,0.10824596202890337,25.0636542,55.1411116,Al Thanyah 5,osm_place
Al Thanyah First,1692,80000.0,892.8571428571429,0.00591016548463357,25.0981417,55.1765049,Al Thanyah 1,osm_place
Al Thanyah Third,1382,113522.5,1136.6065322957702,0.09479015918958032,25.0859166,55.164938,Al Thanyah 3,osm_place
Al Ttay,32,40000.0,613.3088009812941,0.0,25.2321563,55.5563174,Al Ttay,osm_place
Al Twar First,103,61500.0,559.7850425436633,0.18446601941747573,25.271464,55.3627031,Al Twar 1,osm_place
Al Twar Fourth,18,126000.0,248.66697948214818,1.0,25.2592789,55.399233,Al Twar 4,osm_place
Al Twar Second,14,176365.5,270.1829924650161,1.0,25.2615949,55.3818201,Al Twar 2,osm_place
Al Twar Third,20,165000.0,157.81922525107603,1.0,25.2486566,55.395005,Al Twar 3,osm_place
Al Waheda,80,120000.0,286.42767031118586,0.95,25.2915387,55.3373622,Al Waheda,osm_place
Al Warqa First,2913,56000.0,636.4184676803272,0.0,25.1890201,55.4308318,Al Warqa,osm_base_name
Al Warqa Fourth,32,200000.0,246.92223780582827,1.0,25.1890201,55.4308318,Al Warqa,osm_base_name
Al Warqa Second,21,215000.0,234.7826086956522,1.0,25.1890201,55.4308318,Al Warqa,osm_base_name
Al Warqa Third,40,200714.0,242.58760107816713,1.0,25.1890201,55.4308318,Al Warqa,osm_base_name
Al Warsan First,6948,38000.0,633.8476854156296,0.01583189407023604,25.1654854,55.4083966,Warsan 1,osm_place
Al Warsan Second,30,260000.0,716.1337496262563,1.0,25.1604359,55.4391413,Warsan 2,osm_place
Al Warsan Third,74,38000.0,571.4718009364519,0.0,25.1514084,55.4657417,Warsan 3,osm_place
Al Wasl,682,190000.0,1369.0169543654608,0.12903225806451613,25.1959326,55.2557371,Al Wasl,osm_place
Al Yelayiss 1,485,165000.0,646.5749488128166,1.0,25.0178791,55.3098345,Al Yalayis 1,osm_place
Al Yelayiss 2,2350,75000.0,954.5454545454545,0.26340425531914896,24.9971296,55.2901391,Al Yalayis 2,osm_place
Al Yelayiss 5,1,165000.0,557.4324324324324,1.0,24.9721946,55.2660543,Al Yalayis 5,osm_place
Al Yufrah 1,283,135000.0,747.1264367816092,1.0,25.0024131,55.432676,Al Yufrah 1,osm_place
Al Yufrah 2,22,86500.0,534.723163841808,1.0,24.9664358,55.3897669,Al Yufrah 2,osm_place
Al Yufrah 3,21,80000.0,528.0,1.0,,,,unmatched
Al-Cornich,394,109421.815,894.342304579379,0.0,25.2775726,55.3031922,Al Corniche,osm_place
Bukadra,36,95550.0,624.1385251550655,0.0,25.1768604,55.3261997,Bukadra,osm_place
Burj Khalifa,8436,162750.0,1600.0,0.0005926979611190138,25.196,55.278,Downtown Dubai,alias
Business Bay,8668,85000.0,1169.3171697595812,0.00046146746654360867,25.1794564,55.2683707,Business Bay,osm_place
Dubai Investment Park First,1244,60000.0,694.2149518983623,0.07636655948553055,24.9877706,55.1651608,Dubai Investment Park 1,osm_place
Dubai Investment Park Second,825,42000.0,748.1296758104738,0.0,24.9739345,55.210833,Dubai Investment Park 2,osm_place
Eyal Nasser,505,34000.0,1181.9416276051088,0.0,25.2745019,55.3041125,Ayal Nasir,osm_place
Ghadeer Al tair,36,300404.315,330.88235294117646,1.0,25.1509135,55.2720063,Ghadeer Al Tair,osm_place
Grayteesah,10,52500.0,1363.0033154117386,0.0,24.8553502,55.5149662,Grayteesah,osm_place
Hadaeq Sheikh Mohammed Bin Rashid,2925,130000.0,1326.053042121685,0.27897435897435896,25.0997729,55.2691819,Hadaeq Sheikh Mohammed Bin Rashid,osm_place
Hatta,11,25000.0,384.9798625918029,0.45454545454545453,24.8,56.128,Hatta,alias
Hessyan First,154,67213.0,596.5416541678801,0.4155844155844156,24.9565719,55.0213917,Hessyan 1,osm_place
Hor Al Anz,1985,38000.0,500.0,0.05037783375314862,25.2782987,55.3395005,Hor Al Anz,osm_place
Hor Al Anz East,991,58000.0,618.3944232066561,0.018163471241170535,25.2822545,55.348484,Hor Al Anz East,osm_place
Island 2,27,710000.0,3051.168927555354,0.4074074074074074,25.044,55.16,Jumeirah Islands,alias
Jabal Ali,5,68000.0,622.2222222222222,0.2,25.0338168,55.1366041,Jabal Ali,osm_place
Jabal Ali First,7838,64000.0,840.1519788817261,0.08892574636386834,25.0202567,55.136831,Jabal Ali 1,osm_place
Jabal Ali Industrial First,275,34500.0,868.4895833333334,0.0,24.9985748,55.1215037,Jabal Ali Industrial 1,osm_place
Jabal Ali Industrial Second,505,48000.0,1079.1666666666667,0.0,24.9546887,55.1050758,Jabal Ali Industrial 2,osm_place
Jumeirah First,834,152625.0,938.5566559063304,0.31534772182254195,25.219343,55.2578183,Jumeirah 1,osm_place
Jumeirah Second,202,220701.0,922.509225092251,0.7920792079207921,25.2008309,55.2452019,Jumeirah 2,osm_place
Jumeirah Third,218,252500.0,693.6279810471266,0.8761467889908257,25.1806855,55.2282258,Jumeirah 3,osm_place
Lehbab First,6,20000.0,745.2773792443807,0.16666666666666666,25.0445193,55.6072767,Lehbab 1,osm_place
Lehbab Second,3,35000.0,489.5104895104895,0.0,25.0294035,55.5547987,Lehbab 2,osm_place
Madinat Al Mataar,3258,66500.0,833.3333333333334,0.18631062001227747,24.9046204,55.1509855,Madinat Al Mataar,osm_place
Madinat Dubai Almelaheyah,568,81254.24,741.107894774428,0.0,25.264,55.277,Mina Rashid,alias
Madinat Hind 3,23,210000.0,497.3715336658354,1.0,25.0325537,55.4220384,Madinat Hind 3,osm_place
Madinat Hind 4,1737,90000.0,669.6428571428571,0.8883131836499712,25.0077718,55.3681454,Madinat Hind 4,osm_place
Mankhool,3034,80000.0,750.0,0.005273566249176005,25.2495092,55.2954769,Al Mankhool,osm_place
Margham,2,33000.0,1219.8214285714287,0.0,24.899518,55.6254536,Margham,osm_place
Marsa Dubai,6971,115000.0,1123.5955056179776,0.002869028833739779,25.0805,55.1403,Dubai Marina,alias
Me'Aisem First,5013,64000.0,974.1163373225717,0.02712946339517255,25.0160001,55.1859115,Me'aisem 1,osm_place
Mirdif,3140,90000.0,546.0251046025105,0.47929936305732485,25.2218433,55.4231473,Mirdif,osm_place
Muhaisanah First,130,105000.0,875.0,0.1,25.2445037,55.4181049,Muhaisanah 1,osm_place
Muhaisanah Fourth,2928,40950.0,483.47125472094007,0.0,25.2790475,55.4079106,Muhaisanah 4,osm_place
Muhaisanah Third,10,150000.0,265.06024096385545,1.0,25.2710559,55.4048764,Muhaisanah 3,osm_place
Muragab,1,105882.35,352.9411666666667,0.0,25.2653508,55.3226201,Al Muraqqabat,osm_place
Mushrif,8,300000.0,605.6943069621057,1.0,25.2139744,55.450147,Mushrif,osm_place
Nad Al Hamar,921,63525.0,630.9342055221723,0.02714440825190011,25.1988837,55.3857707,Nadd Al Hamar,osm_place
Nad Al Shiba First,876,105000.0,957.927691983942,0.15296803652968036,25.1421242,55.3194751,Nadd Al Sheba 1,osm_place
Nad Al Shiba Fourth,40,345000.25,539.568345323741,1.0,25.1358653,55.3633923,Nadd Al Sheba 4,osm_place
Nad Al Shiba Second,15,50000.0,525.0,0.4,25.1565887,55.3500747,Nadd Al Sheba 2,osm_place
Nad Al Shiba Third,271,236000.0,534.0173175007574,1.0,25.151424,55.3753271,Nadd Al Sheba 3,osm_place
Nad Shamma,7,130000.0,165.0,1.0,25.2159562,55.3856891,Nadd Shamma,osm_place
Nadd Hessa,5086,55000.0,736.3203806502775,0.06390090444357059,25.1219309,55.3850506,Nadd Hessa,osm_place
Naif,1567,35000.0,918.3664265015955,0.0006381620931716656,25.2717632,55.3103167,Naif,osm_place
Oud Metha,1066,80000.0,726.9398524581336,0.0,25.2361516,55.3115605,Oud Metha,osm_place
Palm Deira,7,120000.0,824.7422680412371,0.0,25.29917,55.29833,Palm Deira,cells_named
Palm Jumeirah,1421,195000.0,1300.2364066193854,0.08655876143560873,25.1124,55.139,Palm Jumeirah,alias
Port Saeed,624,70000.0,749.2507763975156,0.027243589743589744,25.2533081,55.3318918,Port Saeed,osm_place
Ras Al Khor Industrial First,5,55550.0,1111.545988258317,0.0,25.1768013,55.3392998,Ras Al Khor Industrial 1,osm_place
Ras Al Khor Industrial Second,32,55500.0,758.138934303536,0.0,,,,unmatched
Ras Al Khor Industrial Third,1272,60000.0,553.0421216848674,0.0,25.1737427,55.3813574,Ras Al Khor Industrial 3,osm_place
Rega Al Buteen,224,105500.0,608.274639592574,0.0,,,,unmatched
Saih Shuaib 1,39,56000.0,512.109375,0.38461538461538464,24.8947657,55.0013979,Saih Shuaib 1,osm_place
Saih Shuaib 2,472,48000.0,840.4586619575464,0.07203389830508475,24.8675976,55.0545162,Saih Shuaib 2,osm_place
Saih Shuaib 4,1,71323.56,2377.4519999999998,0.0,24.8237065,55.0961057,Saih Shuaib 4,osm_place
Trade Center First,1294,115000.0,882.3392828850682,0.0,25.2195789,55.2781467,Trade Centre 1,osm_place
Trade Center Second,596,108569.62,952.2058823529412,0.0,25.219146,55.2863451,Trade Centre 2,osm_place
Um Al Sheif,61,170500.0,1045.9924812030076,0.47540983606557374,25.1319978,55.204668,Umm Al Sheif,osm_place
Um Hurair First,345,68250.0,764.7058823529412,0.0,25.2559475,55.3086012,Umm Hurair 1,osm_place
Um Hurair Second,186,86715.0,722.869046732683,0.0,25.2374067,55.3213344,Umm Hurair 2,osm_place
Um Ramool,86,105962.0,746.9787277134126,0.046511627906976744,25.2311645,55.3685667,Umm Ramool,osm_place
Um Suqaim First,193,264000.0,659.7845601436265,0.9948186528497409,25.1647586,55.2187285,Umm Suqeim 1,osm_place
Um Suqaim Second,227,216620.25,643.5964912280701,0.8325991189427313,25.1500937,55.2057455,Umm Suqeim 2,osm_place
Um Suqaim Third,399,168000.0,1397.0588235294117,0.2681704260651629,25.1375268,55.1957658,Umm Suqeim 3,osm_place
Wadi Al Amardi,14,217350.0,537.9950495049505,1.0,25.20929,55.4879092,Wadi Al Amardi,osm_place
Wadi Al Safa 2,1669,53800.0,754.6356188012073,0.05392450569203116,25.0998539,55.3520497,Wadi Al Safa 2,osm_place
Wadi Al Safa 3,1366,69500.0,791.5552584670231,0.18374816983894582,25.1040563,55.3114257,Wadi Al Safa 3,osm_place
Wadi Al Safa 4,47,72000.0,866.0820612753058,0.19148936170212766,25.0769255,55.318421,Wadi Al Safa 4,osm_place
Wadi Al Safa 5,3800,64000.0,740.835355728701,0.38263157894736843,25.0833637,55.3730124,Wadi Al Safa 5,osm_place
Wadi Al Safa 6,438,262300.0,610.8708935741361,1.0,25.0492848,55.2657205,Wadi Al Safa 6,osm_place
Wadi Al Safa 7,1056,150000.0,787.1018026300012,0.8276515151515151,25.0352976,55.2826859,Wadi Al Safa 7,osm_place
Warsan Fourth,2604,46000.0,722.2764534015736,0.0,25.1404144,55.4113967,Warsan 4,osm_place
Zaabeel First,45,430000.0,2685.4048247773353,0.0,25.2098336,55.2979659,Zabeel,osm_base_name
Zaabeel Second,385,150000.0,1456.2492085602128,0.0,25.2049558,55.2972924,Za'abeel 2,osm_place
