branch_id,level,circles,full_circles,full_share
al-ain,low,31,9,0.2903
al-ain,medium,84,22,0.2619
al-ain,high,94,23,0.2447
al-barsha,low,39,28,0.7179
al-barsha,medium,92,53,0.5761
al-barsha,high,139,72,0.518
al-dhafra,low,19,2,0.1053
al-dhafra,medium,41,2,0.0488
al-dhafra,high,41,2,0.0488
al-falah,low,21,4,0.1905
al-falah,medium,60,8,0.1333
al-falah,high,100,17,0.17
al-jada,low,16,7,0.4375
al-jada,medium,48,20,0.4167
al-jada,high,90,52,0.5778
al-maqta,low,29,15,0.5172
al-maqta,medium,70,27,0.3857
al-maqta,high,121,39,0.3223
al-taif-mall,low,18,5,0.2778
al-taif-mall,medium,47,7,0.1489
al-taif-mall,high,53,9,0.1698
baniyas,low,27,4,0.1481
baniyas,medium,75,13,0.1733
baniyas,high,106,24,0.2264
city-walk,low,30,24,0.8
city-walk,medium,65,48,0.7385
city-walk,high,119,76,0.6387
delma,low,22,13,0.5909
delma,medium,41,16,0.3902
delma,high,68,25,0.3676
jumeirah-park,low,20,17,0.85
jumeirah-park,medium,67,33,0.4925
jumeirah-park,high,98,41,0.4184
khaleej-al-arabi,low,15,9,0.6
khaleej-al-arabi,medium,31,15,0.4839
khaleej-al-arabi,high,49,18,0.3673
khalifa-city-a,low,29,13,0.4483
khalifa-city-a,medium,73,20,0.274
khalifa-city-a,high,140,35,0.25
ministries-complex,low,25,12,0.48
ministries-complex,medium,54,24,0.4444
ministries-complex,high,102,37,0.3627
mirdif-35,low,23,14,0.6087
mirdif-35,medium,67,40,0.597
mirdif-35,high,123,69,0.561
mohammed-bin-zayed-city,low,29,13,0.4483
mohammed-bin-zayed-city,medium,63,23,0.3651
mohammed-bin-zayed-city,high,122,35,0.2869
nad-al-sheba,low,29,15,0.5172
nad-al-sheba,medium,75,40,0.5333
nad-al-sheba,high,126,65,0.5159
noya-plaza,low,18,6,0.3333
noya-plaza,medium,47,11,0.234
noya-plaza,high,111,24,0.2162
ras-al-khaimah,low,21,7,0.3333
ras-al-khaimah,medium,47,14,0.2979
ras-al-khaimah,high,51,15,0.2941
shahama,low,25,8,0.32
shahama,medium,71,13,0.1831
shahama,high,120,24,0.2
shakhbout-city,low,34,7,0.2059
shakhbout-city,medium,86,20,0.2326
shakhbout-city,high,134,30,0.2239
westyas,low,24,6,0.25
westyas,medium,54,12,0.2222
westyas,high,111,26,0.2342
zawaya-walk,low,22,21,0.9545
zawaya-walk,medium,56,43,0.7679
zawaya-walk,high,97,62,0.6392
zayed-international-airport,low,25,9,0.36
zayed-international-airport,medium,59,17,0.2881
zayed-international-airport,high,128,29,0.2266
