branch_id,circles,full_circles,full_share
al-ain,64,12,0.1875
al-barsha,71,42,0.5915
al-dhafra,41,2,0.0488
al-falah,60,8,0.1333
al-jada,37,18,0.4865
al-maqta,70,27,0.3857
al-taif-mall,41,6,0.1463
baniyas,75,13,0.1733
city-walk,53,40,0.7547
delma,41,16,0.3902
jumeirah-park,51,25,0.4902
khaleej-al-arabi,31,15,0.4839
khalifa-city-a,72,20,0.2778
ministries-complex,54,24,0.4444
mirdif-35,57,35,0.614
mohammed-bin-zayed-city,63,23,0.3651
nad-al-sheba,62,33,0.5323
noya-plaza,47,11,0.234
ras-al-khaimah,42,12,0.2857
shahama,66,13,0.197
shakhbout-city,86,20,0.2326
westyas,54,12,0.2222
zawaya-walk,38,29,0.7632
zayed-international-airport,58,17,0.2931
