purpose,lat,lng,radius_m,results,full
catchment,23.415988,53.769276,1800,0,False
catchment,23.440312,53.753998,1800,0,False
catchment,23.464637,53.738713,1800,0,False
catchment,23.488961,53.723423,1800,0,False
catchment,23.488961,53.754048,1800,0,False
catchment,23.513285,53.738759,1800,0,False
catchment,23.53761,53.723463,1800,0,False
catchment,23.53761,53.754099,1800,0,False
catchment,23.53761,53.784736,1800,0,False
catchment,23.561934,53.708162,1800,0,False
catchment,23.561934,53.738804,1800,0,False
catchment,23.561934,53.769446,1800,0,False
catchment,23.586258,53.692855,1800,0,False
catchment,23.586258,53.723503,1800,0,False
catchment,23.586258,53.75415,1800,0,False
catchment,23.610583,53.677543,1800,0,False
catchment,23.610583,53.708196,1800,14,False
catchment,23.610583,53.738849,1800,0,False
catchment,23.610583,53.769503,1800,0,False
catchment,23.634907,53.631566,1800,1,False
catchment,23.634907,53.662225,1800,0,False
catchment,23.634907,53.692884,1800,5,False
catchment,23.634907,53.723543,1800,9,False
catchment,23.634907,53.754202,1800,0,False
catchment,23.659231,53.616236,1800,1,False
catchment,23.659231,53.646901,1800,0,False
catchment,23.659231,53.677565,1800,0,False
catchment,23.659231,53.70823,1800,20,True
catchment,23.659231,53.738895,1800,20,True
catchment,23.659231,53.76956,1800,0,False
catchment,23.683556,53.631571,1800,0,False
catchment,23.683556,53.662242,1800,0,False
catchment,23.683556,53.692912,1800,0,False
catchment,23.683556,53.723583,1800,0,False
catchment,23.683556,53.754253,1800,0,False
catchment,23.70788,53.646912,1800,0,False
catchment,23.70788,53.677588,1800,0,False
catchment,23.70788,53.708264,1800,0,False
catchment,23.732204,53.662259,1800,0,False
catchment,23.732204,53.692941,1800,0,False
catchment,23.732204,53.723623,1800,0,False
catchment,24.121393,55.693514,1800,14,False
catchment,24.121393,55.724288,1800,14,False
catchment,24.145718,55.555398,1800,0,False
catchment,24.145718,55.586178,1800,0,False
catchment,24.145718,55.616958,1800,0,False
catchment,24.145718,55.647739,1800,5,False
catchment,24.145718,55.678519,1800,6,False
catchment,24.145718,55.709299,1800,19,False
catchment,24.145718,55.74008,1800,2,False
catchment,24.170042,55.540374,1800,0,False
catchment,24.170042,55.57116,1800,0,False
catchment,24.170042,55.601946,1800,9,False
catchment,24.170042,55.632732,1800,8,False
catchment,24.170042,55.663519,1800,5,False
catchment,24.170042,55.694305,1800,5,False
catchment,24.170042,55.725091,1800,14,False
catchment,24.170042,55.755877,1800,20,True
catchment,24.194366,54.693959,1800,0,False
catchment,24.194366,55.494552,1800,0,False
catchment,24.194366,55.525345,1800,2,False
catchment,24.194366,55.556137,1800,0,False
catchment,24.194366,55.586929,1800,5,False
catchment,24.194366,55.617721,1800,17,False
catchment,24.194366,55.648513,1800,20,True
catchment,24.194366,55.679305,1800,17,False
catchment,24.194366,55.710097,1800,4,False
catchment,24.194366,55.740889,1800,20,True
catchment,24.218691,54.432382,1800,0,False
catchment,24.218691,54.46318,1800,0,False
catchment,24.218691,54.617169,1800,0,False
catchment,24.218691,54.647967,1800,0,False
catchment,24.218691,54.678765,1800,0,False
catchment,24.218691,54.709563,1800,0,False
catchment,24.218691,54.740361,1800,1,False
catchment,24.218691,54.771159,1800,1,False
catchment,24.218691,54.801957,1800,1,False
catchment,24.218691,54.832755,1800,0,False
catchment,24.218691,55.448714,1800,0,False
catchment,24.218691,55.479512,1800,0,False
catchment,24.218691,55.51031,1800,0,False
catchment,24.218691,55.541108,1800,20,True
catchment,24.218691,55.571906,1800,15,False
catchment,24.218691,55.602704,1800,1,False
catchment,24.218691,55.633502,1800,6,False
catchment,24.218691,55.6643,1800,15,False
catchment,24.218691,55.695098,1800,20,True
catchment,24.218691,55.725896,1800,20,True
catchment,24.218691,55.756694,1800,20,True
catchment,24.243015,54.44794,1800,0,False
catchment,24.243015,54.478743,1800,1,False
catchment,24.243015,54.601959,1800,0,False
catchment,24.243015,54.632763,1800,7,False
catchment,24.243015,54.663566,1800,0,False
catchment,24.243015,54.69437,1800,0,False
catchment,24.243015,54.725174,1800,5,False
catchment,24.243015,54.755978,1800,0,False
catchment,24.243015,54.786782,1800,0,False
catchment,24.243015,55.526074,1800,0,False
catchment,24.243015,55.556878,1800,3,False
catchment,24.243015,55.587681,1800,0,False
catchment,24.243015,55.618485,1800,0,False
catchment,24.243015,55.649289,1800,0,False
catchment,24.243015,55.680093,1800,12,False
catchment,24.243015,55.710897,1800,20,True
catchment,24.243015,55.741701,1800,20,True
catchment,24.243015,55.772505,1800,20,True
catchment,24.267339,54.463504,1800,2,False
catchment,24.267339,54.494313,1800,0,False
catchment,24.267339,54.525123,1800,0,False
catchment,24.267339,54.555933,1800,0,False
catchment,24.267339,54.586742,1800,4,False
catchment,24.267339,54.617552,1800,13,False
catchment,24.267339,54.648362,1800,20,True
catchment,24.267339,54.679172,1800,3,False
catchment,24.267339,54.709981,1800,4,False
catchment,24.267339,54.740791,1800,0,False
catchment,24.267339,55.603463,1800,0,False
catchment,24.267339,55.634273,1800,0,False
catchment,24.267339,55.665083,1800,0,False
catchment,24.267339,55.695893,1800,3,False
catchment,24.267339,55.726702,1800,20,True
catchment,24.267339,55.757512,1800,20,True
catchment,24.291664,54.479074,1800,0,False
catchment,24.291664,54.509889,1800,0,False
catchment,24.291664,54.540705,1800,0,False
catchment,24.291664,54.571521,1800,14,False
catchment,24.291664,54.602336,1800,5,False
catchment,24.291664,54.633152,1800,20,True
catchment,24.291664,54.663967,1800,3,False
catchment,24.291664,54.694783,1800,0,False
catchment,24.291664,54.725599,1800,0,False
catchment,24.291664,55.619252,1800,0,False
catchment,24.291664,55.650068,1800,0,False
catchment,24.291664,55.680883,1800,0,False
catchment,24.291664,55.711699,1800,0,False
catchment,24.291664,55.742514,1800,2,False
catchment,24.291664,55.77333,1800,8,False
catchment,24.315988,54.49465,1800,2,False
catchment,24.315988,54.525471,1800,20,True
catchment,24.315988,54.556293,1800,10,False
catchment,24.315988,54.587114,1800,1,False
catchment,24.315988,54.617936,1800,20,True
catchment,24.315988,54.648758,1800,20,True
catchment,24.315988,54.679579,1800,1,False
catchment,24.315988,54.710401,1800,1,False
catchment,24.315988,54.741222,1800,3,False
catchment,24.315988,55.635047,1800,0,False
catchment,24.315988,55.727511,1800,0,False
catchment,24.315988,55.758333,1800,0,False
catchment,24.340312,54.479405,1800,20,True
catchment,24.340312,54.510232,1800,20,True
catchment,24.340312,54.54106,1800,20,True
catchment,24.340312,54.571887,1800,2,False
catchment,24.340312,54.602715,1800,0,False
catchment,24.340312,54.633542,1800,14,False
catchment,24.340312,54.664369,1800,3,False
catchment,24.340312,54.695197,1800,6,False
catchment,24.340312,54.726024,1800,0,False
catchment,24.340312,55.74333,1800,0,False
catchment,24.340312,55.774158,1800,1,False
catchment,24.364637,54.464154,1800,6,False
catchment,24.364637,54.494987,1800,20,True
catchment,24.364637,54.525821,1800,20,True
catchment,24.364637,54.556654,1800,9,False
catchment,24.364637,54.587487,1800,2,False
catchment,24.364637,54.618321,1800,16,False
catchment,24.364637,54.649154,1800,17,False
catchment,24.364637,54.679988,1800,2,False
catchment,24.364637,54.710821,1800,11,False
catchment,24.364637,54.741654,1800,15,False
catchment,24.364637,54.772488,1800,3,False
catchment,24.364637,55.789989,1800,0,False
catchment,24.388961,54.448897,1800,0,False
catchment,24.388961,54.479737,1800,14,False
catchment,24.388961,54.510576,1800,20,True
catchment,24.388961,54.541415,1800,5,False
catchment,24.388961,54.572255,1800,20,True
catchment,24.388961,54.603094,1800,0,False
catchment,24.388961,54.633933,1800,2,False
catchment,24.388961,54.664773,1800,3,False
catchment,24.388961,54.695612,1800,3,False
catchment,24.388961,54.726451,1800,20,True
catchment,24.388961,54.75729,1800,5,False
catchment,24.388961,54.78813,1800,0,False
catchment,24.388961,54.849808,1800,0,False
catchment,24.413285,54.341099,1800,0,False
catchment,24.413285,54.371945,1800,1,False
catchment,24.413285,54.40279,1800,9,False
catchment,24.413285,54.433635,1800,13,False
catchment,24.413285,54.46448,1800,20,True
catchment,24.413285,54.495326,1800,20,True
catchment,24.413285,54.526171,1800,16,False
catchment,24.413285,54.557016,1800,20,True
catchment,24.413285,54.587861,1800,20,True
catchment,24.413285,54.618707,1800,5,False
catchment,24.413285,54.649552,1800,0,False
catchment,24.413285,54.680397,1800,0,False
catchment,24.413285,54.711242,1800,20,True
catchment,24.413285,54.742088,1800,20,True
catchment,24.413285,54.772933,1800,2,False
catchment,24.413285,54.803778,1800,0,False
catchment,24.413285,54.834623,1800,0,False
catchment,24.413285,54.865469,1800,0,False
catchment,24.43761,54.325814,1800,6,False
catchment,24.43761,54.356665,1800,7,False
catchment,24.43761,54.387516,1800,20,True
catchment,24.43761,54.418367,1800,20,True
catchment,24.43761,54.449218,1800,20,True
catchment,24.43761,54.48007,1800,6,False
catchment,24.43761,54.510921,1800,0,False
catchment,24.43761,54.541772,1800,3,False
catchment,24.43761,54.572623,1800,20,True
catchment,24.43761,54.603474,1800,20,True
catchment,24.43761,54.634326,1800,8,False
catchment,24.43761,54.665177,1800,0,False
catchment,24.43761,54.696028,1800,2,False
catchment,24.43761,54.726879,1800,20,True
catchment,24.43761,54.75773,1800,2,False
catchment,24.43761,54.788582,1800,0,False
catchment,24.43761,54.819433,1800,0,False
catchment,24.43761,54.850284,1800,0,False
catchment,24.43761,54.881135,1800,0,False
catchment,24.43761,54.911986,1800,0,False
catchment,24.461934,54.310522,1800,20,True
catchment,24.461934,54.341379,1800,20,True
catchment,24.461934,54.372236,1800,20,True
catchment,24.461934,54.403093,1800,20,True
catchment,24.461934,54.433951,1800,2,False
catchment,24.461934,54.464808,1800,0,False
catchment,24.461934,54.495665,1800,0,False
catchment,24.461934,54.526522,1800,0,False
catchment,24.461934,54.588236,1800,14,False
catchment,24.461934,54.619094,1800,20,True
catchment,24.461934,54.649951,1800,1,False
catchment,24.461934,54.680808,1800,6,False
catchment,24.461934,54.711665,1800,6,False
catchment,24.461934,54.742522,1800,6,False
catchment,24.461934,54.773379,1800,0,False
catchment,24.461934,54.835094,1800,0,False
catchment,24.486258,54.295225,1800,0,False
catchment,24.486258,54.326088,1800,18,False
catchment,24.486258,54.356951,1800,20,True
catchment,24.486258,54.387814,1800,20,True
catchment,24.486258,54.418677,1800,20,True
catchment,24.486258,54.44954,1800,0,False
catchment,24.486258,54.511266,1800,0,False
catchment,24.486258,54.572993,1800,3,False
catchment,24.486258,54.603856,1800,20,True
catchment,24.486258,54.634719,1800,4,False
catchment,24.486258,54.665582,1800,0,False
catchment,24.486258,54.696445,1800,0,False
catchment,24.486258,54.758171,1800,0,False
catchment,24.510583,54.372529,1800,20,True
catchment,24.510583,54.403398,1800,20,True
catchment,24.510583,54.434267,1800,8,False
catchment,24.510583,54.465136,1800,1,False
catchment,24.510583,54.496005,1800,0,False
catchment,24.510583,54.526874,1800,0,False
catchment,24.510583,54.557743,1800,0,False
catchment,24.510583,54.588612,1800,7,False
catchment,24.510583,54.619481,1800,5,False
catchment,24.510583,54.65035,1800,4,False
catchment,24.510583,54.68122,1800,20,True
catchment,24.510583,54.742958,1800,0,False
catchment,24.534907,54.357238,1800,0,False
catchment,24.534907,54.388113,1800,0,False
catchment,24.534907,54.418988,1800,9,False
catchment,24.534907,54.449863,1800,2,False
catchment,24.534907,54.480738,1800,0,False
catchment,24.534907,54.511613,1800,0,False
catchment,24.534907,54.542488,1800,0,False
catchment,24.534907,54.604238,1800,0,False
catchment,24.534907,54.635113,1800,4,False
catchment,24.534907,54.665988,1800,20,True
catchment,24.534907,54.696863,1800,20,True
catchment,24.534907,54.727738,1800,0,False
catchment,24.534907,54.758614,1800,0,False
catchment,24.559231,54.434584,1800,5,False
catchment,24.559231,54.465465,1800,8,False
catchment,24.559231,54.496346,1800,0,False
catchment,24.559231,54.61987,1800,1,False
catchment,24.559231,54.650751,1800,5,False
catchment,24.559231,54.681632,1800,20,True
catchment,24.559231,54.712513,1800,0,False
catchment,24.559231,54.743395,1800,0,False
catchment,24.559231,54.774276,1800,0,False
catchment,24.559231,54.805157,1800,0,False
catchment,24.583556,54.635509,1800,5,False
catchment,24.583556,54.666396,1800,4,False
catchment,24.583556,54.697283,1800,10,False
catchment,24.583556,54.72817,1800,0,False
catchment,24.583556,54.759057,1800,0,False
catchment,24.60788,54.651153,1800,2,False
catchment,24.60788,54.682046,1800,5,False
catchment,24.60788,54.712939,1800,13,False
catchment,24.60788,54.743832,1800,0,False
catchment,24.60788,54.774725,1800,0,False
catchment,24.632204,54.697703,1800,5,False
catchment,24.632204,54.728602,1800,10,False
catchment,24.632204,54.759501,1800,0,False
catchment,24.656529,54.744272,1800,2,False
catchment,24.680853,54.759947,1800,8,False
catchment,24.924096,55.102883,1800,0,False
catchment,24.924096,55.133855,1800,0,False
catchment,24.94842,55.087688,1800,4,False
catchment,24.94842,55.118665,1800,1,False
catchment,24.94842,55.149643,1800,1,False
catchment,24.94842,55.180621,1800,0,False
catchment,24.94842,55.211599,1800,11,False
catchment,24.94842,55.242577,1800,4,False
catchment,24.972745,55.072486,1800,3,False
catchment,24.972745,55.10347,1800,3,False
catchment,24.972745,55.134454,1800,10,False
catchment,24.972745,55.165438,1800,20,True
catchment,24.972745,55.196422,1800,20,True
catchment,24.972745,55.227407,1800,0,False
catchment,24.972745,55.258391,1800,0,False
catchment,24.972745,55.320359,1800,0,False
catchment,24.997069,55.088269,1800,3,False
catchment,24.997069,55.11926,1800,12,False
catchment,24.997069,55.15025,1800,20,True
catchment,24.997069,55.18124,1800,20,True
catchment,24.997069,55.21223,1800,5,False
catchment,24.997069,55.24322,1800,4,False
catchment,24.997069,55.274211,1800,0,False
catchment,24.997069,55.305201,1800,12,False
catchment,24.997069,55.336191,1800,0,False
catchment,25.021393,55.073063,1800,0,False
catchment,25.021393,55.104059,1800,13,False
catchment,25.021393,55.135056,1800,20,True
catchment,25.021393,55.166052,1800,20,True
catchment,25.021393,55.197048,1800,20,True
catchment,25.021393,55.228044,1800,12,False
catchment,25.021393,55.259041,1800,18,False
catchment,25.021393,55.290037,1800,13,False
catchment,25.021393,55.321033,1800,0,False
catchment,25.021393,56.312916,1800,1,False
catchment,25.045718,55.088853,1800,0,False
catchment,25.045718,55.119855,1800,20,True
catchment,25.045718,55.150858,1800,20,True
catchment,25.045718,55.18186,1800,20,True
catchment,25.045718,55.212863,1800,20,True
catchment,25.045718,55.243865,1800,20,True
catchment,25.045718,55.274868,1800,14,False
catchment,25.045718,55.30587,1800,1,False
catchment,25.045718,55.42988,1800,1,False
catchment,25.045718,56.297949,1800,0,False
catchment,25.045718,56.328952,1800,2,False
catchment,25.045718,56.359954,1800,20,True
catchment,25.070042,55.10465,1800,0,False
catchment,25.070042,55.135658,1800,20,True
catchment,25.070042,55.166667,1800,20,True
catchment,25.070042,55.197675,1800,20,True
catchment,25.070042,55.228684,1800,20,True
catchment,25.070042,55.259693,1800,20,True
catchment,25.070042,55.290701,1800,7,False
catchment,25.070042,55.32171,1800,7,False
catchment,25.070042,55.352719,1800,5,False
catchment,25.070042,55.383727,1800,2,False
catchment,25.070042,55.414736,1800,2,False
catchment,25.070042,56.251968,1800,0,False
catchment,25.070042,56.282977,1800,4,False
catchment,25.070042,56.313986,1800,2,False
catchment,25.070042,56.344994,1800,12,False
catchment,25.070042,56.376003,1800,0,False
catchment,25.094366,55.120453,1800,7,False
catchment,25.094366,55.151468,1800,20,True
catchment,25.094366,55.182482,1800,20,True
catchment,25.094366,55.213497,1800,20,True
catchment,25.094366,55.244512,1800,20,True
catchment,25.094366,55.275527,1800,0,False
catchment,25.094366,55.306542,1800,20,True
catchment,25.094366,55.337556,1800,6,False
catchment,25.094366,55.368571,1800,20,True
catchment,25.094366,55.399586,1800,14,False
catchment,25.094366,55.430601,1800,0,False
catchment,25.094366,56.236985,1800,0,False
catchment,25.094366,56.268,1800,4,False
catchment,25.094366,56.299014,1800,19,False
catchment,25.094366,56.330029,1800,1,False
catchment,25.094366,56.361044,1800,19,False
catchment,25.118691,55.136263,1800,20,True
catchment,25.118691,55.167284,1800,20,True
catchment,25.118691,55.198304,1800,20,True
catchment,25.118691,55.229325,1800,20,True
catchment,25.118691,55.260346,1800,19,False
catchment,25.118691,55.291367,1800,0,False
catchment,25.118691,55.322388,1800,0,False
catchment,25.118691,55.353409,1800,13,False
catchment,25.118691,55.38443,1800,20,True
catchment,25.118691,55.415451,1800,18,False
catchment,25.118691,55.446472,1800,0,False
catchment,25.118691,56.221996,1800,0,False
catchment,25.118691,56.253017,1800,0,False
catchment,25.118691,56.284038,1800,3,False
catchment,25.118691,56.315059,1800,20,True
catchment,25.118691,56.34608,1800,20,True
catchment,25.118691,56.377101,1800,0,False
catchment,25.143015,55.183106,1800,20,True
catchment,25.143015,55.214133,1800,20,True
catchment,25.143015,55.24516,1800,20,True
catchment,25.143015,55.276187,1800,7,False
catchment,25.143015,55.307215,1800,11,False
catchment,25.143015,55.338242,1800,9,False
catchment,25.143015,55.369269,1800,11,False
catchment,25.143015,55.400296,1800,20,True
catchment,25.143015,55.431323,1800,0,False
catchment,25.143015,55.46235,1800,5,False
catchment,25.143015,56.175974,1800,0,False
catchment,25.143015,56.207001,1800,0,False
catchment,25.143015,56.238028,1800,4,False
catchment,25.143015,56.269055,1800,0,False
catchment,25.143015,56.300083,1800,0,False
catchment,25.143015,56.33111,1800,20,True
catchment,25.143015,56.362137,1800,20,True
catchment,25.167339,55.198935,1800,20,True
catchment,25.167339,55.229968,1800,20,True
catchment,25.167339,55.261002,1800,20,True
catchment,25.167339,55.292035,1800,20,True
catchment,25.167339,55.323068,1800,20,True
catchment,25.167339,55.354102,1800,11,False
catchment,25.167339,55.385135,1800,20,True
catchment,25.167339,55.416168,1800,20,True
catchment,25.167339,55.447202,1800,3,False
catchment,25.167339,55.478235,1800,4,False
catchment,25.167339,55.509268,1800,1,False
catchment,25.167339,55.540302,1800,7,False
catchment,25.167339,56.129935,1800,0,False
catchment,25.167339,56.160968,1800,0,False
catchment,25.167339,56.192001,1800,0,False
catchment,25.167339,56.223034,1800,0,False
catchment,25.167339,56.254068,1800,0,False
catchment,25.167339,56.285101,1800,0,False
catchment,25.167339,56.316134,1800,3,False
catchment,25.167339,56.347168,1800,20,True
catchment,25.167339,56.378201,1800,0,False
catchment,25.191664,55.214771,1800,20,True
catchment,25.191664,55.24581,1800,20,True
catchment,25.191664,55.27685,1800,20,True
catchment,25.191664,55.307889,1800,20,True
catchment,25.191664,55.338929,1800,19,False
catchment,25.191664,55.369968,1800,20,True
catchment,25.191664,55.401008,1800,20,True
catchment,25.191664,55.432047,1800,19,False
catchment,25.191664,55.463087,1800,0,False
catchment,25.191664,55.494126,1800,0,False
catchment,25.191664,55.525166,1800,0,False
catchment,25.191664,55.556205,1800,4,False
catchment,25.191664,56.239075,1800,2,False
catchment,25.191664,56.301154,1800,0,False
catchment,25.191664,56.332193,1800,0,False
catchment,25.191664,56.363233,1800,0,False
catchment,25.215988,55.230613,1800,10,False
catchment,25.215988,55.261659,1800,20,True
catchment,25.215988,55.292704,1800,20,True
catchment,25.215988,55.32375,1800,20,True
catchment,25.215988,55.354796,1800,20,True
catchment,25.215988,55.385842,1800,20,True
catchment,25.215988,55.416887,1800,20,True
catchment,25.215988,55.447933,1800,20,True
catchment,25.215988,55.478979,1800,3,False
catchment,25.215988,55.510024,1800,13,False
catchment,25.215988,55.54107,1800,0,False
catchment,25.215988,56.348259,1800,0,False
catchment,25.240312,55.246462,1800,4,False
catchment,25.240312,55.277514,1800,20,True
catchment,25.240312,55.308566,1800,20,True
catchment,25.240312,55.339618,1800,20,True
catchment,25.240312,55.37067,1800,18,False
catchment,25.240312,55.401722,1800,20,True
catchment,25.240312,55.432773,1800,20,True
catchment,25.240312,55.463825,1800,20,True
catchment,25.240312,55.494877,1800,9,False
catchment,25.240312,55.525929,1800,20,True
catchment,25.240312,55.556981,1800,20,True
catchment,25.264637,55.262317,1800,3,False
catchment,25.264637,55.293376,1800,20,True
catchment,25.264637,55.324434,1800,20,True
catchment,25.264637,55.355492,1800,20,True
catchment,25.264637,55.38655,1800,20,True
catchment,25.264637,55.417608,1800,20,True
catchment,25.264637,55.448666,1800,20,True
catchment,25.264637,55.479724,1800,13,False
catchment,25.264637,55.510783,1800,16,False
catchment,25.264637,55.541841,1800,20,True
catchment,25.264637,55.572899,1800,12,False
catchment,25.264637,55.603957,1800,0,False
catchment,25.288961,55.309244,1800,20,True
catchment,25.288961,55.340308,1800,20,True
catchment,25.288961,55.371373,1800,20,True
catchment,25.288961,55.402437,1800,20,True
catchment,25.288961,55.433502,1800,20,True
catchment,25.288961,55.464566,1800,20,True
catchment,25.288961,55.49563,1800,10,False
catchment,25.288961,55.526695,1800,3,False
catchment,25.288961,55.557759,1800,0,False
catchment,25.288961,55.588823,1800,2,False
catchment,25.288961,55.619888,1800,5,False
catchment,25.288961,55.650952,1800,1,False
catchment,25.313285,55.35619,1800,20,True
catchment,25.313285,55.38726,1800,20,True
catchment,25.313285,55.418331,1800,20,True
catchment,25.313285,55.449402,1800,20,True
catchment,25.313285,55.480472,1800,20,True
catchment,25.313285,55.511543,1800,4,False
catchment,25.313285,55.542613,1800,5,False
catchment,25.313285,55.573684,1800,6,False
catchment,25.313285,55.604755,1800,9,False
catchment,25.33761,55.372078,1800,20,True
catchment,25.33761,55.403155,1800,20,True
catchment,25.33761,55.434231,1800,20,True
catchment,25.33761,55.465308,1800,20,True
catchment,25.33761,55.496385,1800,3,False
catchment,25.33761,55.527462,1800,0,False
catchment,25.33761,55.558539,1800,3,False
catchment,25.33761,55.589616,1800,5,False
catchment,25.361934,55.356889,1800,0,False
catchment,25.361934,55.387973,1800,20,True
catchment,25.361934,55.419056,1800,20,True
catchment,25.361934,55.450139,1800,20,True
catchment,25.361934,55.481222,1800,20,True
catchment,25.361934,55.512305,1800,20,True
catchment,25.361934,55.543388,1800,4,False
catchment,25.361934,55.574471,1800,20,True
catchment,25.386258,55.403874,1800,20,True
catchment,25.386258,55.434963,1800,20,True
catchment,25.386258,55.466053,1800,20,True
catchment,25.386258,55.497142,1800,20,True
catchment,25.386258,55.528231,1800,20,True
catchment,25.410583,55.450878,1800,20,True
catchment,25.410583,55.481973,1800,20,True
catchment,25.410583,55.513069,1800,20,True
catchment,25.434907,55.497901,1800,20,True
catchment,25.653826,55.859666,1800,1,False
catchment,25.653826,55.890824,1800,0,False
catchment,25.653826,55.953142,1800,0,False
catchment,25.653826,55.984301,1800,1,False
catchment,25.67815,55.782211,1800,12,False
catchment,25.67815,55.813376,1800,5,False
catchment,25.67815,55.844541,1800,0,False
catchment,25.67815,55.875706,1800,3,False
catchment,25.67815,55.906871,1800,0,False
catchment,25.67815,55.938036,1800,0,False
catchment,25.67815,55.969201,1800,20,True
catchment,25.67815,56.000366,1800,2,False
catchment,25.702474,55.798239,1800,20,True
catchment,25.702474,55.82941,1800,19,False
catchment,25.702474,55.860582,1800,13,False
catchment,25.702474,55.891753,1800,7,False
catchment,25.702474,55.922925,1800,14,False
catchment,25.702474,55.954096,1800,8,False
catchment,25.702474,55.985268,1800,7,False
catchment,25.702474,56.016439,1800,0,False
catchment,25.726799,55.814274,1800,2,False
catchment,25.726799,55.845452,1800,17,False
catchment,25.726799,55.87663,1800,3,False
catchment,25.726799,55.907807,1800,20,True
catchment,25.726799,55.938985,1800,16,False
catchment,25.726799,55.970163,1800,20,True
catchment,25.726799,56.001341,1800,2,False
catchment,25.751123,55.892684,1800,20,True
catchment,25.751123,55.923869,1800,20,True
catchment,25.751123,55.955053,1800,9,False
catchment,25.751123,55.986237,1800,4,False
catchment,25.751123,56.017421,1800,0,False
catchment,25.775447,55.908746,1800,8,False
catchment,25.775447,55.939937,1800,20,True
catchment,25.775447,55.971127,1800,20,True
catchment,25.775447,56.002318,1800,11,False
catchment,25.775447,56.033509,1800,0,False
catchment,25.799772,55.924815,1800,2,False
catchment,25.799772,55.956012,1800,20,True
catchment,25.799772,55.987209,1800,20,True
catchment,25.824096,55.972094,1800,20,True
catchment,25.824096,56.003298,1800,20,True
growth,24.02917,55.836576,1800,4,False
growth,24.02917,55.867328,1800,0,False
growth,24.053494,52.653709,1800,6,False
growth,24.053494,55.821802,1800,0,False
growth,24.053494,55.852561,1800,2,False
growth,24.077819,52.63833,1800,13,False
growth,24.077819,52.669094,1800,6,False
growth,24.077819,55.714732,1800,2,False
growth,24.077819,55.837788,1800,11,False
growth,24.077819,55.868552,1800,6,False
growth,24.077819,55.899316,1800,0,False
growth,24.077819,55.93008,1800,0,False
growth,24.102143,52.653715,1800,5,False
growth,24.102143,52.684485,1800,0,False
growth,24.102143,55.669161,1800,0,False
growth,24.102143,55.699931,1800,11,False
growth,24.102143,55.730701,1800,3,False
growth,24.102143,55.823011,1800,2,False
growth,24.102143,55.85378,1800,4,False
growth,24.102143,55.88455,1800,2,False
growth,24.102143,55.91532,1800,5,False
growth,24.126467,55.685125,1800,6,False
growth,24.126467,55.715901,1800,20,True
growth,24.150792,55.670314,1800,2,False
growth,24.150792,55.701096,1800,20,True
growth,24.175116,55.74786,1800,20,True
growth,24.175116,55.778648,1800,18,False
growth,24.175116,55.809435,1800,9,False
growth,24.19944,55.733057,1800,20,True
growth,24.19944,55.76385,1800,20,True
growth,24.19944,55.794643,1800,11,False
growth,24.19944,55.825436,1800,0,False
growth,24.223765,55.564252,1800,20,True
growth,24.223765,55.595051,1800,4,False
growth,24.223765,55.749047,1800,20,True
growth,24.223765,55.779846,1800,20,True
growth,24.223765,55.810645,1800,6,False
growth,24.248089,55.549409,1800,0,False
growth,24.248089,55.580214,1800,2,False
growth,24.248089,55.734239,1800,20,True
growth,24.248089,55.765044,1800,20,True
growth,24.272413,55.750237,1800,12,False
growth,24.272413,55.781048,1800,20,True
growth,24.296738,55.735425,1800,1,False
growth,24.296738,55.766241,1800,6,False
growth,24.321062,55.75143,1800,0,False
growth,24.321062,55.782253,1800,0,False
growth,24.321062,55.813075,1800,2,False
growth,24.345386,55.767442,1800,1,False
growth,24.345386,55.798271,1800,11,False
growth,24.637278,54.724102,1800,9,False
growth,24.637278,54.755002,1800,0,False
growth,24.661602,54.709055,1800,0,False
growth,24.661602,54.739961,1800,2,False
growth,24.661602,54.770867,1800,15,False
growth,24.685927,54.755827,1800,2,False
growth,24.685927,54.78674,1800,5,False
growth,24.783224,56.087756,1800,0,False
growth,24.783224,56.118693,1800,2,False
growth,24.783224,56.14963,1800,0,False
growth,24.807548,56.072962,1800,2,False
growth,24.807548,56.103904,1800,10,False
growth,24.807548,56.134847,1800,7,False
growth,24.831873,56.027213,1800,1,False
growth,24.831873,56.058162,1800,17,False
growth,24.831873,56.08911,1800,3,False
growth,24.831873,56.120059,1800,4,False
growth,24.831873,56.151008,1800,0,False
growth,24.856197,55.114713,1800,0,False
growth,24.856197,55.145668,1800,3,False
growth,24.856197,56.012402,1800,0,False
growth,24.856197,56.043357,1800,8,False
growth,24.856197,56.074311,1800,0,False
growth,24.880521,55.09972,1800,0,False
growth,24.880521,55.130681,1800,0,False
growth,24.880521,55.161642,1800,0,False
growth,24.904846,54.99182,1800,0,False
growth,24.904846,55.022787,1800,0,False
growth,24.904846,55.084721,1800,0,False
growth,24.904846,55.115688,1800,0,False
growth,24.904846,55.146655,1800,0,False
growth,24.92917,55.007771,1800,0,False
growth,24.92917,55.038744,1800,0,False
growth,24.92917,55.069717,1800,0,False
growth,24.92917,55.441394,1800,0,False
growth,24.92917,55.472367,1800,13,False
growth,24.92917,55.503341,1800,0,False
growth,24.92917,55.534314,1800,0,False
growth,24.953494,55.023729,1800,0,False
growth,24.953494,55.054708,1800,6,False
growth,24.953494,55.085687,1800,5,False
growth,24.953494,55.178625,1800,0,False
growth,24.953494,55.457437,1800,0,False
growth,24.953494,55.488417,1800,3,False
growth,24.953494,55.519396,1800,1,False
growth,24.953494,55.767229,1800,0,False
growth,24.953494,55.798209,1800,0,False
growth,24.977819,55.163634,1800,20,True
growth,24.977819,55.194619,1800,20,True
growth,24.977819,55.225605,1800,0,False
growth,24.977819,55.25659,1800,0,False
growth,24.977819,55.473487,1800,0,False
growth,24.977819,55.504473,1800,0,False
growth,24.977819,55.752355,1800,0,False
growth,24.977819,55.783341,1800,5,False
growth,24.977819,55.814326,1800,0,False
growth,24.977819,56.310091,1800,0,False
growth,24.977819,56.341077,1800,0,False
growth,25.002143,55.17963,1800,20,True
growth,25.002143,55.241613,1800,6,False
growth,25.002143,55.272604,1800,1,False
growth,25.002143,55.768467,1800,0,False
growth,25.002143,55.799459,1800,2,False
growth,25.002143,56.326314,1800,0,False
growth,25.002143,56.357305,1800,1,False
growth,25.026467,56.311545,1800,1,False
growth,25.026467,56.342543,1800,15,False
growth,25.026467,56.373541,1800,9,False
growth,25.050792,56.327776,1800,3,False
growth,25.050792,56.35878,1800,20,True
growth,25.050792,56.389783,1800,0,False
growth,25.075116,55.103617,1800,0,False
growth,25.075116,55.134627,1800,20,True
growth,25.075116,55.165637,1800,20,True
growth,25.075116,55.289677,1800,6,False
growth,25.075116,55.320687,1800,20,True
growth,25.075116,55.351696,1800,5,False
growth,25.09944,55.119615,1800,8,False
growth,25.09944,55.150631,1800,20,True
growth,25.09944,55.181647,1800,20,True
growth,25.09944,55.274696,1800,0,False
growth,25.09944,55.305712,1800,20,True
growth,25.09944,55.336728,1800,6,False
growth,25.09944,55.367744,1800,20,True
growth,25.123765,55.104598,1800,9,False
growth,25.123765,55.13562,1800,20,True
growth,25.123765,55.166642,1800,7,False
growth,25.123765,55.290731,1800,0,False
growth,25.123765,55.321754,1800,0,False
growth,25.123765,55.880154,1800,4,False
growth,25.123765,55.911176,1800,4,False
growth,25.148089,55.492944,1800,0,False
growth,25.148089,55.523973,1800,1,False
growth,25.148089,55.555001,1800,0,False
growth,25.148089,55.865286,1800,0,False
growth,25.148089,55.896314,1800,8,False
growth,25.172413,55.509031,1800,0,False
growth,25.172413,55.540066,1800,9,False
growth,25.172413,55.5711,1800,2,False
growth,25.196738,55.245757,1800,20,True
growth,25.196738,55.525125,1800,0,False
growth,25.196738,55.556165,1800,0,False
growth,25.196738,55.587206,1800,0,False
growth,25.196738,55.618247,1800,0,False
growth,25.196738,55.649288,1800,1,False
growth,25.221062,55.230755,1800,1,False
growth,25.221062,55.261802,1800,20,True
growth,25.221062,55.603319,1800,4,False
growth,25.221062,55.634366,1800,1,False
growth,25.221062,55.913789,1800,1,False
growth,25.245386,55.588386,1800,20,True
growth,25.245386,55.619439,1800,0,False
growth,25.245386,55.867865,1800,0,False
growth,25.245386,55.898918,1800,1,False
growth,25.245386,55.929971,1800,0,False
growth,25.269711,55.324972,1800,20,True
growth,25.269711,55.356031,1800,20,True
growth,25.269711,55.852982,1800,4,False
growth,25.269711,55.884041,1800,20,True
growth,25.269711,55.915101,1800,0,False
growth,25.269711,55.94616,1800,0,False
growth,25.269711,55.97722,1800,0,False
growth,25.269711,56.008279,1800,0,False
growth,25.269711,56.349933,1800,20,True
growth,25.269711,56.380992,1800,0,False
growth,25.294035,55.309977,1800,20,True
growth,25.294035,55.341043,1800,20,True
growth,25.294035,55.372109,1800,20,True
growth,25.294035,55.558503,1800,2,False
growth,25.294035,55.589568,1800,7,False
growth,25.294035,55.620634,1800,16,False
growth,25.294035,55.6517,1800,1,False
growth,25.294035,55.869159,1800,20,True
growth,25.294035,55.900225,1800,9,False
growth,25.294035,55.931291,1800,3,False
growth,25.294035,55.962356,1800,0,False
growth,25.294035,55.993422,1800,0,False
growth,25.294035,56.024488,1800,5,False
growth,25.294035,56.335144,1800,1,False
growth,25.294035,56.36621,1800,20,True
growth,25.318359,55.32605,1800,1,False
growth,25.318359,55.357122,1800,20,True
growth,25.318359,55.388194,1800,20,True
growth,25.318359,55.574625,1800,4,False
growth,25.318359,55.605697,1800,10,False
growth,25.318359,55.636769,1800,20,True
growth,25.318359,55.667841,1800,1,False
growth,25.318359,55.854272,1800,1,False
growth,25.318359,55.885344,1800,0,False
growth,25.318359,55.916416,1800,0,False
growth,25.318359,55.947488,1800,1,False
growth,25.318359,56.009632,1800,5,False
growth,25.318359,56.040704,1800,1,False
growth,25.318359,56.351423,1800,14,False
growth,25.342684,55.342129,1800,0,False
growth,25.342684,55.373207,1800,20,True
growth,25.342684,55.528598,1800,0,False
growth,25.342684,55.559676,1800,2,False
growth,25.342684,55.590754,1800,5,False
growth,25.342684,55.621832,1800,8,False
growth,25.342684,55.65291,1800,2,False
growth,25.342684,55.99477,1800,0,False
growth,25.342684,56.025848,1800,2,False
growth,25.342684,56.33663,1800,20,True
growth,25.342684,56.367708,1800,20,True
growth,25.367008,55.482553,1800,20,True
growth,25.367008,55.513637,1800,20,True
growth,25.367008,55.544722,1800,8,False
growth,25.367008,55.575806,1800,20,True
growth,25.367008,55.60689,1800,6,False
growth,25.367008,55.637975,1800,4,False
growth,25.367008,56.321832,1800,0,False
growth,25.367008,56.352916,1800,15,False
growth,25.391332,55.405399,1800,20,True
growth,25.391332,55.43649,1800,20,True
growth,25.391332,55.46758,1800,20,True
growth,25.391332,55.498671,1800,20,True
growth,25.391332,55.529762,1800,20,True
growth,25.391332,55.560852,1800,20,True
growth,25.391332,55.591943,1800,20,True
growth,25.391332,55.623034,1800,7,False
growth,25.391332,55.654124,1800,0,False
growth,25.391332,56.338119,1800,20,True
growth,25.391332,56.36921,1800,4,False
growth,25.415656,55.421505,1800,20,True
growth,25.415656,55.452602,1800,20,True
growth,25.415656,55.483699,1800,20,True
growth,25.415656,55.514796,1800,20,True
growth,25.415656,55.545893,1800,20,True
growth,25.415656,55.57699,1800,14,False
growth,25.415656,55.608087,1800,8,False
growth,25.415656,55.639184,1800,2,False
growth,25.415656,56.323316,1800,0,False
growth,25.415656,56.354413,1800,20,True
growth,25.415656,56.38551,1800,0,False
growth,25.439981,55.437619,1800,0,False
growth,25.439981,55.468722,1800,0,False
growth,25.439981,55.499825,1800,18,False
growth,25.439981,55.530928,1800,20,True
growth,25.439981,55.562032,1800,12,False
growth,25.439981,55.593135,1800,0,False
growth,25.439981,56.339612,1800,13,False
growth,25.439981,56.370715,1800,0,False
growth,25.464305,55.484849,1800,0,False
growth,25.464305,55.515958,1800,2,False
growth,25.464305,55.547068,1800,0,False
growth,25.464305,55.578177,1800,10,False
growth,25.464305,56.355915,1800,0,False
growth,25.488629,55.500983,1800,0,False
growth,25.488629,55.532098,1800,6,False
growth,25.488629,55.563214,1800,20,True
growth,25.488629,55.59433,1800,20,True
growth,25.512954,55.548245,1800,20,True
growth,25.512954,55.579367,1800,20,True
growth,25.512954,55.61049,1800,1,False
growth,25.537278,55.533271,1800,13,False
growth,25.537278,55.5644,1800,2,False
growth,25.561602,55.549426,1800,20,True
growth,25.585927,56.250691,1800,20,True
growth,25.585927,56.281832,1800,20,True
growth,25.610251,56.267,1800,20,True
growth,25.634575,56.252162,1800,4,False
growth,25.634575,56.283315,1800,3,False
growth,25.756197,55.990777,1800,4,False
growth,25.756197,56.021963,1800,0,False
growth,25.780521,56.00706,1800,10,False
growth,25.804846,55.992152,1800,20,True
growth,25.804846,56.023351,1800,2,False
growth,25.82917,55.977239,1800,20,True
growth,25.82917,56.008444,1800,20,True
growth,25.853494,55.993531,1800,15,False
growth,25.853494,56.024742,1800,14,False
